Workbook

Sheet Weekly Totals
C1: ALP | E1: LEADERSHIP ALP | F1: Appts | G1: Pres | H1: Sales | I1: POS SITS | J1: POS SA | K1: VET SITS | L1: VET SA | M1: REF OBT | N1: REF SITS | O1: REF SA | P1: OTS SITS | Q1: OTS SA | R1: N1
B2: GOJCAJ RGA | C2: =SUM(C5,C20,C23,C26,C29,C32) -> 55124.44 | E2: =SUM(E5,E20,E23,E26,E29,E32) -> 39695.44 | F2: =SUM(F5,F20,F23,F26,F29,F32) -> 167 | G2: =SUM(G5,G20,G23,G26,G29,G32) -> 97 | H2: =SUM(H5,H20,H23,H26,H29,H32) -> 36 | I2: =SUM(I5,I20,I23,I26,I29,I32) -> 20 | J2: =SUM(J5,J20,J23,J26,J29,J32) -> 9 | K2: =SUM(K5,K20,K23,K26,K29,K32) -> 26 | L2: =SUM(L5,L20,L23,L26,L29,L32) -> 9 | ... R2: =SUM(R5,R20,R23,R26,R29,R32) -> 11
C3: # of Agents | E3: ALP per sale | F3: Show Rate | G3: Close Ratio | H3: ALP/Agent | J3: POS Close | L3: VET Close | M3: REF Per Sit | O3: REF Close | Q3: OTS Close
C4: =SUM(C7,C25,C22,C28,C31,C34) -> 63 | E4: =IFERROR(C2/H2,0) -> 1531.2344 | F4: =IFERROR((G2+R2)/F2,0) -> 0.64670659 | G4: =IFERROR(H2/G2,0) -> 0.37113402 | H4: =(C2/C4) -> 874.99111 | J4: =IFERROR(J2/I2,0) -> 0.45 | L4: =IFERROR(L2/K2,0) -> 0.34615385 | M4: =IFERROR(M2/G2,0) -> 0 | O4: =IFERROR(O2/N2,0) -> 0.41666667 | Q4: =IFERROR(Q2/P2,0) -> 1.6774194
B5: Joseph Gojcaj | C5: =SUMIF(A:A,B5,T:T) -> 40104 | E5: =SUMIFS(T:T,A:A,B5,D:D,"Y") -> 31695 | F5: =SUMIF(A:A,B5,G:G) -> 139 | G5: =SUMIF(A:A,B5,H:H) -> 73 | H5: =SUMIF(A:A,B5,I:I) -> 26 | I5: =SUMIF(A:A,B5,P:P) -> 20 | J5: =SUMIF(A:A,B5,Q:Q) -> 9 | K5: =SUMIF(A:A,B5,R:R) -> 21 | L5: =SUMIF(A:A,B5,S:S) -> 6 | M5: =SUMIF(A:A,B5,M:M) -> 221 | N5: =SUMIF(A:A,B5,N:N) -> 28 | O5: =SUMIF(A:A,B5,O:O) -> 11 | P5: =SUMIF(A:A,B5,J:J) -> 24 | Q5: =SUMIF(A:A,B5,K:K) -> 7 | R5: =SUMIF(A:A,B5,L:L) -> 11
C6: # of Agents | E6: ALP per sale | F6: Show Rate | G6: Close Ratio | H6: ALP/Agent | J6: POS Close | L6: VET Close | M6: REF Per Sit | O6: REF Close | Q6: OTS Close
C7: =COUNTIFS(A:A,B5) -> 24 | E7: =IFERROR(C5/H5,0) -> 1542.4615 | F7: =IFERROR((G5+R5)/F5,0) -> 0.60431655 | G7: =IFERROR(H5/G5,0) -> 0.35616438 | H7: =(C5/C7) -> 1671 | J7: =IFERROR(J5/I5,0) -> 0.45 | L7: =IFERROR(L5/K5,0) -> 0.28571429 | M7: =IFERROR(M5/SUM(R5+G5,0),"") -> 2.6309524 | O7: =IFERROR(O5/N5,0) -> 0.39285714 | Q7: =IFERROR(Q5/P5,0) -> 0.29166667
B8: Jacob Brown | C8: =SUMIF(B:B,B8,T:T) -> 1543 | E8: =SUMIFS(T:T,B:B,B8,D:D,"Y") -> 0 | F8: =SUMIF(B37:B1091,B8,G37:G1091) -> 7 | G8: =SUMIF(B37:B1091,B8,H37:H1091) -> 9 | H8: =SUMIF(B37:B1091,B8,I37:I1091) -> 2 | I8: =SUMIF(B37:B1091,B8,P37:P1091) -> 0 | J8: =SUMIF(B37:B1091,B8,Q37:Q1091) -> 0 | K8: =SUMIF(B37:B1091,B8,R37:R1091) -> 2 | L8: =SUMIF(B37:B1091,B8,S37:S1091) -> 0 | M8: =SUMIF(B37:B1091,B8,M37:M1091) -> 21 | N8: =SUMIF(B37:B1091,B8,N37:N1091) -> 8 | O8: =SUMIF(B37:B1091,B8,O37:O1091) -> 2 | P8: =SUMIF(B37:B1091,B8,J37:J1091) -> 9 | Q8: =SUMIF(B37:B1091,B8,K37:K1091) -> 2 | R8: =SUMIF(B37:B1091,B8,L37:L1091) -> 4
C9: # of Agents | E9: ALP per sale | F9: Show Rate | G9: Close Ratio | H9: ALP/Agent | J9: POS Close | L9: VET Close | M9: REF Per Sit | O9: REF Close | Q9: OTS Close
C10: =COUNTIFS(B37:B1091,B8) -> 5 | E10: =IFERROR(C8/H8,0) -> 771.5 | F10: =IFERROR((G8+R8)/F8,0) -> 1.8571429 | G10: =IFERROR(H8/G8,0) -> 0.22222222 | H10: =(C8/C10) -> 308.6 | J10: =IFERROR(J8/I8,0) -> 0 | L10: =IFERROR(L8/K8,0) -> 0 | M10: =IFERROR(M8/SUM(G8+R8,0),"") -> 1.6153846 | O10: =IFERROR(O8/N8,0) -> 0.25 | Q10: =IFERROR(Q8/P8,0) -> 0.22222222
B11: Edward Leon | C11: =SUMIF(B:B,B11,T:T) -> 8970 | E11: =SUMIFS(T:T,B:B,B11,D:D,"Y") -> 3543 | F11: =SUMIF(B39:B1091,B11,G39:G1091) -> 43 | G11: =SUMIF(B39:B1091,B11,H39:H1091) -> 26 | H11: =SUMIF(B39:B1091,B11,I39:I1091) -> 5 | I11: =SUMIF(B39:B1091,B11,P39:P1091) -> 0 | J11: =SUMIF(B39:B1091,B11,Q39:Q1091) -> 0 | K11: =SUMIF(B39:B1091,B11,R39:R1091) -> 12 | L11: =SUMIF(B39:B1091,B11,S39:S1091) -> 3 | M11: =SUMIF(B39:B1091,B11,M39:M1091) -> 119 | N11: =SUMIF(B39:B1091,B11,N39:N1091) -> 8 | O11: =SUMIF(B39:B1091,B11,O39:O1091) -> 2 | P11: =SUMIF(B39:B1091,B11,J39:J1091) -> 10 | Q11: =SUMIF(B39:B1091,B11,K39:K1091) -> 1 | R11: =SUMIF(B39:B1091,B11,L39:L1091) -> 4
C12: # of Agents | E12: ALP per sale | F12: Show Rate | G12: Close Ratio | H12: ALP/Agent | J12: POS Close | L12: VET Close | M12: REF Per Sit | O12: REF Close | Q12: OTS Close
C13: =COUNTIFS(B39:B1091,B11) -> 7 | E13: =IFERROR(C11/H11,0) -> 1794 | F13: =IFERROR((G11+R11)/F11,0) -> 0.69767442 | G13: =IFERROR(H11/G11,0) -> 0.19230769 | H13: =(C11/C13) -> 1281.4286 | J13: =IFERROR(J11/I11,0) -> 0 | L13: =IFERROR(L11/K11,0) -> 0.25 | M13: =IFERROR(M11/SUM(R11+G11,0),"") -> 3.9666667 | O13: =IFERROR(O11/N11,0) -> 0.25 | Q13: =IFERROR(Q11/P11,0) -> 0.1
B14: Melissa Elam | C14: =SUMIF(B:B,B14,T:T) -> 5204 | E14: =SUMIFS(T:T,B:B,B14,D:D,"Y") -> 5204 | F14: =SUMIF(B39:B1091,B14,G39:G1091) -> 25 | G14: =SUMIF(B39:B1091,B14,H39:H1091) -> 9 | H14: =SUMIF(B39:B1091,B14,I39:I1091) -> 2 | I14: =SUMIF(B39:B1091,B14,P39:P1091) -> 0 | J14: =SUMIF(B39:B1091,B14,Q39:Q1091) -> 0 | K14: =SUMIF(B39:B1091,B14,R39:R1091) -> 6 | L14: =SUMIF(B39:B1091,B14,S39:S1091) -> 2 | M14: =SUMIF(B39:B1091,B14,M39:M1091) -> 29 | N14: =SUMIF(B39:B1091,B14,N39:N1091) -> 3 | O14: =SUMIF(B39:B1091,B14,O39:O1091) -> 0 | P14: =SUMIF(B39:B1091,B14,J39:J1091) -> 1 | Q14: =SUMIF(B39:B1091,B14,K39:K1091) -> 1 | R14: =SUMIF(B39:B1091,B14,L39:L1091) -> 2
C15: # of Agents | E15: ALP per sale | F15: Show Rate | G15: Close Ratio | H15: ALP/Agent | J15: POS Close | L15: VET Close | M15: REF Per Sit | O15: REF Close | Q15: OTS Close
C16: =COUNTIFS(B39:B1091,B14) -> 7 | E16: =IFERROR(C14/H14,0) -> 2602 | F16: =IFERROR((G14+R14)/F14,0) -> 0.44 | G16: =IFERROR(H14/G14,0) -> 0.22222222 | H16: =(C14/C16) -> 743.42857 | J16: =IFERROR(J14/I14,0) -> 0 | L16: =IFERROR(L14/K14,0) -> 0.33333333 | M16: =IFERROR(M14/SUM(R14+G14,0),"") -> 2.6363636 | O16: =IFERROR(O14/N14,0) -> 0 | Q16: =IFERROR(Q14/P14,0) -> 1
B17: Timothy Noe | C17: =SUMIF(B:B,B17,T:T) -> 24387 | E17: =SUMIFS(T:T,B:B,B17,D:D,"Y") -> 22948 | F17: =SUMIF(B44:B1091,B17,G44:G1091) -> 64 | G17: =SUMIF(B44:B1091,B17,H44:H1091) -> 29 | H17: =SUMIF(B44:B1091,B17,I44:I1091) -> 17 | I17: =SUMIF(B44:B1091,B17,P44:P1091) -> 20 | J17: =SUMIF(B44:B1091,B17,Q44:Q1091) -> 9 | K17: =SUMIF(B44:B1091,B17,R44:R1091) -> 1 | L17: =SUMIF(B44:B1091,B17,S44:S1091) -> 1 | M17: =SUMIF(B44:B1091,B17,M44:M1091) -> 52 | N17: =SUMIF(B44:B1091,B17,N44:N1091) -> 9 | O17: =SUMIF(B44:B1091,B17,O44:O1091) -> 7 | P17: =SUMIF(B44:B1091,B17,J44:J1091) -> 4 | Q17: =SUMIF(B44:B1091,B17,K44:K1091) -> 3 | R17: =SUMIF(B44:B1091,B17,L44:L1091) -> 1
C18: # of Agents | E18: ALP per sale | F18: Show Rate | G18: Close Ratio | H18: ALP/Agent | J18: POS Close | L18: VET Close | M18: REF Per Sit | O18: REF Close | Q18: OTS Close
C19: =COUNTIFS(B44:B1091,B17) -> 4 | E19: =IFERROR(C17/H17,0) -> 1434.5294 | F19: =IFERROR((G17+R17)/F17,0) -> 0.46875 | G19: =IFERROR(H17/G17,0) -> 0.5862069 | H19: =(C17/C19) -> 6096.75 | J19: =IFERROR(J17/I17,0) -> 0.45 | L19: =IFERROR(L17/K17,0) -> 1 | M19: =IFERROR(M17/SUM(R17+G17,0),"") -> 1.7333333 | O19: =IFERROR(O17/N17,0) -> 0.77777778 | Q19: =IFERROR(Q17/P17,0) -> 0.75
B20: Javier Sandoval | C20: =SUMIF(A:A,B20,T:T) -> 0 | E20: =SUMIFS(T:T,A:A,B20,D:D,"Y") -> 0 | F20: =SUMIF(A:A,B20,G:G) -> 0 | G20: =SUMIF(A:A,B20,H:H) -> 0 | H20: =SUMIF(A:A,B20,I:I) -> 0 | I20: =SUMIF(A:A,B20,P:P) -> 0 | J20: =SUMIF(A:A,B20,Q:Q) -> 0 | K20: =SUMIF(A:A,B20,R:R) -> 0 | L20: =SUMIF(A:A,B20,S:S) -> 0 | M20: =SUMIF(A:A,B20,M:M) -> 0 | N20: =SUMIF(A:A,B20,N:N) -> 0 | O20: =SUMIF(A:A,B20,O:O) -> 0 | P20: =SUMIF(A:A,B20,J:J) -> 0 | Q20: =SUMIF(A:A,B20,K:K) -> 0 | R20: =SUMIF(A:A,B20,L:L) -> 0
C21: # of Agents | E21: ALP per sale | F21: Show Rate | G21: Close Ratio | H21: ALP/Agent | J21: POS Close | L21: VET Close | M21: REF Per Sit | O21: REF Close | Q21: OTS Close
C22: =COUNTIFS(A:A,B20) -> 5 | E22: =IFERROR(C20/H20,0) -> 0 | F22: =IFERROR((G20+R20)/F20,0) -> 0 | G22: =IFERROR(H20/G20,0) -> 0 | H22: =(C20/C22) -> 0 | J22: =IFERROR(J20/I20,0) -> 0 | L22: =IFERROR(L20/K20,0) -> 0 | M22: =IFERROR(M20/SUM(R20+G20,0),"") | O22: =IFERROR(O20/N20,0) -> 0 | Q22: =IFERROR(Q20/P20,0) -> 0
B23: Derron Alexander | C23: =SUMIF(A:A,B23,T:T) -> 0 | E23: =SUMIFS(T:T,A:A,B23,D:D,"Y") -> 0 | F23: =SUMIF(A:A,B23,G:G) -> 0 | G23: =SUMIF(A:A,B23,H:H) -> 0 | H23: =SUMIF(A:A,B23,I:I) -> 0 | I23: =SUMIF(A:A,B23,P:P) -> 0 | J23: =SUMIF(A:A,B23,Q:Q) -> 0 | K23: =SUMIF(A:A,B23,R:R) -> 0 | L23: =SUMIF(A:A,B23,S:S) -> 0 | M23: =SUMIF(A:A,B23,M:M) -> 0 | N23: =SUMIF(A:A,B23,N:N) -> 0 | O23: =SUMIF(A:A,B23,O:O) -> 0 | P23: =SUMIF(A:A,B23,J:J) -> 0 | Q23: =SUMIF(A:A,B23,K:K) -> 0 | R23: =SUMIF(A:A,B23,L:L) -> 0
C24: # of Agents | E24: ALP per sale | F24: Show Rate | G24: Close Ratio | H24: ALP/Agent | J24: POS Close | L24: VET Close | M24: REF Per Sit | O24: REF Close | Q24: OTS Close
C25: =COUNTIFS(A:A,B23) -> 10 | E25: =IFERROR(C23/H23,0) -> 0 | F25: =IFERROR((G23+R23)/F23,0) -> 0 | G25: =IFERROR(H23/G23,0) -> 0 | H25: =(C23/C25) -> 0 | J25: =IFERROR(J23/I23,0) -> 0 | L25: =IFERROR(L23/K23,0) -> 0 | M25: =IFERROR(M23/SUM(R23+G23,0),"") | O25: =IFERROR(O23/N23,0) -> 0 | Q25: =IFERROR(Q23/P23,0) -> 0
B26: David Fulfer | C26: =SUMIF(A:A,B26,T:T) -> 8000.44 | E26: =SUMIFS(T:T,A:A,B26,D:D,"Y") -> 8000.44 | F26: =SUMIF(A:A,B26,G:G) -> 5 | G26: =SUMIF(A:A,B26,H:H) -> 4 | H26: =SUMIF(A:A,B26,I:I) -> 5 | I26: =SUMIF(A:A,B26,P:P) -> 0 | J26: =SUMIF(A:A,B26,Q:Q) -> 0 | K26: =SUMIF(A:A,B26,R:R) -> 2 | L26: =SUMIF(A:A,B26,S:S) -> 2 | M26: =SUMIF(A:A,B26,M:M) -> 22 | N26: =SUMIF(A:A,B26,N:N) -> 4 | O26: =SUMIF(A:A,B26,O:O) -> 5 | P26: =SUMIF(A:A,B26,J:J) -> 2 | Q26: =SUMIF(A:A,B26,K:K) -> 2 | R26: =SUMIF(A:A,B26,L:L) -> 0
C27: # of Agents | E27: ALP per sale | F27: Show Rate | G27: Close Ratio | H27: ALP/Agent | J27: POS Close | L27: VET Close | M27: REF Per Sit | O27: REF Close | Q27: OTS Close
C28: =COUNTIFS(A:A,B26) -> 5 | E28: =IFERROR(C26/H26,0) -> 1600.088 | F28: =IFERROR((G26+R26)/F26,0) -> 0.8 | G28: =IFERROR(H26/G26,0) -> 1.25 | H28: =(C26/C28) -> 1600.088 | J28: =IFERROR(J26/I26,0) -> 0 | L28: =IFERROR(L26/K26,0) -> 1 | M28: =IFERROR(M26/SUM(R26+G26,0),"") -> 5.5 | O28: =IFERROR(O26/N26,0) -> 1.25 | Q28: =IFERROR(Q26/P26,0) -> 1
B29: Ashlynn Orng | C29: =SUMIF(A:A,B29,T:T) -> 7020 | E29: =SUMIFS(T:T,A:A,B29,D:D,"Y") -> 0 | F29: =SUMIF(A:A,B29,G:G) -> 23 | G29: =SUMIF(A:A,B29,H:H) -> 20 | H29: =SUMIF(A:A,B29,I:I) -> 5 | I29: =SUMIF(A:A,B29,P:P) -> 0 | J29: =SUMIF(A:A,B29,Q:Q) -> 0 | K29: =SUMIF(A:A,B29,R:R) -> 3 | L29: =SUMIF(A:A,B29,S:S) -> 1 | M29: =SUMIF(A:A,B29,M:M) -> #REF! | N29: =SUMIF(A:A,B29,N:N) -> 16 | O29: =SUMIF(A:A,B29,O:O) -> 4 | P29: =SUMIF(A:A,B29,J:J) -> 5 | Q29: =SUMIF(A:A,B29,K:K) -> 43 | R29: =SUMIF(A:A,B29,L:L) -> 0
C30: # of Agents | E30: ALP per sale | F30: Show Rate | G30: Close Ratio | H30: ALP/Agent | J30: POS Close | L30: VET Close | M30: REF Per Sit | O30: REF Close | Q30: OTS Close
C31: =COUNTIFS(A:A,B29) -> 17 | E31: =IFERROR(C29/H29,0) -> 1404 | F31: =IFERROR((G29+R29)/F29,0) -> 0.86956522 | G31: =IFERROR(H29/G29,0) -> 0.25 | H31: =(C29/C31) -> 412.94118 | J31: =IFERROR(J29/I29,0) -> 0 | L31: =IFERROR(L29/K29,0) -> 0.33333333 | M31: =IFERROR(M29/SUM(R29+G29,0),"") | O31: =IFERROR(O29/N29,0) -> 0.25 | Q31: =IFERROR(Q29/P29,0) -> 8.6
B32: Kenneth Preston | C32: =SUMIF(A:A,B32,T:T) -> 0 | E32: =SUMIFS(T:T,A:A,B32,D:D,"Y") -> 0 | F32: =SUMIF(A:A,B32,G:G) -> 0 | G32: =SUMIF(A:A,B32,H:H) -> 0 | H32: =SUMIF(A:A,B32,I:I) -> 0 | I32: =SUMIF(A:A,B32,P:P) -> 0 | J32: =SUMIF(A:A,B32,Q:Q) -> 0 | K32: =SUMIF(A:A,B32,R:R) -> 0 | L32: =SUMIF(A:A,B32,S:S) -> 0 | M32: =SUMIF(A:A,B32,M:M) -> 0 | N32: =SUMIF(A:A,B32,N:N) -> 0 | O32: =SUMIF(A:A,B32,O:O) -> 0 | P32: =SUMIF(A:A,B32,J:J) -> 0 | Q32: =SUMIF(A:A,B32,K:K) -> 0 | R32: =SUMIF(A:A,B32,L:L) -> 0
C33: # of Agents | E33: ALP per sale | F33: Show Rate | G33: Close Ratio | H33: ALP/Agent | J33: POS Close | L33: VET Close | M33: REF Per Sit | O33: REF Close | Q33: OTS Close
C34: =COUNTIFS(A:A,B32) -> 2 | E34: =IFERROR(C32/H32,0) -> 0 | F34: =IFERROR((G32+R32)/F32,0) -> 0 | G34: =IFERROR(H32/G32,0) -> 0 | H34: =(C32/C34) -> 0 | J34: =IFERROR(J32/I32,0) -> 0 | L34: =IFERROR(L32/K32,0) -> 0 | M34: =IFERROR(M32/SUM(R32+G32,0),"") | O34: =IFERROR(O32/N32,0) -> 0 | Q34: =IFERROR(Q32/P32,0) -> 0
A36: MGA | B36: GA | C36: SA | E36: State | F36: Agent | G36: SETS | H36: SITS | I36: SALES | J36: OTS SITS | K36: OTS SALES | L36: N1 | M36: REF OBT | N36: REF SITS | O36: REF SALES | P36: POS SITS | Q36: POS SALES | R36: VETS SITS | S36: VET SALES | T36: ALP | U36: Close | V36: Show | W36: Code Date
A37: Joseph Gojcaj | D37: Y | E37: MI | F37: Joseph Gojcaj | G37: =('Thurs (2)'!G37+Thurs!G37+'Tues '!G37+Wed!G37+Fri!G37+'Mon '!G37+'Wed (2)'!G37+Sun!G37+Sat!G37) -> 0 | H37: =('Thurs (2)'!H37+Thurs!H37+'Tues '!H37+Wed!H37+Fri!H37+'Mon '!H37+'Wed (2)'!H37+Sun!H37+Sat!H37) -> 0 | I37: =('Thurs (2)'!I37+Thurs!I37+'Tues '!I37+Wed!I37+Fri!I37+'Mon '!I37+'Wed (2)'!I37+Sun!I37+Sat!I37) -> 0 | J37: =('Thurs (2)'!J37+Thurs!J37+'Tues '!J37+Wed!J37+Fri!J37+'Mon '!J37+'Wed (2)'!J37+Sun!J37+Sat!J37) -> 0 | K37: =('Thurs (2)'!K37+Thurs!K37+'Tues '!K37+Wed!K37+Fri!K37+'Mon '!K37+'Wed (2)'!K37+Sun!K37+Sat!K37) -> 0 | L37: =('Thurs (2)'!L37+Thurs!L37+'Tues '!L37+Wed!L37+Fri!L37+'Mon '!L37+'Wed (2)'!L37+Sun!L37+Sat!L37) -> 0 | M37: =('Thurs (2)'!M37+Thurs!M37+'Tues '!M37+Wed!M37+Fri!M37+'Mon '!M37+'Wed (2)'!M37+Sun!M37+Sat!M37) -> 0 | N37: =('Thurs (2)'!N37+Thurs!N37+'Tues '!N37+Wed!N37+Fri!N37+'Mon '!N37+'Wed (2)'!N37+Sun!N37+Sat!N37) -> 0 | ... T37: =('Thurs (2)'!T37+Thurs!T37+'Tues '!T37+Wed!T37+Fri!T37+'Mon '!T37+'Wed (2)'!T37+Sun!T37+Sat!T37) -> 0 | U37: =IFERROR(I37/H37,0) -> 0 | V37: =IFERROR(SUM(H37+L37)/G37,0) -> 0
A38: Joseph Gojcaj | B38: Jacob Brown | D38: Y | E38: MI | F38: Jacob Brown | G38: =('Thurs (2)'!G38+Thurs!G38+'Tues '!G38+Wed!G38+Fri!G38+'Mon '!G38+'Wed (2)'!G38+Sun!G38+Sat!G38) -> 0 | H38: =('Thurs (2)'!H38+Thurs!H38+'Tues '!H38+Wed!H38+Fri!H38+'Mon '!H38+'Wed (2)'!H38+Sun!H38+Sat!H38) -> 0 | I38: =('Thurs (2)'!I38+Thurs!I38+'Tues '!I38+Wed!I38+Fri!I38+'Mon '!I38+'Wed (2)'!I38+Sun!I38+Sat!I38) -> 0 | J38: =('Thurs (2)'!J38+Thurs!J38+'Tues '!J38+Wed!J38+Fri!J38+'Mon '!J38+'Wed (2)'!J38+Sun!J38+Sat!J38) -> 0 | K38: =('Thurs (2)'!K38+Thurs!K38+'Tues '!K38+Wed!K38+Fri!K38+'Mon '!K38+'Wed (2)'!K38+Sun!K38+Sat!K38) -> 0 | L38: =('Thurs (2)'!L38+Thurs!L38+'Tues '!L38+Wed!L38+Fri!L38+'Mon '!L38+'Wed (2)'!L38+Sun!L38+Sat!L38) -> 0 | M38: =('Thurs (2)'!M38+Thurs!M38+'Tues '!M38+Wed!M38+Fri!M38+'Mon '!M38+'Wed (2)'!M38+Sun!M38+Sat!M38) -> 0 | N38: =('Thurs (2)'!N38+Thurs!N38+'Tues '!N38+Wed!N38+Fri!N38+'Mon '!N38+'Wed (2)'!N38+Sun!N38+Sat!N38) -> 0 | ... T38: =('Thurs (2)'!T38+Thurs!T38+'Tues '!T38+Wed!T38+Fri!T38+'Mon '!T38+'Wed (2)'!T38+Sun!T38+Sat!T38) -> 0 | U38: =IFERROR(I38/H38,0) -> 0 | V38: =IFERROR(SUM(H38+L38)/G38,0) -> 0
A39: Joseph Gojcaj | B39: Jacob Brown | C39: Kristen Fox | D39: Y | E39: NC | F39: Kristen Fox | G39: =('Thurs (2)'!G39+Thurs!G39+'Tues '!G39+Wed!G39+Fri!G39+'Mon '!G39+'Wed (2)'!G39+Sun!G39+Sat!G39) -> 5 | H39: =('Thurs (2)'!H39+Thurs!H39+'Tues '!H39+Wed!H39+Fri!H39+'Mon '!H39+'Wed (2)'!H39+Sun!H39+Sat!H39) -> 3 | I39: =('Thurs (2)'!I39+Thurs!I39+'Tues '!I39+Wed!I39+Fri!I39+'Mon '!I39+'Wed (2)'!I39+Sun!I39+Sat!I39) -> 0 | J39: =('Thurs (2)'!J39+Thurs!J39+'Tues '!J39+Wed!J39+Fri!J39+'Mon '!J39+'Wed (2)'!J39+Sun!J39+Sat!J39) -> 3 | K39: =('Thurs (2)'!K39+Thurs!K39+'Tues '!K39+Wed!K39+Fri!K39+'Mon '!K39+'Wed (2)'!K39+Sun!K39+Sat!K39) -> 0 | L39: =('Thurs (2)'!L39+Thurs!L39+'Tues '!L39+Wed!L39+Fri!L39+'Mon '!L39+'Wed (2)'!L39+Sun!L39+Sat!L39) -> 2 | M39: =('Thurs (2)'!M39+Thurs!M39+'Tues '!M39+Wed!M39+Fri!M39+'Mon '!M39+'Wed (2)'!M39+Sun!M39+Sat!M39) -> 1 | N39: =('Thurs (2)'!N39+Thurs!N39+'Tues '!N39+Wed!N39+Fri!N39+'Mon '!N39+'Wed (2)'!N39+Sun!N39+Sat!N39) -> 2 | ... T39: =('Thurs (2)'!T39+Thurs!T39+'Tues '!T39+Wed!T39+Fri!T39+'Mon '!T39+'Wed (2)'!T39+Sun!T39+Sat!T39) -> 0 | U39: =IFERROR(I39/H39,0) -> 0 | V39: =IFERROR(SUM(H39+L39)/G39,0) -> 1
A40: Joseph Gojcaj | B40: Jacob Brown | C40: Kristen Fox | F40: Marci Dyer | G40: =('Thurs (2)'!G40+Thurs!G40+'Tues '!G40+Wed!G40+Fri!G40+'Mon '!G40+'Wed (2)'!G40+Sun!G40+Sat!G40) -> 1 | H40: =('Thurs (2)'!H40+Thurs!H40+'Tues '!H40+Wed!H40+Fri!H40+'Mon '!H40+'Wed (2)'!H40+Sun!H40+Sat!H40) -> 1 | I40: =('Thurs (2)'!I40+Thurs!I40+'Tues '!I40+Wed!I40+Fri!I40+'Mon '!I40+'Wed (2)'!I40+Sun!I40+Sat!I40) -> 1 | J40: =('Thurs (2)'!J40+Thurs!J40+'Tues '!J40+Wed!J40+Fri!J40+'Mon '!J40+'Wed (2)'!J40+Sun!J40+Sat!J40) -> 1 | K40: =('Thurs (2)'!K40+Thurs!K40+'Tues '!K40+Wed!K40+Fri!K40+'Mon '!K40+'Wed (2)'!K40+Sun!K40+Sat!K40) -> 1 | L40: =('Thurs (2)'!L40+Thurs!L40+'Tues '!L40+Wed!L40+Fri!L40+'Mon '!L40+'Wed (2)'!L40+Sun!L40+Sat!L40) -> 0 | M40: =('Thurs (2)'!M40+Thurs!M40+'Tues '!M40+Wed!M40+Fri!M40+'Mon '!M40+'Wed (2)'!M40+Sun!M40+Sat!M40) -> 2 | N40: =('Thurs (2)'!N40+Thurs!N40+'Tues '!N40+Wed!N40+Fri!N40+'Mon '!N40+'Wed (2)'!N40+Sun!N40+Sat!N40) -> 1 | ... T40: =('Thurs (2)'!T40+Thurs!T40+'Tues '!T40+Wed!T40+Fri!T40+'Mon '!T40+'Wed (2)'!T40+Sun!T40+Sat!T40) -> 238 | U40: =IFERROR(I40/H40,0) -> 1 | V40: =IFERROR(SUM(H40+L40)/G40,0) -> 1
A41: Joseph Gojcaj | B41: Jacob Brown | C41: Joylynn Harris | D41: Y | E41: CA | F41: Joylynn Harris | G41: =('Thurs (2)'!G41+Thurs!G41+'Tues '!G41+Wed!G41+Fri!G41+'Mon '!G41+'Wed (2)'!G41+Sun!G41+Sat!G41) -> 0 | H41: =('Thurs (2)'!H41+Thurs!H41+'Tues '!H41+Wed!H41+Fri!H41+'Mon '!H41+'Wed (2)'!H41+Sun!H41+Sat!H41) -> 4 | I41: =('Thurs (2)'!I41+Thurs!I41+'Tues '!I41+Wed!I41+Fri!I41+'Mon '!I41+'Wed (2)'!I41+Sun!I41+Sat!I41) -> 0 | J41: =('Thurs (2)'!J41+Thurs!J41+'Tues '!J41+Wed!J41+Fri!J41+'Mon '!J41+'Wed (2)'!J41+Sun!J41+Sat!J41) -> 4 | K41: =('Thurs (2)'!K41+Thurs!K41+'Tues '!K41+Wed!K41+Fri!K41+'Mon '!K41+'Wed (2)'!K41+Sun!K41+Sat!K41) -> 0 | L41: =('Thurs (2)'!L41+Thurs!L41+'Tues '!L41+Wed!L41+Fri!L41+'Mon '!L41+'Wed (2)'!L41+Sun!L41+Sat!L41) -> 2 | M41: =('Thurs (2)'!M41+Thurs!M41+'Tues '!M41+Wed!M41+Fri!M41+'Mon '!M41+'Wed (2)'!M41+Sun!M41+Sat!M41) -> 14 | N41: =('Thurs (2)'!N41+Thurs!N41+'Tues '!N41+Wed!N41+Fri!N41+'Mon '!N41+'Wed (2)'!N41+Sun!N41+Sat!N41) -> 4 | ... T41: =('Thurs (2)'!T41+Thurs!T41+'Tues '!T41+Wed!T41+Fri!T41+'Mon '!T41+'Wed (2)'!T41+Sun!T41+Sat!T41) -> 0 | U41: =IFERROR(I41/H41,0) -> 0 | V41: =IFERROR(SUM(H41+L41)/G41,0) -> 0
A42: Joseph Gojcaj | B42: Jacob Brown | C42: Joylynn Harris | E42: TX | F42: Shafay Sutton | G42: =('Thurs (2)'!G42+Thurs!G42+'Tues '!G42+Wed!G42+Fri!G42+'Mon '!G42+'Wed (2)'!G42+Sun!G42+Sat!G42) -> 1 | H42: =('Thurs (2)'!H42+Thurs!H42+'Tues '!H42+Wed!H42+Fri!H42+'Mon '!H42+'Wed (2)'!H42+Sun!H42+Sat!H42) -> 1 | I42: =('Thurs (2)'!I42+Thurs!I42+'Tues '!I42+Wed!I42+Fri!I42+'Mon '!I42+'Wed (2)'!I42+Sun!I42+Sat!I42) -> 1 | J42: =('Thurs (2)'!J42+Thurs!J42+'Tues '!J42+Wed!J42+Fri!J42+'Mon '!J42+'Wed (2)'!J42+Sun!J42+Sat!J42) -> 1 | K42: =('Thurs (2)'!K42+Thurs!K42+'Tues '!K42+Wed!K42+Fri!K42+'Mon '!K42+'Wed (2)'!K42+Sun!K42+Sat!K42) -> 1 | L42: =('Thurs (2)'!L42+Thurs!L42+'Tues '!L42+Wed!L42+Fri!L42+'Mon '!L42+'Wed (2)'!L42+Sun!L42+Sat!L42) -> 0 | M42: =('Thurs (2)'!M42+Thurs!M42+'Tues '!M42+Wed!M42+Fri!M42+'Mon '!M42+'Wed (2)'!M42+Sun!M42+Sat!M42) -> 4 | N42: =('Thurs (2)'!N42+Thurs!N42+'Tues '!N42+Wed!N42+Fri!N42+'Mon '!N42+'Wed (2)'!N42+Sun!N42+Sat!N42) -> 1 | ... T42: =('Thurs (2)'!T42+Thurs!T42+'Tues '!T42+Wed!T42+Fri!T42+'Mon '!T42+'Wed (2)'!T42+Sun!T42+Sat!T42) -> 1305 | U42: =IFERROR(I42/H42,0) -> 1 | V42: =IFERROR(SUM(H42+L42)/G42,0) -> 1
A43: Joseph Gojcaj | B43: Edward Leon | D43: Y | E43: MI | F43: Eddie Leon | G43: =('Thurs (2)'!G43+Thurs!G43+'Tues '!G43+Wed!G43+Fri!G43+'Mon '!G43+'Wed (2)'!G43+Sun!G43+Sat!G43) -> 0 | H43: =('Thurs (2)'!H43+Thurs!H43+'Tues '!H43+Wed!H43+Fri!H43+'Mon '!H43+'Wed (2)'!H43+Sun!H43+Sat!H43) -> 0 | I43: =('Thurs (2)'!I43+Thurs!I43+'Tues '!I43+Wed!I43+Fri!I43+'Mon '!I43+'Wed (2)'!I43+Sun!I43+Sat!I43) -> 0 | J43: =('Thurs (2)'!J43+Thurs!J43+'Tues '!J43+Wed!J43+Fri!J43+'Mon '!J43+'Wed (2)'!J43+Sun!J43+Sat!J43) -> 0 | K43: =('Thurs (2)'!K43+Thurs!K43+'Tues '!K43+Wed!K43+Fri!K43+'Mon '!K43+'Wed (2)'!K43+Sun!K43+Sat!K43) -> 0 | L43: =('Thurs (2)'!L43+Thurs!L43+'Tues '!L43+Wed!L43+Fri!L43+'Mon '!L43+'Wed (2)'!L43+Sun!L43+Sat!L43) -> 0 | M43: =('Thurs (2)'!M43+Thurs!M43+'Tues '!M43+Wed!M43+Fri!M43+'Mon '!M43+'Wed (2)'!M43+Sun!M43+Sat!M43) -> 0 | N43: =('Thurs (2)'!N43+Thurs!N43+'Tues '!N43+Wed!N43+Fri!N43+'Mon '!N43+'Wed (2)'!N43+Sun!N43+Sat!N43) -> 0 | ... T43: =('Thurs (2)'!T43+Thurs!T43+'Tues '!T43+Wed!T43+Fri!T43+'Mon '!T43+'Wed (2)'!T43+Sun!T43+Sat!T43) -> 0 | U43: =IFERROR(I43/H43,0) -> 0 | V43: =IFERROR(SUM(H43+L43)/G43,0) -> 0
A44: Joseph Gojcaj | B44: Edward Leon | E44: CA | F44: Rick Argote | G44: =('Thurs (2)'!G44+Thurs!G44+'Tues '!G44+Wed!G44+Fri!G44+'Mon '!G44+'Wed (2)'!G44+Sun!G44+Sat!G44) -> 5 | H44: =('Thurs (2)'!H44+Thurs!H44+'Tues '!H44+Wed!H44+Fri!H44+'Mon '!H44+'Wed (2)'!H44+Sun!H44+Sat!H44) -> 1 | I44: =('Thurs (2)'!I44+Thurs!I44+'Tues '!I44+Wed!I44+Fri!I44+'Mon '!I44+'Wed (2)'!I44+Sun!I44+Sat!I44) -> 0 | J44: =('Thurs (2)'!J44+Thurs!J44+'Tues '!J44+Wed!J44+Fri!J44+'Mon '!J44+'Wed (2)'!J44+Sun!J44+Sat!J44) -> 0 | K44: =('Thurs (2)'!K44+Thurs!K44+'Tues '!K44+Wed!K44+Fri!K44+'Mon '!K44+'Wed (2)'!K44+Sun!K44+Sat!K44) -> 0 | L44: =('Thurs (2)'!L44+Thurs!L44+'Tues '!L44+Wed!L44+Fri!L44+'Mon '!L44+'Wed (2)'!L44+Sun!L44+Sat!L44) -> 0 | M44: =('Thurs (2)'!M44+Thurs!M44+'Tues '!M44+Wed!M44+Fri!M44+'Mon '!M44+'Wed (2)'!M44+Sun!M44+Sat!M44) -> 0 | N44: =('Thurs (2)'!N44+Thurs!N44+'Tues '!N44+Wed!N44+Fri!N44+'Mon '!N44+'Wed (2)'!N44+Sun!N44+Sat!N44) -> 1 | ... T44: =('Thurs (2)'!T44+Thurs!T44+'Tues '!T44+Wed!T44+Fri!T44+'Mon '!T44+'Wed (2)'!T44+Sun!T44+Sat!T44) -> 0 | U44: =IFERROR(I44/H44,0) -> 0 | V44: =IFERROR(SUM(H44+L44)/G44,0) -> 0.2
A45: Joseph Gojcaj | B45: Edward Leon | E45: MI | F45: Julian Hyman | G45: =('Thurs (2)'!G45+Thurs!G45+'Tues '!G45+Wed!G45+Fri!G45+'Mon '!G45+'Wed (2)'!G45+Sun!G45+Sat!G45) -> 6 | H45: =('Thurs (2)'!H45+Thurs!H45+'Tues '!H45+Wed!H45+Fri!H45+'Mon '!H45+'Wed (2)'!H45+Sun!H45+Sat!H45) -> 7 | I45: =('Thurs (2)'!I45+Thurs!I45+'Tues '!I45+Wed!I45+Fri!I45+'Mon '!I45+'Wed (2)'!I45+Sun!I45+Sat!I45) -> 1 | J45: =('Thurs (2)'!J45+Thurs!J45+'Tues '!J45+Wed!J45+Fri!J45+'Mon '!J45+'Wed (2)'!J45+Sun!J45+Sat!J45) -> 5 | K45: =('Thurs (2)'!K45+Thurs!K45+'Tues '!K45+Wed!K45+Fri!K45+'Mon '!K45+'Wed (2)'!K45+Sun!K45+Sat!K45) -> 1 | L45: =('Thurs (2)'!L45+Thurs!L45+'Tues '!L45+Wed!L45+Fri!L45+'Mon '!L45+'Wed (2)'!L45+Sun!L45+Sat!L45) -> 0 | M45: =('Thurs (2)'!M45+Thurs!M45+'Tues '!M45+Wed!M45+Fri!M45+'Mon '!M45+'Wed (2)'!M45+Sun!M45+Sat!M45) -> 32 | N45: =('Thurs (2)'!N45+Thurs!N45+'Tues '!N45+Wed!N45+Fri!N45+'Mon '!N45+'Wed (2)'!N45+Sun!N45+Sat!N45) -> 0 | ... T45: =('Thurs (2)'!T45+Thurs!T45+'Tues '!T45+Wed!T45+Fri!T45+'Mon '!T45+'Wed (2)'!T45+Sun!T45+Sat!T45) -> 1769 | U45: =IFERROR(I45/H45,0) -> 0.14285714 | V45: =IFERROR(SUM(H45+L45)/G45,0) -> 1.1666667
A46: Joseph Gojcaj | B46: Edward Leon | C46: Marcus Norton | D46: Y | E46: CO | F46: Marcus Norton | G46: =('Thurs (2)'!G46+Thurs!G46+'Tues '!G46+Wed!G46+Fri!G46+'Mon '!G46+'Wed (2)'!G46+Sun!G46+Sat!G46) -> 9 | H46: =('Thurs (2)'!H46+Thurs!H46+'Tues '!H46+Wed!H46+Fri!H46+'Mon '!H46+'Wed (2)'!H46+Sun!H46+Sat!H46) -> 11 | I46: =('Thurs (2)'!I46+Thurs!I46+'Tues '!I46+Wed!I46+Fri!I46+'Mon '!I46+'Wed (2)'!I46+Sun!I46+Sat!I46) -> 2 | J46: =('Thurs (2)'!J46+Thurs!J46+'Tues '!J46+Wed!J46+Fri!J46+'Mon '!J46+'Wed (2)'!J46+Sun!J46+Sat!J46) -> 4 | K46: =('Thurs (2)'!K46+Thurs!K46+'Tues '!K46+Wed!K46+Fri!K46+'Mon '!K46+'Wed (2)'!K46+Sun!K46+Sat!K46) -> 0 | L46: =('Thurs (2)'!L46+Thurs!L46+'Tues '!L46+Wed!L46+Fri!L46+'Mon '!L46+'Wed (2)'!L46+Sun!L46+Sat!L46) -> 4 | M46: =('Thurs (2)'!M46+Thurs!M46+'Tues '!M46+Wed!M46+Fri!M46+'Mon '!M46+'Wed (2)'!M46+Sun!M46+Sat!M46) -> 41 | N46: =('Thurs (2)'!N46+Thurs!N46+'Tues '!N46+Wed!N46+Fri!N46+'Mon '!N46+'Wed (2)'!N46+Sun!N46+Sat!N46) -> 4 | ... T46: =('Thurs (2)'!T46+Thurs!T46+'Tues '!T46+Wed!T46+Fri!T46+'Mon '!T46+'Wed (2)'!T46+Sun!T46+Sat!T46) -> 3543 | U46: =IFERROR(I46/H46,0) -> 0.18181818 | V46: =IFERROR(SUM(H46+L46)/G46,0) -> 1.6666667
A47: Joseph Gojcaj | B47: Edward Leon | C47: Marcus Norton | F47: Kaliyah Pyles | G47: =('Thurs (2)'!G47+Thurs!G47+'Tues '!G47+Wed!G47+Fri!G47+'Mon '!G47+'Wed (2)'!G47+Sun!G47+Sat!G47) -> 8 | H47: =('Thurs (2)'!H47+Thurs!H47+'Tues '!H47+Wed!H47+Fri!H47+'Mon '!H47+'Wed (2)'!H47+Sun!H47+Sat!H47) -> 4 | I47: =('Thurs (2)'!I47+Thurs!I47+'Tues '!I47+Wed!I47+Fri!I47+'Mon '!I47+'Wed (2)'!I47+Sun!I47+Sat!I47) -> 1 | J47: =('Thurs (2)'!J47+Thurs!J47+'Tues '!J47+Wed!J47+Fri!J47+'Mon '!J47+'Wed (2)'!J47+Sun!J47+Sat!J47) -> 1 | K47: =('Thurs (2)'!K47+Thurs!K47+'Tues '!K47+Wed!K47+Fri!K47+'Mon '!K47+'Wed (2)'!K47+Sun!K47+Sat!K47) -> 0 | L47: =('Thurs (2)'!L47+Thurs!L47+'Tues '!L47+Wed!L47+Fri!L47+'Mon '!L47+'Wed (2)'!L47+Sun!L47+Sat!L47) -> 0 | M47: =('Thurs (2)'!M47+Thurs!M47+'Tues '!M47+Wed!M47+Fri!M47+'Mon '!M47+'Wed (2)'!M47+Sun!M47+Sat!M47) -> 33 | N47: =('Thurs (2)'!N47+Thurs!N47+'Tues '!N47+Wed!N47+Fri!N47+'Mon '!N47+'Wed (2)'!N47+Sun!N47+Sat!N47) -> 1 | ... T47: =('Thurs (2)'!T47+Thurs!T47+'Tues '!T47+Wed!T47+Fri!T47+'Mon '!T47+'Wed (2)'!T47+Sun!T47+Sat!T47) -> 1955 | U47: =IFERROR(I47/H47,0) -> 0.25 | V47: =IFERROR(SUM(H47+L47)/G47,0) -> 0.5
A48: Joseph Gojcaj | B48: Edward Leon | C48: Marcus Norton | F48: M'Ellen Jackson | G48: =('Thurs (2)'!G48+Thurs!G48+'Tues '!G48+Wed!G48+Fri!G48+'Mon '!G48+'Wed (2)'!G48+Sun!G48+Sat!G48) -> 0 | H48: =('Thurs (2)'!H48+Thurs!H48+'Tues '!H48+Wed!H48+Fri!H48+'Mon '!H48+'Wed (2)'!H48+Sun!H48+Sat!H48) -> 0 | I48: =('Thurs (2)'!I48+Thurs!I48+'Tues '!I48+Wed!I48+Fri!I48+'Mon '!I48+'Wed (2)'!I48+Sun!I48+Sat!I48) -> 0 | J48: =('Thurs (2)'!J48+Thurs!J48+'Tues '!J48+Wed!J48+Fri!J48+'Mon '!J48+'Wed (2)'!J48+Sun!J48+Sat!J48) -> 0 | K48: =('Thurs (2)'!K48+Thurs!K48+'Tues '!K48+Wed!K48+Fri!K48+'Mon '!K48+'Wed (2)'!K48+Sun!K48+Sat!K48) -> 0 | L48: =('Thurs (2)'!L48+Thurs!L48+'Tues '!L48+Wed!L48+Fri!L48+'Mon '!L48+'Wed (2)'!L48+Sun!L48+Sat!L48) -> 0 | M48: =('Thurs (2)'!M48+Thurs!M48+'Tues '!M48+Wed!M48+Fri!M48+'Mon '!M48+'Wed (2)'!M48+Sun!M48+Sat!M48) -> 0 | N48: =('Thurs (2)'!N48+Thurs!N48+'Tues '!N48+Wed!N48+Fri!N48+'Mon '!N48+'Wed (2)'!N48+Sun!N48+Sat!N48) -> 0 | ... T48: =('Thurs (2)'!T48+Thurs!T48+'Tues '!T48+Wed!T48+Fri!T48+'Mon '!T48+'Wed (2)'!T48+Sun!T48+Sat!T48) -> 0 | U48: =IFERROR(I48/H48,0) -> 0 | V48: =IFERROR(SUM(H48+L48)/G48,0) -> 0
A49: Joseph Gojcaj | B49: Edward Leon | C49: Marcus Norton | F49: Ethan Lasley | G49: =('Thurs (2)'!G49+Thurs!G49+'Tues '!G49+Wed!G49+Fri!G49+'Mon '!G49+'Wed (2)'!G49+Sun!G49+Sat!G49) -> 15 | H49: =('Thurs (2)'!H49+Thurs!H49+'Tues '!H49+Wed!H49+Fri!H49+'Mon '!H49+'Wed (2)'!H49+Sun!H49+Sat!H49) -> 3 | I49: =('Thurs (2)'!I49+Thurs!I49+'Tues '!I49+Wed!I49+Fri!I49+'Mon '!I49+'Wed (2)'!I49+Sun!I49+Sat!I49) -> 1 | J49: =('Thurs (2)'!J49+Thurs!J49+'Tues '!J49+Wed!J49+Fri!J49+'Mon '!J49+'Wed (2)'!J49+Sun!J49+Sat!J49) -> 0 | K49: =('Thurs (2)'!K49+Thurs!K49+'Tues '!K49+Wed!K49+Fri!K49+'Mon '!K49+'Wed (2)'!K49+Sun!K49+Sat!K49) -> 0 | L49: =('Thurs (2)'!L49+Thurs!L49+'Tues '!L49+Wed!L49+Fri!L49+'Mon '!L49+'Wed (2)'!L49+Sun!L49+Sat!L49) -> 0 | M49: =('Thurs (2)'!M49+Thurs!M49+'Tues '!M49+Wed!M49+Fri!M49+'Mon '!M49+'Wed (2)'!M49+Sun!M49+Sat!M49) -> 13 | N49: =('Thurs (2)'!N49+Thurs!N49+'Tues '!N49+Wed!N49+Fri!N49+'Mon '!N49+'Wed (2)'!N49+Sun!N49+Sat!N49) -> 2 | ... T49: =('Thurs (2)'!T49+Thurs!T49+'Tues '!T49+Wed!T49+Fri!T49+'Mon '!T49+'Wed (2)'!T49+Sun!T49+Sat!T49) -> 1703 | U49: =IFERROR(I49/H49,0) -> 0.33333333 | V49: =IFERROR(SUM(H49+L49)/G49,0) -> 0.2
A50: Joseph Gojcaj | B50: Melissa Elam | D50: Y | E50: MS | F50: Melissa Elam | G50: =('Thurs (2)'!G50+Thurs!G50+'Tues '!G50+Wed!G50+Fri!G50+'Mon '!G50+'Wed (2)'!G50+Sun!G50+Sat!G50) -> 6 | H50: =('Thurs (2)'!H50+Thurs!H50+'Tues '!H50+Wed!H50+Fri!H50+'Mon '!H50+'Wed (2)'!H50+Sun!H50+Sat!H50) -> 5 | I50: =('Thurs (2)'!I50+Thurs!I50+'Tues '!I50+Wed!I50+Fri!I50+'Mon '!I50+'Wed (2)'!I50+Sun!I50+Sat!I50) -> 2 | J50: =('Thurs (2)'!J50+Thurs!J50+'Tues '!J50+Wed!J50+Fri!J50+'Mon '!J50+'Wed (2)'!J50+Sun!J50+Sat!J50) -> 1 | K50: =('Thurs (2)'!K50+Thurs!K50+'Tues '!K50+Wed!K50+Fri!K50+'Mon '!K50+'Wed (2)'!K50+Sun!K50+Sat!K50) -> 1 | L50: =('Thurs (2)'!L50+Thurs!L50+'Tues '!L50+Wed!L50+Fri!L50+'Mon '!L50+'Wed (2)'!L50+Sun!L50+Sat!L50) -> 1 | M50: =('Thurs (2)'!M50+Thurs!M50+'Tues '!M50+Wed!M50+Fri!M50+'Mon '!M50+'Wed (2)'!M50+Sun!M50+Sat!M50) -> 16 | N50: =('Thurs (2)'!N50+Thurs!N50+'Tues '!N50+Wed!N50+Fri!N50+'Mon '!N50+'Wed (2)'!N50+Sun!N50+Sat!N50) -> 1 | ... T50: =('Thurs (2)'!T50+Thurs!T50+'Tues '!T50+Wed!T50+Fri!T50+'Mon '!T50+'Wed (2)'!T50+Sun!T50+Sat!T50) -> 5204 | U50: =IFERROR(I50/H50,0) -> 0.4 | V50: =IFERROR(SUM(H50+L50)/G50,0) -> 1
A51: Joseph Gojcaj | B51: Melissa Elam | E51: TX | F51: Ronald Montoya | G51: =('Thurs (2)'!G51+Thurs!G51+'Tues '!G51+Wed!G51+Fri!G51+'Mon '!G51+'Wed (2)'!G51+Sun!G51+Sat!G51) -> 0 | H51: =('Thurs (2)'!H51+Thurs!H51+'Tues '!H51+Wed!H51+Fri!H51+'Mon '!H51+'Wed (2)'!H51+Sun!H51+Sat!H51) -> 0 | I51: =('Thurs (2)'!I51+Thurs!I51+'Tues '!I51+Wed!I51+Fri!I51+'Mon '!I51+'Wed (2)'!I51+Sun!I51+Sat!I51) -> 0 | J51: =('Thurs (2)'!J51+Thurs!J51+'Tues '!J51+Wed!J51+Fri!J51+'Mon '!J51+'Wed (2)'!J51+Sun!J51+Sat!J51) -> 0 | K51: =('Thurs (2)'!K51+Thurs!K51+'Tues '!K51+Wed!K51+Fri!K51+'Mon '!K51+'Wed (2)'!K51+Sun!K51+Sat!K51) -> 0 | L51: =('Thurs (2)'!L51+Thurs!L51+'Tues '!L51+Wed!L51+Fri!L51+'Mon '!L51+'Wed (2)'!L51+Sun!L51+Sat!L51) -> 0 | M51: =('Thurs (2)'!M51+Thurs!M51+'Tues '!M51+Wed!M51+Fri!M51+'Mon '!M51+'Wed (2)'!M51+Sun!M51+Sat!M51) -> 0 | N51: =('Thurs (2)'!N51+Thurs!N51+'Tues '!N51+Wed!N51+Fri!N51+'Mon '!N51+'Wed (2)'!N51+Sun!N51+Sat!N51) -> 0 | ... T51: =('Thurs (2)'!T51+Thurs!T51+'Tues '!T51+Wed!T51+Fri!T51+'Mon '!T51+'Wed (2)'!T51+Sun!T51+Sat!T51) -> 0 | U51: =IFERROR(I51/H51,0) -> 0 | V51: =IFERROR(SUM(H51+L51)/G51,0) -> 0
A52: Joseph Gojcaj | B52: Melissa Elam | E52: MS | F52: Nathan Fast | G52: =('Thurs (2)'!G52+Thurs!G52+'Tues '!G52+Wed!G52+Fri!G52+'Mon '!G52+'Wed (2)'!G52+Sun!G52+Sat!G52) -> 0 | H52: =('Thurs (2)'!H52+Thurs!H52+'Tues '!H52+Wed!H52+Fri!H52+'Mon '!H52+'Wed (2)'!H52+Sun!H52+Sat!H52) -> 0 | I52: =('Thurs (2)'!I52+Thurs!I52+'Tues '!I52+Wed!I52+Fri!I52+'Mon '!I52+'Wed (2)'!I52+Sun!I52+Sat!I52) -> 0 | J52: =('Thurs (2)'!J52+Thurs!J52+'Tues '!J52+Wed!J52+Fri!J52+'Mon '!J52+'Wed (2)'!J52+Sun!J52+Sat!J52) -> 0 | K52: =('Thurs (2)'!K52+Thurs!K52+'Tues '!K52+Wed!K52+Fri!K52+'Mon '!K52+'Wed (2)'!K52+Sun!K52+Sat!K52) -> 0 | L52: =('Thurs (2)'!L52+Thurs!L52+'Tues '!L52+Wed!L52+Fri!L52+'Mon '!L52+'Wed (2)'!L52+Sun!L52+Sat!L52) -> 0 | M52: =('Thurs (2)'!M52+Thurs!M52+'Tues '!M52+Wed!M52+Fri!M52+'Mon '!M52+'Wed (2)'!M52+Sun!M52+Sat!M52) -> 0 | N52: =('Thurs (2)'!N52+Thurs!N52+'Tues '!N52+Wed!N52+Fri!N52+'Mon '!N52+'Wed (2)'!N52+Sun!N52+Sat!N52) -> 0 | ... T52: =('Thurs (2)'!T52+Thurs!T52+'Tues '!T52+Wed!T52+Fri!T52+'Mon '!T52+'Wed (2)'!T52+Sun!T52+Sat!T52) -> 0 | U52: =IFERROR(I52/H52,0) -> 0 | V52: =IFERROR(SUM(H52+L52)/G52,0) -> 0
A53: Joseph Gojcaj | B53: Melissa Elam | C53: Danielle Loux | D53: Y | E53: MO | F53: Danielle Loux | G53: =('Thurs (2)'!G53+Thurs!G53+'Tues '!G53+Wed!G53+Fri!G53+'Mon '!G53+'Wed (2)'!G53+Sun!G53+Sat!G53) -> 14 | H53: =('Thurs (2)'!H53+Thurs!H53+'Tues '!H53+Wed!H53+Fri!H53+'Mon '!H53+'Wed (2)'!H53+Sun!H53+Sat!H53) -> 1 | I53: =('Thurs (2)'!I53+Thurs!I53+'Tues '!I53+Wed!I53+Fri!I53+'Mon '!I53+'Wed (2)'!I53+Sun!I53+Sat!I53) -> 0 | J53: =('Thurs (2)'!J53+Thurs!J53+'Tues '!J53+Wed!J53+Fri!J53+'Mon '!J53+'Wed (2)'!J53+Sun!J53+Sat!J53) -> 0 | K53: =('Thurs (2)'!K53+Thurs!K53+'Tues '!K53+Wed!K53+Fri!K53+'Mon '!K53+'Wed (2)'!K53+Sun!K53+Sat!K53) -> 0 | L53: =('Thurs (2)'!L53+Thurs!L53+'Tues '!L53+Wed!L53+Fri!L53+'Mon '!L53+'Wed (2)'!L53+Sun!L53+Sat!L53) -> 0 | M53: =('Thurs (2)'!M53+Thurs!M53+'Tues '!M53+Wed!M53+Fri!M53+'Mon '!M53+'Wed (2)'!M53+Sun!M53+Sat!M53) -> 6 | N53: =('Thurs (2)'!N53+Thurs!N53+'Tues '!N53+Wed!N53+Fri!N53+'Mon '!N53+'Wed (2)'!N53+Sun!N53+Sat!N53) -> 1 | ... T53: =('Thurs (2)'!T53+Thurs!T53+'Tues '!T53+Wed!T53+Fri!T53+'Mon '!T53+'Wed (2)'!T53+Sun!T53+Sat!T53) -> 0 | U53: =IFERROR(I53/H53,0) -> 0 | V53: =IFERROR(SUM(H53+L53)/G53,0) -> 0.071428571
A54: Joseph Gojcaj | B54: Melissa Elam | C54: Danielle Loux | E54: TX | F54: Frances Gonzalez | G54: =('Thurs (2)'!G54+Thurs!G54+'Tues '!G54+Wed!G54+Fri!G54+'Mon '!G54+'Wed (2)'!G54+Sun!G54+Sat!G54) -> 1 | H54: =('Thurs (2)'!H54+Thurs!H54+'Tues '!H54+Wed!H54+Fri!H54+'Mon '!H54+'Wed (2)'!H54+Sun!H54+Sat!H54) -> 1 | I54: =('Thurs (2)'!I54+Thurs!I54+'Tues '!I54+Wed!I54+Fri!I54+'Mon '!I54+'Wed (2)'!I54+Sun!I54+Sat!I54) -> 0 | J54: =('Thurs (2)'!J54+Thurs!J54+'Tues '!J54+Wed!J54+Fri!J54+'Mon '!J54+'Wed (2)'!J54+Sun!J54+Sat!J54) -> 0 | K54: =('Thurs (2)'!K54+Thurs!K54+'Tues '!K54+Wed!K54+Fri!K54+'Mon '!K54+'Wed (2)'!K54+Sun!K54+Sat!K54) -> 0 | L54: =('Thurs (2)'!L54+Thurs!L54+'Tues '!L54+Wed!L54+Fri!L54+'Mon '!L54+'Wed (2)'!L54+Sun!L54+Sat!L54) -> 0 | M54: =('Thurs (2)'!M54+Thurs!M54+'Tues '!M54+Wed!M54+Fri!M54+'Mon '!M54+'Wed (2)'!M54+Sun!M54+Sat!M54) -> 1 | N54: =('Thurs (2)'!N54+Thurs!N54+'Tues '!N54+Wed!N54+Fri!N54+'Mon '!N54+'Wed (2)'!N54+Sun!N54+Sat!N54) -> 1 | ... T54: =('Thurs (2)'!T54+Thurs!T54+'Tues '!T54+Wed!T54+Fri!T54+'Mon '!T54+'Wed (2)'!T54+Sun!T54+Sat!T54) -> 0 | U54: =IFERROR(I54/H54,0) -> 0 | V54: =IFERROR(SUM(H54+L54)/G54,0) -> 1
A55: Joseph Gojcaj | B55: Melissa Elam | C55: Danielle Loux | E55: TX | F55: Chistopher Jacko | G55: =('Thurs (2)'!G55+Thurs!G55+'Tues '!G55+Wed!G55+Fri!G55+'Mon '!G55+'Wed (2)'!G55+Sun!G55+Sat!G55) -> 0 | H55: =('Thurs (2)'!H55+Thurs!H55+'Tues '!H55+Wed!H55+Fri!H55+'Mon '!H55+'Wed (2)'!H55+Sun!H55+Sat!H55) -> 0 | I55: =('Thurs (2)'!I55+Thurs!I55+'Tues '!I55+Wed!I55+Fri!I55+'Mon '!I55+'Wed (2)'!I55+Sun!I55+Sat!I55) -> 0 | J55: =('Thurs (2)'!J55+Thurs!J55+'Tues '!J55+Wed!J55+Fri!J55+'Mon '!J55+'Wed (2)'!J55+Sun!J55+Sat!J55) -> 0 | K55: =('Thurs (2)'!K55+Thurs!K55+'Tues '!K55+Wed!K55+Fri!K55+'Mon '!K55+'Wed (2)'!K55+Sun!K55+Sat!K55) -> 0 | L55: =('Thurs (2)'!L55+Thurs!L55+'Tues '!L55+Wed!L55+Fri!L55+'Mon '!L55+'Wed (2)'!L55+Sun!L55+Sat!L55) -> 0 | M55: =('Thurs (2)'!M55+Thurs!M55+'Tues '!M55+Wed!M55+Fri!M55+'Mon '!M55+'Wed (2)'!M55+Sun!M55+Sat!M55) -> 0 | N55: =('Thurs (2)'!N55+Thurs!N55+'Tues '!N55+Wed!N55+Fri!N55+'Mon '!N55+'Wed (2)'!N55+Sun!N55+Sat!N55) -> 0 | ... T55: =('Thurs (2)'!T55+Thurs!T55+'Tues '!T55+Wed!T55+Fri!T55+'Mon '!T55+'Wed (2)'!T55+Sun!T55+Sat!T55) -> 0 | U55: =IFERROR(I55/H55,0) -> 0 | V55: =IFERROR(SUM(H55+L55)/G55,0) -> 0
A56: Joseph Gojcaj | B56: Melissa Elam | C56: Danielle Loux | E56: TX | F56: Lacie Herring | G56: =('Thurs (2)'!G56+Thurs!G56+'Tues '!G56+Wed!G56+Fri!G56+'Mon '!G56+'Wed (2)'!G56+Sun!G56+Sat!G56) -> 4 | H56: =('Thurs (2)'!H56+Thurs!H56+'Tues '!H56+Wed!H56+Fri!H56+'Mon '!H56+'Wed (2)'!H56+Sun!H56+Sat!H56) -> 2 | I56: =('Thurs (2)'!I56+Thurs!I56+'Tues '!I56+Wed!I56+Fri!I56+'Mon '!I56+'Wed (2)'!I56+Sun!I56+Sat!I56) -> 0 | J56: =('Thurs (2)'!J56+Thurs!J56+'Tues '!J56+Wed!J56+Fri!J56+'Mon '!J56+'Wed (2)'!J56+Sun!J56+Sat!J56) -> 0 | K56: =('Thurs (2)'!K56+Thurs!K56+'Tues '!K56+Wed!K56+Fri!K56+'Mon '!K56+'Wed (2)'!K56+Sun!K56+Sat!K56) -> 0 | L56: =('Thurs (2)'!L56+Thurs!L56+'Tues '!L56+Wed!L56+Fri!L56+'Mon '!L56+'Wed (2)'!L56+Sun!L56+Sat!L56) -> 1 | M56: =('Thurs (2)'!M56+Thurs!M56+'Tues '!M56+Wed!M56+Fri!M56+'Mon '!M56+'Wed (2)'!M56+Sun!M56+Sat!M56) -> 6 | N56: =('Thurs (2)'!N56+Thurs!N56+'Tues '!N56+Wed!N56+Fri!N56+'Mon '!N56+'Wed (2)'!N56+Sun!N56+Sat!N56) -> 0 | ... T56: =('Thurs (2)'!T56+Thurs!T56+'Tues '!T56+Wed!T56+Fri!T56+'Mon '!T56+'Wed (2)'!T56+Sun!T56+Sat!T56) -> 0 | U56: =IFERROR(I56/H56,0) -> 0 | V56: =IFERROR(SUM(H56+L56)/G56,0) -> 0.75
A57: Joseph Gojcaj | B57: Timothy Noe | D57: Y | E57: TN | F57: Timothy Noe | G57: =('Thurs (2)'!G57+Thurs!G57+'Tues '!G57+Wed!G57+Fri!G57+'Mon '!G57+'Wed (2)'!G57+Sun!G57+Sat!G57) -> 53 | H57: =('Thurs (2)'!H57+Thurs!H57+'Tues '!H57+Wed!H57+Fri!H57+'Mon '!H57+'Wed (2)'!H57+Sun!H57+Sat!H57) -> 21 | I57: =('Thurs (2)'!I57+Thurs!I57+'Tues '!I57+Wed!I57+Fri!I57+'Mon '!I57+'Wed (2)'!I57+Sun!I57+Sat!I57) -> 12 | J57: =('Thurs (2)'!J57+Thurs!J57+'Tues '!J57+Wed!J57+Fri!J57+'Mon '!J57+'Wed (2)'!J57+Sun!J57+Sat!J57) -> 0 | K57: =('Thurs (2)'!K57+Thurs!K57+'Tues '!K57+Wed!K57+Fri!K57+'Mon '!K57+'Wed (2)'!K57+Sun!K57+Sat!K57) -> 0 | L57: =('Thurs (2)'!L57+Thurs!L57+'Tues '!L57+Wed!L57+Fri!L57+'Mon '!L57+'Wed (2)'!L57+Sun!L57+Sat!L57) -> 1 | M57: =('Thurs (2)'!M57+Thurs!M57+'Tues '!M57+Wed!M57+Fri!M57+'Mon '!M57+'Wed (2)'!M57+Sun!M57+Sat!M57) -> 47 | N57: =('Thurs (2)'!N57+Thurs!N57+'Tues '!N57+Wed!N57+Fri!N57+'Mon '!N57+'Wed (2)'!N57+Sun!N57+Sat!N57) -> 5 | ... T57: =('Thurs (2)'!T57+Thurs!T57+'Tues '!T57+Wed!T57+Fri!T57+'Mon '!T57+'Wed (2)'!T57+Sun!T57+Sat!T57) -> 18672 | U57: =IFERROR(I57/H57,0) -> 0.57142857 | V57: =IFERROR(SUM(H57+L57)/G57,0) -> 0.41509434
A58: Joseph Gojcaj | B58: Timothy Noe | C58: Preston Opperman | D58: Y | E58: TN | F58: Preston Opperman | G58: =('Thurs (2)'!G58+Thurs!G58+'Tues '!G58+Wed!G58+Fri!G58+'Mon '!G58+'Wed (2)'!G58+Sun!G58+Sat!G58) -> 8 | H58: =('Thurs (2)'!H58+Thurs!H58+'Tues '!H58+Wed!H58+Fri!H58+'Mon '!H58+'Wed (2)'!H58+Sun!H58+Sat!H58) -> 5 | I58: =('Thurs (2)'!I58+Thurs!I58+'Tues '!I58+Wed!I58+Fri!I58+'Mon '!I58+'Wed (2)'!I58+Sun!I58+Sat!I58) -> 4 | J58: =('Thurs (2)'!J58+Thurs!J58+'Tues '!J58+Wed!J58+Fri!J58+'Mon '!J58+'Wed (2)'!J58+Sun!J58+Sat!J58) -> 2 | K58: =('Thurs (2)'!K58+Thurs!K58+'Tues '!K58+Wed!K58+Fri!K58+'Mon '!K58+'Wed (2)'!K58+Sun!K58+Sat!K58) -> 2 | L58: =('Thurs (2)'!L58+Thurs!L58+'Tues '!L58+Wed!L58+Fri!L58+'Mon '!L58+'Wed (2)'!L58+Sun!L58+Sat!L58) -> 0 | M58: =('Thurs (2)'!M58+Thurs!M58+'Tues '!M58+Wed!M58+Fri!M58+'Mon '!M58+'Wed (2)'!M58+Sun!M58+Sat!M58) -> 5 | N58: =('Thurs (2)'!N58+Thurs!N58+'Tues '!N58+Wed!N58+Fri!N58+'Mon '!N58+'Wed (2)'!N58+Sun!N58+Sat!N58) -> 2 | ... T58: =('Thurs (2)'!T58+Thurs!T58+'Tues '!T58+Wed!T58+Fri!T58+'Mon '!T58+'Wed (2)'!T58+Sun!T58+Sat!T58) -> 4276 | U58: =IFERROR(I58/H58,0) -> 0.8 | V58: =IFERROR(SUM(H58+L58)/G58,0) -> 0.625
A59: Joseph Gojcaj | B59: Timothy Noe | C59: Preston Opperman | E59: TN | F59: Bilal Abdullah | G59: =('Thurs (2)'!G59+Thurs!G59+'Tues '!G59+Wed!G59+Fri!G59+'Mon '!G59+'Wed (2)'!G59+Sun!G59+Sat!G59) -> 2 | H59: =('Thurs (2)'!H59+Thurs!H59+'Tues '!H59+Wed!H59+Fri!H59+'Mon '!H59+'Wed (2)'!H59+Sun!H59+Sat!H59) -> 2 | I59: =('Thurs (2)'!I59+Thurs!I59+'Tues '!I59+Wed!I59+Fri!I59+'Mon '!I59+'Wed (2)'!I59+Sun!I59+Sat!I59) -> 1 | J59: =('Thurs (2)'!J59+Thurs!J59+'Tues '!J59+Wed!J59+Fri!J59+'Mon '!J59+'Wed (2)'!J59+Sun!J59+Sat!J59) -> 2 | K59: =('Thurs (2)'!K59+Thurs!K59+'Tues '!K59+Wed!K59+Fri!K59+'Mon '!K59+'Wed (2)'!K59+Sun!K59+Sat!K59) -> 1 | L59: =('Thurs (2)'!L59+Thurs!L59+'Tues '!L59+Wed!L59+Fri!L59+'Mon '!L59+'Wed (2)'!L59+Sun!L59+Sat!L59) -> 0 | M59: =('Thurs (2)'!M59+Thurs!M59+'Tues '!M59+Wed!M59+Fri!M59+'Mon '!M59+'Wed (2)'!M59+Sun!M59+Sat!M59) -> 0 | N59: =('Thurs (2)'!N59+Thurs!N59+'Tues '!N59+Wed!N59+Fri!N59+'Mon '!N59+'Wed (2)'!N59+Sun!N59+Sat!N59) -> 1 | ... T59: =('Thurs (2)'!T59+Thurs!T59+'Tues '!T59+Wed!T59+Fri!T59+'Mon '!T59+'Wed (2)'!T59+Sun!T59+Sat!T59) -> 1439 | U59: =IFERROR(I59/H59,0) -> 0.5 | V59: =IFERROR(SUM(H59+L59)/G59,0) -> 1
A60: Joseph Gojcaj | B60: Timothy Noe | C60: Preston Opperman | E60: TN | F60: Kain White-Conley | G60: =('Thurs (2)'!G60+Thurs!G60+'Tues '!G60+Wed!G60+Fri!G60+'Mon '!G60+'Wed (2)'!G60+Sun!G60+Sat!G60) -> 1 | H60: =('Thurs (2)'!H60+Thurs!H60+'Tues '!H60+Wed!H60+Fri!H60+'Mon '!H60+'Wed (2)'!H60+Sun!H60+Sat!H60) -> 1 | I60: =('Thurs (2)'!I60+Thurs!I60+'Tues '!I60+Wed!I60+Fri!I60+'Mon '!I60+'Wed (2)'!I60+Sun!I60+Sat!I60) -> 0 | J60: =('Thurs (2)'!J60+Thurs!J60+'Tues '!J60+Wed!J60+Fri!J60+'Mon '!J60+'Wed (2)'!J60+Sun!J60+Sat!J60) -> 0 | K60: =('Thurs (2)'!K60+Thurs!K60+'Tues '!K60+Wed!K60+Fri!K60+'Mon '!K60+'Wed (2)'!K60+Sun!K60+Sat!K60) -> 0 | L60: =('Thurs (2)'!L60+Thurs!L60+'Tues '!L60+Wed!L60+Fri!L60+'Mon '!L60+'Wed (2)'!L60+Sun!L60+Sat!L60) -> 0 | M60: =('Thurs (2)'!M60+Thurs!M60+'Tues '!M60+Wed!M60+Fri!M60+'Mon '!M60+'Wed (2)'!M60+Sun!M60+Sat!M60) -> 0 | N60: =('Thurs (2)'!N60+Thurs!N60+'Tues '!N60+Wed!N60+Fri!N60+'Mon '!N60+'Wed (2)'!N60+Sun!N60+Sat!N60) -> 1 | ... T60: =('Thurs (2)'!T60+Thurs!T60+'Tues '!T60+Wed!T60+Fri!T60+'Mon '!T60+'Wed (2)'!T60+Sun!T60+Sat!T60) -> 0 | U60: =IFERROR(I60/H60,0) -> 0 | V60: =IFERROR(SUM(H60+L60)/G60,0) -> 1
A61: MGA | B61: GA | C61: SA | E61: State | F61: Agent | G61: SETS | H61: SITS | I61: SALES | J61: OTS SITS | K61: OTS SALES | L61: N1 | M61: REF OBT | N61: REF SITS | O61: REF SALES | P61: POS SITS | Q61: POS SALES | R61: VETS SITS | S61: VET SALES | T61: ALP | U61: Close | V61: Show
A62: Javier Sandoval | D62: Y | E62: NH | F62: Javier Sandoval | G62: =('Thurs (2)'!G62+Thurs!G62+'Tues '!G62+Wed!G62+Fri!G62+'Mon '!G62+'Wed (2)'!G62+Sun!G62+Sat!G62) -> 0 | H62: =('Thurs (2)'!H62+Thurs!H62+'Tues '!H62+Wed!H62+Fri!H62+'Mon '!H62+'Wed (2)'!H62+Sun!H62+Sat!H62) -> 0 | I62: =('Thurs (2)'!I62+Thurs!I62+'Tues '!I62+Wed!I62+Fri!I62+'Mon '!I62+'Wed (2)'!I62+Sun!I62+Sat!I62) -> 0 | J62: =('Thurs (2)'!J62+Thurs!J62+'Tues '!J62+Wed!J62+Fri!J62+'Mon '!J62+'Wed (2)'!J62+Sun!J62+Sat!J62) -> 0 | K62: =('Thurs (2)'!K62+Thurs!K62+'Tues '!K62+Wed!K62+Fri!K62+'Mon '!K62+'Wed (2)'!K62+Sun!K62+Sat!K62) -> 0 | L62: =('Thurs (2)'!L62+Thurs!L62+'Tues '!L62+Wed!L62+Fri!L62+'Mon '!L62+'Wed (2)'!L62+Sun!L62+Sat!L62) -> 0 | M62: =('Thurs (2)'!M62+Thurs!M62+'Tues '!M62+Wed!M62+Fri!M62+'Mon '!M62+'Wed (2)'!M62+Sun!M62+Sat!M62) -> 0 | N62: =('Thurs (2)'!N62+Thurs!N62+'Tues '!N62+Wed!N62+Fri!N62+'Mon '!N62+'Wed (2)'!N62+Sun!N62+Sat!N62) -> 0 | ... T62: =('Thurs (2)'!T62+Thurs!T62+'Tues '!T62+Wed!T62+Fri!T62+'Mon '!T62+'Wed (2)'!T62+Sun!T62+Sat!T62) -> 0 | U62: =IFERROR(I62/H62,0) -> 0 | V62: =IFERROR(SUM(H62+L62)/G62,0) -> 0
A63: Javier Sandoval | C63: Andre Alire | D63: Y | F63: Andre Alire | G63: =('Thurs (2)'!G63+Thurs!G63+'Tues '!G63+Wed!G63+Fri!G63+'Mon '!G63+'Wed (2)'!G63+Sun!G63+Sat!G63) -> 0 | H63: =('Thurs (2)'!H63+Thurs!H63+'Tues '!H63+Wed!H63+Fri!H63+'Mon '!H63+'Wed (2)'!H63+Sun!H63+Sat!H63) -> 0 | I63: =('Thurs (2)'!I63+Thurs!I63+'Tues '!I63+Wed!I63+Fri!I63+'Mon '!I63+'Wed (2)'!I63+Sun!I63+Sat!I63) -> 0 | J63: =('Thurs (2)'!J63+Thurs!J63+'Tues '!J63+Wed!J63+Fri!J63+'Mon '!J63+'Wed (2)'!J63+Sun!J63+Sat!J63) -> 0 | K63: =('Thurs (2)'!K63+Thurs!K63+'Tues '!K63+Wed!K63+Fri!K63+'Mon '!K63+'Wed (2)'!K63+Sun!K63+Sat!K63) -> 0 | L63: =('Thurs (2)'!L63+Thurs!L63+'Tues '!L63+Wed!L63+Fri!L63+'Mon '!L63+'Wed (2)'!L63+Sun!L63+Sat!L63) -> 0 | M63: =('Thurs (2)'!M63+Thurs!M63+'Tues '!M63+Wed!M63+Fri!M63+'Mon '!M63+'Wed (2)'!M63+Sun!M63+Sat!M63) -> 0 | N63: =('Thurs (2)'!N63+Thurs!N63+'Tues '!N63+Wed!N63+Fri!N63+'Mon '!N63+'Wed (2)'!N63+Sun!N63+Sat!N63) -> 0 | ... T63: =('Thurs (2)'!T63+Thurs!T63+'Tues '!T63+Wed!T63+Fri!T63+'Mon '!T63+'Wed (2)'!T63+Sun!T63+Sat!T63) -> 0 | U63: =IFERROR(I63/H63,0) -> 0 | V63: =IFERROR(SUM(H63+L63)/G63,0) -> 0
A64: Javier Sandoval | C64: Andre Alire | F64: Kelvin Claney | G64: =('Thurs (2)'!G64+Thurs!G64+'Tues '!G64+Wed!G64+Fri!G64+'Mon '!G64+'Wed (2)'!G64+Sun!G64+Sat!G64) -> 0 | H64: =('Thurs (2)'!H64+Thurs!H64+'Tues '!H64+Wed!H64+Fri!H64+'Mon '!H64+'Wed (2)'!H64+Sun!H64+Sat!H64) -> 0 | I64: =('Thurs (2)'!I64+Thurs!I64+'Tues '!I64+Wed!I64+Fri!I64+'Mon '!I64+'Wed (2)'!I64+Sun!I64+Sat!I64) -> 0 | J64: =('Thurs (2)'!J64+Thurs!J64+'Tues '!J64+Wed!J64+Fri!J64+'Mon '!J64+'Wed (2)'!J64+Sun!J64+Sat!J64) -> 0 | K64: =('Thurs (2)'!K64+Thurs!K64+'Tues '!K64+Wed!K64+Fri!K64+'Mon '!K64+'Wed (2)'!K64+Sun!K64+Sat!K64) -> 0 | L64: =('Thurs (2)'!L64+Thurs!L64+'Tues '!L64+Wed!L64+Fri!L64+'Mon '!L64+'Wed (2)'!L64+Sun!L64+Sat!L64) -> 0 | M64: =('Thurs (2)'!M64+Thurs!M64+'Tues '!M64+Wed!M64+Fri!M64+'Mon '!M64+'Wed (2)'!M64+Sun!M64+Sat!M64) -> 0 | N64: =('Thurs (2)'!N64+Thurs!N64+'Tues '!N64+Wed!N64+Fri!N64+'Mon '!N64+'Wed (2)'!N64+Sun!N64+Sat!N64) -> 0 | ... T64: =('Thurs (2)'!T64+Thurs!T64+'Tues '!T64+Wed!T64+Fri!T64+'Mon '!T64+'Wed (2)'!T64+Sun!T64+Sat!T64) -> 0 | U64: =IFERROR(I64/H64,0) -> 0 | V64: =IFERROR(SUM(H64+L64)/G64,0) -> 0
A65: Javier Sandoval | C65: Jacob Bandyk | F65: Jacob Bandyk | G65: =('Thurs (2)'!G65+Thurs!G65+'Tues '!G65+Wed!G65+Fri!G65+'Mon '!G65+'Wed (2)'!G65+Sun!G65+Sat!G65) -> 0 | H65: =('Thurs (2)'!H65+Thurs!H65+'Tues '!H65+Wed!H65+Fri!H65+'Mon '!H65+'Wed (2)'!H65+Sun!H65+Sat!H65) -> 0 | I65: =('Thurs (2)'!I65+Thurs!I65+'Tues '!I65+Wed!I65+Fri!I65+'Mon '!I65+'Wed (2)'!I65+Sun!I65+Sat!I65) -> 0 | J65: =('Thurs (2)'!J65+Thurs!J65+'Tues '!J65+Wed!J65+Fri!J65+'Mon '!J65+'Wed (2)'!J65+Sun!J65+Sat!J65) -> 0 | K65: =('Thurs (2)'!K65+Thurs!K65+'Tues '!K65+Wed!K65+Fri!K65+'Mon '!K65+'Wed (2)'!K65+Sun!K65+Sat!K65) -> 0 | L65: =('Thurs (2)'!L65+Thurs!L65+'Tues '!L65+Wed!L65+Fri!L65+'Mon '!L65+'Wed (2)'!L65+Sun!L65+Sat!L65) -> 0 | M65: =('Thurs (2)'!M65+Thurs!M65+'Tues '!M65+Wed!M65+Fri!M65+'Mon '!M65+'Wed (2)'!M65+Sun!M65+Sat!M65) -> 0 | N65: =('Thurs (2)'!N65+Thurs!N65+'Tues '!N65+Wed!N65+Fri!N65+'Mon '!N65+'Wed (2)'!N65+Sun!N65+Sat!N65) -> 0 | ... T65: =('Thurs (2)'!T65+Thurs!T65+'Tues '!T65+Wed!T65+Fri!T65+'Mon '!T65+'Wed (2)'!T65+Sun!T65+Sat!T65) -> 0 | U65: =IFERROR(I65/H65,0) -> 0 | V65: =IFERROR(SUM(H65+L65)/G65,0) -> 0
A66: Javier Sandoval | C66: Jacob Bandyk | E66: ID | F66: Alayna Halverson | G66: =('Thurs (2)'!G66+Thurs!G66+'Tues '!G66+Wed!G66+Fri!G66+'Mon '!G66+'Wed (2)'!G66+Sun!G66+Sat!G66) -> 0 | H66: =('Thurs (2)'!H66+Thurs!H66+'Tues '!H66+Wed!H66+Fri!H66+'Mon '!H66+'Wed (2)'!H66+Sun!H66+Sat!H66) -> 0 | I66: =('Thurs (2)'!I66+Thurs!I66+'Tues '!I66+Wed!I66+Fri!I66+'Mon '!I66+'Wed (2)'!I66+Sun!I66+Sat!I66) -> 0 | J66: =('Thurs (2)'!J66+Thurs!J66+'Tues '!J66+Wed!J66+Fri!J66+'Mon '!J66+'Wed (2)'!J66+Sun!J66+Sat!J66) -> 0 | K66: =('Thurs (2)'!K66+Thurs!K66+'Tues '!K66+Wed!K66+Fri!K66+'Mon '!K66+'Wed (2)'!K66+Sun!K66+Sat!K66) -> 0 | L66: =('Thurs (2)'!L66+Thurs!L66+'Tues '!L66+Wed!L66+Fri!L66+'Mon '!L66+'Wed (2)'!L66+Sun!L66+Sat!L66) -> 0 | M66: =('Thurs (2)'!M66+Thurs!M66+'Tues '!M66+Wed!M66+Fri!M66+'Mon '!M66+'Wed (2)'!M66+Sun!M66+Sat!M66) -> 0 | N66: =('Thurs (2)'!N66+Thurs!N66+'Tues '!N66+Wed!N66+Fri!N66+'Mon '!N66+'Wed (2)'!N66+Sun!N66+Sat!N66) -> 0 | ... T66: =('Thurs (2)'!T66+Thurs!T66+'Tues '!T66+Wed!T66+Fri!T66+'Mon '!T66+'Wed (2)'!T66+Sun!T66+Sat!T66) -> 0 | U66: =IFERROR(I66/H66,0) -> 0 | V66: =IFERROR(SUM(H66+L66)/G66,0) -> 0
A67: MGA | B67: GA | C67: SA | E67: State | F67: Agent | G67: SETS | H67: SITS | I67: SALES | J67: OTS SITS | K67: OTS SALES | L67: N1 | M67: REF OBT | N67: REF SITS | O67: REF SALES | P67: POS SITS | Q67: POS SALES | R67: VETS SITS | S67: VET SALES | T67: ALP | U67: Close | V67: Show
A68: Derron Alexander | D68: Y | E68: NY | F68: Derron Alexander | G68: =('Thurs (2)'!G68+Thurs!G68+'Tues '!G68+Wed!G68+Fri!G68+'Mon '!G68+'Wed (2)'!G68+Sun!G68+Sat!G68) -> 0 | H68: =('Thurs (2)'!H68+Thurs!H68+'Tues '!H68+Wed!H68+Fri!H68+'Mon '!H68+'Wed (2)'!H68+Sun!H68+Sat!H68) -> 0 | I68: =('Thurs (2)'!I68+Thurs!I68+'Tues '!I68+Wed!I68+Fri!I68+'Mon '!I68+'Wed (2)'!I68+Sun!I68+Sat!I68) -> 0 | J68: =('Thurs (2)'!J68+Thurs!J68+'Tues '!J68+Wed!J68+Fri!J68+'Mon '!J68+'Wed (2)'!J68+Sun!J68+Sat!J68) -> 0 | K68: =('Thurs (2)'!K68+Thurs!K68+'Tues '!K68+Wed!K68+Fri!K68+'Mon '!K68+'Wed (2)'!K68+Sun!K68+Sat!K68) -> 0 | L68: =('Thurs (2)'!L68+Thurs!L68+'Tues '!L68+Wed!L68+Fri!L68+'Mon '!L68+'Wed (2)'!L68+Sun!L68+Sat!L68) -> 0 | M68: =('Thurs (2)'!M68+Thurs!M68+'Tues '!M68+Wed!M68+Fri!M68+'Mon '!M68+'Wed (2)'!M68+Sun!M68+Sat!M68) -> 0 | N68: =('Thurs (2)'!N68+Thurs!N68+'Tues '!N68+Wed!N68+Fri!N68+'Mon '!N68+'Wed (2)'!N68+Sun!N68+Sat!N68) -> 0 | ... T68: =('Thurs (2)'!T68+Thurs!T68+'Tues '!T68+Wed!T68+Fri!T68+'Mon '!T68+'Wed (2)'!T68+Sun!T68+Sat!T68) -> 0 | U68: =IFERROR(I68/H68,0) -> 0 | V68: =IFERROR(SUM(H68+L68)/G68,0) -> 0
A69: Derron Alexander | E69: NY | F69: Dylan Alexander | G69: =('Thurs (2)'!G69+Thurs!G69+'Tues '!G69+Wed!G69+Fri!G69+'Mon '!G69+'Wed (2)'!G69+Sun!G69+Sat!G69) -> 0 | H69: =('Thurs (2)'!H69+Thurs!H69+'Tues '!H69+Wed!H69+Fri!H69+'Mon '!H69+'Wed (2)'!H69+Sun!H69+Sat!H69) -> 0 | I69: =('Thurs (2)'!I69+Thurs!I69+'Tues '!I69+Wed!I69+Fri!I69+'Mon '!I69+'Wed (2)'!I69+Sun!I69+Sat!I69) -> 0 | J69: =('Thurs (2)'!J69+Thurs!J69+'Tues '!J69+Wed!J69+Fri!J69+'Mon '!J69+'Wed (2)'!J69+Sun!J69+Sat!J69) -> 0 | K69: =('Thurs (2)'!K69+Thurs!K69+'Tues '!K69+Wed!K69+Fri!K69+'Mon '!K69+'Wed (2)'!K69+Sun!K69+Sat!K69) -> 0 | L69: =('Thurs (2)'!L69+Thurs!L69+'Tues '!L69+Wed!L69+Fri!L69+'Mon '!L69+'Wed (2)'!L69+Sun!L69+Sat!L69) -> 0 | M69: =('Thurs (2)'!M69+Thurs!M69+'Tues '!M69+Wed!M69+Fri!M69+'Mon '!M69+'Wed (2)'!M69+Sun!M69+Sat!M69) -> 0 | N69: =('Thurs (2)'!N69+Thurs!N69+'Tues '!N69+Wed!N69+Fri!N69+'Mon '!N69+'Wed (2)'!N69+Sun!N69+Sat!N69) -> 0 | ... T69: =('Thurs (2)'!T69+Thurs!T69+'Tues '!T69+Wed!T69+Fri!T69+'Mon '!T69+'Wed (2)'!T69+Sun!T69+Sat!T69) -> 0 | U69: =IFERROR(I69/H69,0) -> 0 | V69: =IFERROR(SUM(H69+L69)/G69,0) -> 0
A70: Derron Alexander | E70: NY | F70: Kisha Darby | G70: =('Thurs (2)'!G70+Thurs!G70+'Tues '!G70+Wed!G70+Fri!G70+'Mon '!G70+'Wed (2)'!G70+Sun!G70+Sat!G70) -> 0 | H70: =('Thurs (2)'!H70+Thurs!H70+'Tues '!H70+Wed!H70+Fri!H70+'Mon '!H70+'Wed (2)'!H70+Sun!H70+Sat!H70) -> 0 | I70: =('Thurs (2)'!I70+Thurs!I70+'Tues '!I70+Wed!I70+Fri!I70+'Mon '!I70+'Wed (2)'!I70+Sun!I70+Sat!I70) -> 0 | J70: =('Thurs (2)'!J70+Thurs!J70+'Tues '!J70+Wed!J70+Fri!J70+'Mon '!J70+'Wed (2)'!J70+Sun!J70+Sat!J70) -> 0 | K70: =('Thurs (2)'!K70+Thurs!K70+'Tues '!K70+Wed!K70+Fri!K70+'Mon '!K70+'Wed (2)'!K70+Sun!K70+Sat!K70) -> 0 | L70: =('Thurs (2)'!L70+Thurs!L70+'Tues '!L70+Wed!L70+Fri!L70+'Mon '!L70+'Wed (2)'!L70+Sun!L70+Sat!L70) -> 0 | M70: =('Thurs (2)'!M70+Thurs!M70+'Tues '!M70+Wed!M70+Fri!M70+'Mon '!M70+'Wed (2)'!M70+Sun!M70+Sat!M70) -> 0 | N70: =('Thurs (2)'!N70+Thurs!N70+'Tues '!N70+Wed!N70+Fri!N70+'Mon '!N70+'Wed (2)'!N70+Sun!N70+Sat!N70) -> 0 | ... T70: =('Thurs (2)'!T70+Thurs!T70+'Tues '!T70+Wed!T70+Fri!T70+'Mon '!T70+'Wed (2)'!T70+Sun!T70+Sat!T70) -> 0 | U70: =IFERROR(I70/H70,0) -> 0 | V70: =IFERROR(SUM(H70+L70)/G70,0) -> 0
A71: Derron Alexander | E71: NY | F71: Scott Harrison | G71: =('Thurs (2)'!G71+Thurs!G71+'Tues '!G71+Wed!G71+Fri!G71+'Mon '!G71+'Wed (2)'!G71+Sun!G71+Sat!G71) -> 0 | H71: =('Thurs (2)'!H71+Thurs!H71+'Tues '!H71+Wed!H71+Fri!H71+'Mon '!H71+'Wed (2)'!H71+Sun!H71+Sat!H71) -> 0 | I71: =('Thurs (2)'!I71+Thurs!I71+'Tues '!I71+Wed!I71+Fri!I71+'Mon '!I71+'Wed (2)'!I71+Sun!I71+Sat!I71) -> 0 | J71: =('Thurs (2)'!J71+Thurs!J71+'Tues '!J71+Wed!J71+Fri!J71+'Mon '!J71+'Wed (2)'!J71+Sun!J71+Sat!J71) -> 0 | K71: =('Thurs (2)'!K71+Thurs!K71+'Tues '!K71+Wed!K71+Fri!K71+'Mon '!K71+'Wed (2)'!K71+Sun!K71+Sat!K71) -> 0 | L71: =('Thurs (2)'!L71+Thurs!L71+'Tues '!L71+Wed!L71+Fri!L71+'Mon '!L71+'Wed (2)'!L71+Sun!L71+Sat!L71) -> 0 | M71: =('Thurs (2)'!M71+Thurs!M71+'Tues '!M71+Wed!M71+Fri!M71+'Mon '!M71+'Wed (2)'!M71+Sun!M71+Sat!M71) -> 0 | N71: =('Thurs (2)'!N71+Thurs!N71+'Tues '!N71+Wed!N71+Fri!N71+'Mon '!N71+'Wed (2)'!N71+Sun!N71+Sat!N71) -> 0 | ... T71: =('Thurs (2)'!T71+Thurs!T71+'Tues '!T71+Wed!T71+Fri!T71+'Mon '!T71+'Wed (2)'!T71+Sun!T71+Sat!T71) -> 0 | U71: =IFERROR(I71/H71,0) -> 0 | V71: =IFERROR(SUM(H71+L71)/G71,0) -> 0
A72: Derron Alexander | E72: NY | F72: Michael Dolin | G72: =('Thurs (2)'!G72+Thurs!G72+'Tues '!G72+Wed!G72+Fri!G72+'Mon '!G72+'Wed (2)'!G72+Sun!G72+Sat!G72) -> 0 | H72: =('Thurs (2)'!H72+Thurs!H72+'Tues '!H72+Wed!H72+Fri!H72+'Mon '!H72+'Wed (2)'!H72+Sun!H72+Sat!H72) -> 0 | I72: =('Thurs (2)'!I72+Thurs!I72+'Tues '!I72+Wed!I72+Fri!I72+'Mon '!I72+'Wed (2)'!I72+Sun!I72+Sat!I72) -> 0 | J72: =('Thurs (2)'!J72+Thurs!J72+'Tues '!J72+Wed!J72+Fri!J72+'Mon '!J72+'Wed (2)'!J72+Sun!J72+Sat!J72) -> 0 | K72: =('Thurs (2)'!K72+Thurs!K72+'Tues '!K72+Wed!K72+Fri!K72+'Mon '!K72+'Wed (2)'!K72+Sun!K72+Sat!K72) -> 0 | L72: =('Thurs (2)'!L72+Thurs!L72+'Tues '!L72+Wed!L72+Fri!L72+'Mon '!L72+'Wed (2)'!L72+Sun!L72+Sat!L72) -> 0 | M72: =('Thurs (2)'!M72+Thurs!M72+'Tues '!M72+Wed!M72+Fri!M72+'Mon '!M72+'Wed (2)'!M72+Sun!M72+Sat!M72) -> 0 | N72: =('Thurs (2)'!N72+Thurs!N72+'Tues '!N72+Wed!N72+Fri!N72+'Mon '!N72+'Wed (2)'!N72+Sun!N72+Sat!N72) -> 0 | ... T72: =('Thurs (2)'!T72+Thurs!T72+'Tues '!T72+Wed!T72+Fri!T72+'Mon '!T72+'Wed (2)'!T72+Sun!T72+Sat!T72) -> 0 | U72: =IFERROR(I72/H72,0) -> 0 | V72: =IFERROR(SUM(H72+L72)/G72,0) -> 0
A73: Derron Alexander | E73: NY | F73: Toel Jefferson | G73: =('Thurs (2)'!G73+Thurs!G73+'Tues '!G73+Wed!G73+Fri!G73+'Mon '!G73+'Wed (2)'!G73+Sun!G73+Sat!G73) -> 0 | H73: =('Thurs (2)'!H73+Thurs!H73+'Tues '!H73+Wed!H73+Fri!H73+'Mon '!H73+'Wed (2)'!H73+Sun!H73+Sat!H73) -> 0 | I73: =('Thurs (2)'!I73+Thurs!I73+'Tues '!I73+Wed!I73+Fri!I73+'Mon '!I73+'Wed (2)'!I73+Sun!I73+Sat!I73) -> 0 | J73: =('Thurs (2)'!J73+Thurs!J73+'Tues '!J73+Wed!J73+Fri!J73+'Mon '!J73+'Wed (2)'!J73+Sun!J73+Sat!J73) -> 0 | K73: =('Thurs (2)'!K73+Thurs!K73+'Tues '!K73+Wed!K73+Fri!K73+'Mon '!K73+'Wed (2)'!K73+Sun!K73+Sat!K73) -> 0 | L73: =('Thurs (2)'!L73+Thurs!L73+'Tues '!L73+Wed!L73+Fri!L73+'Mon '!L73+'Wed (2)'!L73+Sun!L73+Sat!L73) -> 0 | M73: =('Thurs (2)'!M73+Thurs!M73+'Tues '!M73+Wed!M73+Fri!M73+'Mon '!M73+'Wed (2)'!M73+Sun!M73+Sat!M73) -> 0 | N73: =('Thurs (2)'!N73+Thurs!N73+'Tues '!N73+Wed!N73+Fri!N73+'Mon '!N73+'Wed (2)'!N73+Sun!N73+Sat!N73) -> 0 | ... T73: =('Thurs (2)'!T73+Thurs!T73+'Tues '!T73+Wed!T73+Fri!T73+'Mon '!T73+'Wed (2)'!T73+Sun!T73+Sat!T73) -> 0 | U73: =IFERROR(I73/H73,0) -> 0 | V73: =IFERROR(SUM(H73+L73)/G73,0) -> 0
A74: Derron Alexander | E74: NY | F74: Zev Bienenstock | G74: =('Thurs (2)'!G74+Thurs!G74+'Tues '!G74+Wed!G74+Fri!G74+'Mon '!G74+'Wed (2)'!G74+Sun!G74+Sat!G74) -> 0 | H74: =('Thurs (2)'!H74+Thurs!H74+'Tues '!H74+Wed!H74+Fri!H74+'Mon '!H74+'Wed (2)'!H74+Sun!H74+Sat!H74) -> 0 | I74: =('Thurs (2)'!I74+Thurs!I74+'Tues '!I74+Wed!I74+Fri!I74+'Mon '!I74+'Wed (2)'!I74+Sun!I74+Sat!I74) -> 0 | J74: =('Thurs (2)'!J74+Thurs!J74+'Tues '!J74+Wed!J74+Fri!J74+'Mon '!J74+'Wed (2)'!J74+Sun!J74+Sat!J74) -> 0 | K74: =('Thurs (2)'!K74+Thurs!K74+'Tues '!K74+Wed!K74+Fri!K74+'Mon '!K74+'Wed (2)'!K74+Sun!K74+Sat!K74) -> 0 | L74: =('Thurs (2)'!L74+Thurs!L74+'Tues '!L74+Wed!L74+Fri!L74+'Mon '!L74+'Wed (2)'!L74+Sun!L74+Sat!L74) -> 0 | M74: =('Thurs (2)'!M74+Thurs!M74+'Tues '!M74+Wed!M74+Fri!M74+'Mon '!M74+'Wed (2)'!M74+Sun!M74+Sat!M74) -> 0 | N74: =('Thurs (2)'!N74+Thurs!N74+'Tues '!N74+Wed!N74+Fri!N74+'Mon '!N74+'Wed (2)'!N74+Sun!N74+Sat!N74) -> 0 | ... T74: =('Thurs (2)'!T74+Thurs!T74+'Tues '!T74+Wed!T74+Fri!T74+'Mon '!T74+'Wed (2)'!T74+Sun!T74+Sat!T74) -> 0 | U74: =IFERROR(I74/H74,0) -> 0 | V74: =IFERROR(SUM(H74+L74)/G74,0) -> 0
A75: Derron Alexander | E75: NY | F75: Julia Rodriguez | G75: =('Thurs (2)'!G75+Thurs!G75+'Tues '!G75+Wed!G75+Fri!G75+'Mon '!G75+'Wed (2)'!G75+Sun!G75+Sat!G75) -> 0 | H75: =('Thurs (2)'!H75+Thurs!H75+'Tues '!H75+Wed!H75+Fri!H75+'Mon '!H75+'Wed (2)'!H75+Sun!H75+Sat!H75) -> 0 | I75: =('Thurs (2)'!I75+Thurs!I75+'Tues '!I75+Wed!I75+Fri!I75+'Mon '!I75+'Wed (2)'!I75+Sun!I75+Sat!I75) -> 0 | J75: =('Thurs (2)'!J75+Thurs!J75+'Tues '!J75+Wed!J75+Fri!J75+'Mon '!J75+'Wed (2)'!J75+Sun!J75+Sat!J75) -> 0 | K75: =('Thurs (2)'!K75+Thurs!K75+'Tues '!K75+Wed!K75+Fri!K75+'Mon '!K75+'Wed (2)'!K75+Sun!K75+Sat!K75) -> 0 | L75: =('Thurs (2)'!L75+Thurs!L75+'Tues '!L75+Wed!L75+Fri!L75+'Mon '!L75+'Wed (2)'!L75+Sun!L75+Sat!L75) -> 0 | M75: =('Thurs (2)'!M75+Thurs!M75+'Tues '!M75+Wed!M75+Fri!M75+'Mon '!M75+'Wed (2)'!M75+Sun!M75+Sat!M75) -> 0 | N75: =('Thurs (2)'!N75+Thurs!N75+'Tues '!N75+Wed!N75+Fri!N75+'Mon '!N75+'Wed (2)'!N75+Sun!N75+Sat!N75) -> 0 | ... T75: =('Thurs (2)'!T75+Thurs!T75+'Tues '!T75+Wed!T75+Fri!T75+'Mon '!T75+'Wed (2)'!T75+Sun!T75+Sat!T75) -> 0 | U75: =IFERROR(I75/H75,0) -> 0 | V75: =IFERROR(SUM(H75+L75)/G75,0) -> 0
A76: Derron Alexander | E76: NY | F76: Marie Cano | G76: =('Thurs (2)'!G76+Thurs!G76+'Tues '!G76+Wed!G76+Fri!G76+'Mon '!G76+'Wed (2)'!G76+Sun!G76+Sat!G76) -> 0 | H76: =('Thurs (2)'!H76+Thurs!H76+'Tues '!H76+Wed!H76+Fri!H76+'Mon '!H76+'Wed (2)'!H76+Sun!H76+Sat!H76) -> 0 | I76: =('Thurs (2)'!I76+Thurs!I76+'Tues '!I76+Wed!I76+Fri!I76+'Mon '!I76+'Wed (2)'!I76+Sun!I76+Sat!I76) -> 0 | J76: =('Thurs (2)'!J76+Thurs!J76+'Tues '!J76+Wed!J76+Fri!J76+'Mon '!J76+'Wed (2)'!J76+Sun!J76+Sat!J76) -> 0 | K76: =('Thurs (2)'!K76+Thurs!K76+'Tues '!K76+Wed!K76+Fri!K76+'Mon '!K76+'Wed (2)'!K76+Sun!K76+Sat!K76) -> 0 | L76: =('Thurs (2)'!L76+Thurs!L76+'Tues '!L76+Wed!L76+Fri!L76+'Mon '!L76+'Wed (2)'!L76+Sun!L76+Sat!L76) -> 0 | M76: =('Thurs (2)'!M76+Thurs!M76+'Tues '!M76+Wed!M76+Fri!M76+'Mon '!M76+'Wed (2)'!M76+Sun!M76+Sat!M76) -> 0 | N76: =('Thurs (2)'!N76+Thurs!N76+'Tues '!N76+Wed!N76+Fri!N76+'Mon '!N76+'Wed (2)'!N76+Sun!N76+Sat!N76) -> 0 | ... T76: =('Thurs (2)'!T76+Thurs!T76+'Tues '!T76+Wed!T76+Fri!T76+'Mon '!T76+'Wed (2)'!T76+Sun!T76+Sat!T76) -> 0 | U76: =IFERROR(I76/H76,0) -> 0 | V76: =IFERROR(SUM(H76+L76)/G76,0) -> 0
A77: Derron Alexander | E77: NY | F77: Jordan McFarlane | G77: =('Thurs (2)'!G77+Thurs!G77+'Tues '!G77+Wed!G77+Fri!G77+'Mon '!G77+'Wed (2)'!G77+Sun!G77+Sat!G77) -> 0 | H77: =('Thurs (2)'!H77+Thurs!H77+'Tues '!H77+Wed!H77+Fri!H77+'Mon '!H77+'Wed (2)'!H77+Sun!H77+Sat!H77) -> 0 | I77: =('Thurs (2)'!I77+Thurs!I77+'Tues '!I77+Wed!I77+Fri!I77+'Mon '!I77+'Wed (2)'!I77+Sun!I77+Sat!I77) -> 0 | J77: =('Thurs (2)'!J77+Thurs!J77+'Tues '!J77+Wed!J77+Fri!J77+'Mon '!J77+'Wed (2)'!J77+Sun!J77+Sat!J77) -> 0 | K77: =('Thurs (2)'!K77+Thurs!K77+'Tues '!K77+Wed!K77+Fri!K77+'Mon '!K77+'Wed (2)'!K77+Sun!K77+Sat!K77) -> 0 | L77: =('Thurs (2)'!L77+Thurs!L77+'Tues '!L77+Wed!L77+Fri!L77+'Mon '!L77+'Wed (2)'!L77+Sun!L77+Sat!L77) -> 0 | M77: =('Thurs (2)'!M77+Thurs!M77+'Tues '!M77+Wed!M77+Fri!M77+'Mon '!M77+'Wed (2)'!M77+Sun!M77+Sat!M77) -> 0 | N77: =('Thurs (2)'!N77+Thurs!N77+'Tues '!N77+Wed!N77+Fri!N77+'Mon '!N77+'Wed (2)'!N77+Sun!N77+Sat!N77) -> 0 | ... T77: =('Thurs (2)'!T77+Thurs!T77+'Tues '!T77+Wed!T77+Fri!T77+'Mon '!T77+'Wed (2)'!T77+Sun!T77+Sat!T77) -> 0 | U77: =IFERROR(I77/H77,0) -> 0 | V77: =IFERROR(SUM(H77+L77)/G77,0) -> 0
A78: MGA | B78: GA | C78: SA | E78: State | F78: Agent | G78: SETS | H78: SITS | I78: SALES | J78: OTS SITS | K78: OTS SALES | L78: N1 | M78: REF OBT | N78: REF SITS | O78: REF SALES | P78: POS SITS | Q78: POS SALES | R78: VETS SITS | S78: VET SALES | T78: ALP | U78: Close | V78: Show
A79: David Fulfer | D79: Y | E79: SC | F79: David Fulfer | G79: =('Thurs (2)'!G79+Thurs!G79+'Tues '!G79+Wed!G79+Fri!G79+'Mon '!G79+'Wed (2)'!G79+Sun!G79+Sat!G79) -> 0 | H79: =('Thurs (2)'!H79+Thurs!H79+'Tues '!H79+Wed!H79+Fri!H79+'Mon '!H79+'Wed (2)'!H79+Sun!H79+Sat!H79) -> 0 | I79: =('Thurs (2)'!I79+Thurs!I79+'Tues '!I79+Wed!I79+Fri!I79+'Mon '!I79+'Wed (2)'!I79+Sun!I79+Sat!I79) -> 0 | J79: =('Thurs (2)'!J79+Thurs!J79+'Tues '!J79+Wed!J79+Fri!J79+'Mon '!J79+'Wed (2)'!J79+Sun!J79+Sat!J79) -> 0 | K79: =('Thurs (2)'!K79+Thurs!K79+'Tues '!K79+Wed!K79+Fri!K79+'Mon '!K79+'Wed (2)'!K79+Sun!K79+Sat!K79) -> 0 | L79: =('Thurs (2)'!L79+Thurs!L79+'Tues '!L79+Wed!L79+Fri!L79+'Mon '!L79+'Wed (2)'!L79+Sun!L79+Sat!L79) -> 0 | M79: =('Thurs (2)'!M79+Thurs!M79+'Tues '!M79+Wed!M79+Fri!M79+'Mon '!M79+'Wed (2)'!M79+Sun!M79+Sat!M79) -> 0 | N79: =('Thurs (2)'!N79+Thurs!N79+'Tues '!N79+Wed!N79+Fri!N79+'Mon '!N79+'Wed (2)'!N79+Sun!N79+Sat!N79) -> 0 | ... T79: =('Thurs (2)'!T79+Thurs!T79+'Tues '!T79+Wed!T79+Fri!T79+'Mon '!T79+'Wed (2)'!T79+Sun!T79+Sat!T79) -> 0 | U79: =IFERROR(I79/H79,0) -> 0 | V79: =IFERROR(SUM(H79+L79)/G79,0) -> 0
A80: David Fulfer | E80: MO | F80: William Benline | G80: =('Thurs (2)'!G80+Thurs!G80+'Tues '!G80+Wed!G80+Fri!G80+'Mon '!G80+'Wed (2)'!G80+Sun!G80+Sat!G80) -> 0 | H80: =('Thurs (2)'!H80+Thurs!H80+'Tues '!H80+Wed!H80+Fri!H80+'Mon '!H80+'Wed (2)'!H80+Sun!H80+Sat!H80) -> 0 | I80: =('Thurs (2)'!I80+Thurs!I80+'Tues '!I80+Wed!I80+Fri!I80+'Mon '!I80+'Wed (2)'!I80+Sun!I80+Sat!I80) -> 0 | J80: =('Thurs (2)'!J80+Thurs!J80+'Tues '!J80+Wed!J80+Fri!J80+'Mon '!J80+'Wed (2)'!J80+Sun!J80+Sat!J80) -> 0 | K80: =('Thurs (2)'!K80+Thurs!K80+'Tues '!K80+Wed!K80+Fri!K80+'Mon '!K80+'Wed (2)'!K80+Sun!K80+Sat!K80) -> 0 | L80: =('Thurs (2)'!L80+Thurs!L80+'Tues '!L80+Wed!L80+Fri!L80+'Mon '!L80+'Wed (2)'!L80+Sun!L80+Sat!L80) -> 0 | M80: =('Thurs (2)'!M80+Thurs!M80+'Tues '!M80+Wed!M80+Fri!M80+'Mon '!M80+'Wed (2)'!M80+Sun!M80+Sat!M80) -> 0 | N80: =('Thurs (2)'!N80+Thurs!N80+'Tues '!N80+Wed!N80+Fri!N80+'Mon '!N80+'Wed (2)'!N80+Sun!N80+Sat!N80) -> 0 | ... T80: =('Thurs (2)'!T80+Thurs!T80+'Tues '!T80+Wed!T80+Fri!T80+'Mon '!T80+'Wed (2)'!T80+Sun!T80+Sat!T80) -> 0 | U80: =IFERROR(I80/H80,0) -> 0 | V80: =IFERROR(SUM(H80+L80)/G80,0) -> 0
A81: David Fulfer | C81: Ken Hermann | D81: Y | E81: TX | F81: Ken Hermann | G81: =('Thurs (2)'!G81+Thurs!G81+'Tues '!G81+Wed!G81+Fri!G81+'Mon '!G81+'Wed (2)'!G81+Sun!G81+Sat!G81) -> 5 | H81: =('Thurs (2)'!H81+Thurs!H81+'Tues '!H81+Wed!H81+Fri!H81+'Mon '!H81+'Wed (2)'!H81+Sun!H81+Sat!H81) -> 4 | I81: =('Thurs (2)'!I81+Thurs!I81+'Tues '!I81+Wed!I81+Fri!I81+'Mon '!I81+'Wed (2)'!I81+Sun!I81+Sat!I81) -> 5 | J81: =('Thurs (2)'!J81+Thurs!J81+'Tues '!J81+Wed!J81+Fri!J81+'Mon '!J81+'Wed (2)'!J81+Sun!J81+Sat!J81) -> 2 | K81: =('Thurs (2)'!K81+Thurs!K81+'Tues '!K81+Wed!K81+Fri!K81+'Mon '!K81+'Wed (2)'!K81+Sun!K81+Sat!K81) -> 2 | L81: =('Thurs (2)'!L81+Thurs!L81+'Tues '!L81+Wed!L81+Fri!L81+'Mon '!L81+'Wed (2)'!L81+Sun!L81+Sat!L81) -> 0 | M81: =('Thurs (2)'!M81+Thurs!M81+'Tues '!M81+Wed!M81+Fri!M81+'Mon '!M81+'Wed (2)'!M81+Sun!M81+Sat!M81) -> 22 | N81: =('Thurs (2)'!N81+Thurs!N81+'Tues '!N81+Wed!N81+Fri!N81+'Mon '!N81+'Wed (2)'!N81+Sun!N81+Sat!N81) -> 4 | ... T81: =('Thurs (2)'!T81+Thurs!T81+'Tues '!T81+Wed!T81+Fri!T81+'Mon '!T81+'Wed (2)'!T81+Sun!T81+Sat!T81) -> 8000.44 | U81: =IFERROR(I81/H81,0) -> 1.25 | V81: =IFERROR(SUM(H81+L81)/G81,0) -> 0.8
A82: David Fulfer | C82: Annie Ransom | D82: Y | E82: OR | F82: Annie Ransom | G82: =('Thurs (2)'!G82+Thurs!G82+'Tues '!G82+Wed!G82+Fri!G82+'Mon '!G82+'Wed (2)'!G82+Sun!G82+Sat!G82) -> 0 | H82: =('Thurs (2)'!H82+Thurs!H82+'Tues '!H82+Wed!H82+Fri!H82+'Mon '!H82+'Wed (2)'!H82+Sun!H82+Sat!H82) -> 0 | I82: =('Thurs (2)'!I82+Thurs!I82+'Tues '!I82+Wed!I82+Fri!I82+'Mon '!I82+'Wed (2)'!I82+Sun!I82+Sat!I82) -> 0 | J82: =('Thurs (2)'!J82+Thurs!J82+'Tues '!J82+Wed!J82+Fri!J82+'Mon '!J82+'Wed (2)'!J82+Sun!J82+Sat!J82) -> 0 | K82: =('Thurs (2)'!K82+Thurs!K82+'Tues '!K82+Wed!K82+Fri!K82+'Mon '!K82+'Wed (2)'!K82+Sun!K82+Sat!K82) -> 0 | L82: =('Thurs (2)'!L82+Thurs!L82+'Tues '!L82+Wed!L82+Fri!L82+'Mon '!L82+'Wed (2)'!L82+Sun!L82+Sat!L82) -> 0 | M82: =('Thurs (2)'!M82+Thurs!M82+'Tues '!M82+Wed!M82+Fri!M82+'Mon '!M82+'Wed (2)'!M82+Sun!M82+Sat!M82) -> 0 | N82: =('Thurs (2)'!N82+Thurs!N82+'Tues '!N82+Wed!N82+Fri!N82+'Mon '!N82+'Wed (2)'!N82+Sun!N82+Sat!N82) -> 0 | ... T82: =('Thurs (2)'!T82+Thurs!T82+'Tues '!T82+Wed!T82+Fri!T82+'Mon '!T82+'Wed (2)'!T82+Sun!T82+Sat!T82) -> 0 | U82: =IFERROR(I82/H82,0) -> 0 | V82: =IFERROR(SUM(H82+L82)/G82,0) -> 0
A83: David Fulfer | C83: Annie Ransom | E83: TX | F83: Caroline Sanazaro | G83: =('Thurs (2)'!G83+Thurs!G83+'Tues '!G83+Wed!G83+Fri!G83+'Mon '!G83+'Wed (2)'!G83+Sun!G83+Sat!G83) -> 0 | H83: =('Thurs (2)'!H83+Thurs!H83+'Tues '!H83+Wed!H83+Fri!H83+'Mon '!H83+'Wed (2)'!H83+Sun!H83+Sat!H83) -> 0 | I83: =('Thurs (2)'!I83+Thurs!I83+'Tues '!I83+Wed!I83+Fri!I83+'Mon '!I83+'Wed (2)'!I83+Sun!I83+Sat!I83) -> 0 | J83: =('Thurs (2)'!J83+Thurs!J83+'Tues '!J83+Wed!J83+Fri!J83+'Mon '!J83+'Wed (2)'!J83+Sun!J83+Sat!J83) -> 0 | K83: =('Thurs (2)'!K83+Thurs!K83+'Tues '!K83+Wed!K83+Fri!K83+'Mon '!K83+'Wed (2)'!K83+Sun!K83+Sat!K83) -> 0 | L83: =('Thurs (2)'!L83+Thurs!L83+'Tues '!L83+Wed!L83+Fri!L83+'Mon '!L83+'Wed (2)'!L83+Sun!L83+Sat!L83) -> 0 | M83: =('Thurs (2)'!M83+Thurs!M83+'Tues '!M83+Wed!M83+Fri!M83+'Mon '!M83+'Wed (2)'!M83+Sun!M83+Sat!M83) -> 0 | N83: =('Thurs (2)'!N83+Thurs!N83+'Tues '!N83+Wed!N83+Fri!N83+'Mon '!N83+'Wed (2)'!N83+Sun!N83+Sat!N83) -> 0 | ... T83: =('Thurs (2)'!T83+Thurs!T83+'Tues '!T83+Wed!T83+Fri!T83+'Mon '!T83+'Wed (2)'!T83+Sun!T83+Sat!T83) -> 0 | U83: =IFERROR(I83/H83,0) -> 0 | V83: =IFERROR(SUM(H83+L83)/G83,0) -> 0
A84: MGA | B84: GA | C84: SA | E84: State | F84: Agent | G84: SETS | H84: SITS | I84: SALES | J84: OTS SITS | K84: OTS SALES | L84: N1 | M84: REF OBT | N84: REF SITS | O84: REF SALES | P84: POS SITS | Q84: POS SALES | R84: VETS SITS | S84: VET SALES | T84: ALP | U84: Close | V84: Show
A85: Ashlynn Orng | D85: Y | E85: CA | F85: Ashlynn Orng | G85: =('Thurs (2)'!G85+Thurs!G85+'Tues '!G85+Wed!G85+Fri!G85+'Mon '!G85+'Wed (2)'!G85+Sun!G85+Sat!G85) -> 0 | H85: =('Thurs (2)'!H85+Thurs!H85+'Tues '!H85+Wed!H85+Fri!H85+'Mon '!H85+'Wed (2)'!H85+Sun!H85+Sat!H85) -> 0 | I85: =('Thurs (2)'!I85+Thurs!I85+'Tues '!I85+Wed!I85+Fri!I85+'Mon '!I85+'Wed (2)'!I85+Sun!I85+Sat!I85) -> 0 | J85: =('Thurs (2)'!J85+Thurs!J85+'Tues '!J85+Wed!J85+Fri!J85+'Mon '!J85+'Wed (2)'!J85+Sun!J85+Sat!J85) -> 0 | K85: =('Thurs (2)'!K85+Thurs!K85+'Tues '!K85+Wed!K85+Fri!K85+'Mon '!K85+'Wed (2)'!K85+Sun!K85+Sat!K85) -> 0 | L85: =('Thurs (2)'!L85+Thurs!L85+'Tues '!L85+Wed!L85+Fri!L85+'Mon '!L85+'Wed (2)'!L85+Sun!L85+Sat!L85) -> 0 | M85: =('Thurs (2)'!M85+Thurs!M85+'Tues '!M85+Wed!M85+Fri!M85+'Mon '!M85+'Wed (2)'!M85+Sun!M85+Sat!M85) -> 0 | N85: =('Thurs (2)'!N85+Thurs!N85+'Tues '!N85+Wed!N85+Fri!N85+'Mon '!N85+'Wed (2)'!N85+Sun!N85+Sat!N85) -> 0 | ... T85: =('Thurs (2)'!T85+Thurs!T85+'Tues '!T85+Wed!T85+Fri!T85+'Mon '!T85+'Wed (2)'!T85+Sun!T85+Sat!T85) -> 0 | U85: =IFERROR(I85/H85,0) -> 0 | V85: =IFERROR(SUM(H85+L85)/G85,0) -> 0
A86: Ashlynn Orng | E86: TX | F86: O'Neil Mbakwe | G86: =('Thurs (2)'!G86+Thurs!G86+'Tues '!G86+Wed!G86+Fri!G86+'Mon '!G86+'Wed (2)'!G86+Sun!G86+Sat!G86) -> 20 | H86: =('Thurs (2)'!H86+Thurs!H86+'Tues '!H86+Wed!H86+Fri!H86+'Mon '!H86+'Wed (2)'!H86+Sun!H86+Sat!H86) -> 20 | I86: =('Thurs (2)'!I86+Thurs!I86+'Tues '!I86+Wed!I86+Fri!I86+'Mon '!I86+'Wed (2)'!I86+Sun!I86+Sat!I86) -> 5 | J86: =('Thurs (2)'!J86+Thurs!J86+'Tues '!J86+Wed!J86+Fri!J86+'Mon '!J86+'Wed (2)'!J86+Sun!J86+Sat!J86) -> 5 | K86: =('Thurs (2)'!K86+Thurs!K86+'Tues '!K86+Wed!K86+Fri!K86+'Mon '!K86+'Wed (2)'!K86+Sun!M86+Sat!K86) -> 43 | L86: =('Thurs (2)'!L86+Thurs!L86+'Tues '!L86+Wed!L86+Fri!L86+'Mon '!L86+'Wed (2)'!L86+Sun!L86+Sat!L86) -> 0 | M86: =('Thurs (2)'!M86+Thurs!M86+'Tues '!M86+Wed!M86+Fri!M86+'Mon '!M86+'Wed (2)'!M86+#REF!+Sat!M86) -> #REF! | N86: =('Thurs (2)'!N86+Thurs!N86+'Tues '!N86+Wed!N86+Fri!N86+'Mon '!N86+'Wed (2)'!N86+Sun!N86+Sat!N86) -> 16 | O86: =('Thurs (2)'!O86+Thurs!O86+'Tues '!O86+Wed!O86+Fri!O86+'Mon '!O86+'Wed (2)'!O86+Sun!O86+Sat!O86) -> 4 | P86: =('Thurs (2)'!P86+Thurs!P86+'Tues '!P86+Wed!P86+Fri!P86+'Mon '!P86+'Wed (2)'!P86+Sun!P86+Sat!P86) -> 0 | Q86: =('Thurs (2)'!Q86+Thurs!Q86+'Tues '!Q86+Wed!Q86+Fri!Q86+'Mon '!Q86+'Wed (2)'!Q86+Sun!Q86+Sat!Q86) -> 0 | R86: =('Thurs (2)'!R86+Thurs!R86+'Tues '!R86+Wed!R86+Fri!R86+'Mon '!R86+'Wed (2)'!R86+Sun!R86+Sat!R86) -> 3 | S86: =('Thurs (2)'!S86+Thurs!S86+'Tues '!S86+Wed!S86+Fri!S86+'Mon '!S86+'Wed (2)'!S86+Sun!S86+Sat!S86) -> 1 | T86: =('Thurs (2)'!T86+Thurs!T86+'Tues '!T86+Wed!T86+Fri!T86+'Mon '!T86+'Wed (2)'!T86+Sun!T86+Sat!T86) -> 7020 | U86: =IFERROR(I86/H86,0) -> 0.25 | V86: =IFERROR(SUM(H86+L86)/G86,0) -> 1
A87: Ashlynn Orng | E87: CA | F87: Hillary Tucker | G87: =('Thurs (2)'!G87+Thurs!G87+'Tues '!G87+Wed!G87+Fri!G87+'Mon '!G87+'Wed (2)'!G87+Sun!G87+Sat!G87) -> 0 | H87: =('Thurs (2)'!H87+Thurs!H87+'Tues '!H87+Wed!H87+Fri!H87+'Mon '!H87+'Wed (2)'!H87+Sun!H87+Sat!H87) -> 0 | I87: =('Thurs (2)'!I87+Thurs!I87+'Tues '!I87+Wed!I87+Fri!I87+'Mon '!I87+'Wed (2)'!I87+Sun!I87+Sat!I87) -> 0 | J87: =('Thurs (2)'!J87+Thurs!J87+'Tues '!J87+Wed!J87+Fri!J87+'Mon '!J87+'Wed (2)'!J87+Sun!J87+Sat!J87) -> 0 | K87: =('Thurs (2)'!K87+Thurs!K87+'Tues '!K87+Wed!K87+Fri!K87+'Mon '!K87+'Wed (2)'!K87+Sun!K87+Sat!K87) -> 0 | L87: =('Thurs (2)'!L87+Thurs!L87+'Tues '!L87+Wed!L87+Fri!L87+'Mon '!L87+'Wed (2)'!L87+Sun!L87+Sat!L87) -> 0 | M87: =('Thurs (2)'!M87+Thurs!M87+'Tues '!M87+Wed!M87+Fri!M87+'Mon '!M87+'Wed (2)'!M87+Sun!M87+Sat!M87) -> 0 | N87: =('Thurs (2)'!N87+Thurs!N87+'Tues '!N87+Wed!N87+Fri!N87+'Mon '!N87+'Wed (2)'!N87+Sun!N87+Sat!N87) -> 0 | ... T87: =('Thurs (2)'!T87+Thurs!T87+'Tues '!T87+Wed!T87+Fri!T87+'Mon '!T87+'Wed (2)'!T87+Sun!T87+Sat!T87) -> 0 | U87: =IFERROR(I87/H87,0) -> 0 | V87: =IFERROR(SUM(H87+L87)/G87,0) -> 0
A88: Ashlynn Orng | E88: MO | F88: Alexa Legg | G88: =('Thurs (2)'!G88+Thurs!G88+'Tues '!G88+Wed!G88+Fri!G88+'Mon '!G88+'Wed (2)'!G88+Sun!G88+Sat!G88) -> 0 | H88: =('Thurs (2)'!H88+Thurs!H88+'Tues '!H88+Wed!H88+Fri!H88+'Mon '!H88+'Wed (2)'!H88+Sun!H88+Sat!H88) -> 0 | I88: =('Thurs (2)'!I88+Thurs!I88+'Tues '!I88+Wed!I88+Fri!I88+'Mon '!I88+'Wed (2)'!I88+Sun!I88+Sat!I88) -> 0 | J88: =('Thurs (2)'!J88+Thurs!J88+'Tues '!J88+Wed!J88+Fri!J88+'Mon '!J88+'Wed (2)'!J88+Sun!J88+Sat!J88) -> 0 | K88: =('Thurs (2)'!K88+Thurs!K88+'Tues '!K88+Wed!K88+Fri!K88+'Mon '!K88+'Wed (2)'!K88+Sun!K88+Sat!K88) -> 0 | L88: =('Thurs (2)'!L88+Thurs!L88+'Tues '!L88+Wed!L88+Fri!L88+'Mon '!L88+'Wed (2)'!L88+Sun!L88+Sat!L88) -> 0 | M88: =('Thurs (2)'!M88+Thurs!M88+'Tues '!M88+Wed!M88+Fri!M88+'Mon '!M88+'Wed (2)'!M88+Sun!M88+Sat!M88) -> 0 | N88: =('Thurs (2)'!N88+Thurs!N88+'Tues '!N88+Wed!N88+Fri!N88+'Mon '!N88+'Wed (2)'!N88+Sun!N88+Sat!N88) -> 0 | ... T88: =('Thurs (2)'!T88+Thurs!T88+'Tues '!T88+Wed!T88+Fri!T88+'Mon '!T88+'Wed (2)'!T88+Sun!T88+Sat!T88) -> 0 | U88: =IFERROR(I88/H88,0) -> 0 | V88: =IFERROR(SUM(H88+L88)/G88,0) -> 0
A89: Ashlynn Orng | E89: IN | F89: Nataly Vargas | G89: =('Thurs (2)'!G89+Thurs!G89+'Tues '!G89+Wed!G89+Fri!G89+'Mon '!G89+'Wed (2)'!G89+Sun!G89+Sat!G89) -> 0 | H89: =('Thurs (2)'!H89+Thurs!H89+'Tues '!H89+Wed!H89+Fri!H89+'Mon '!H89+'Wed (2)'!H89+Sun!H89+Sat!H89) -> 0 | I89: =('Thurs (2)'!I89+Thurs!I89+'Tues '!I89+Wed!I89+Fri!I89+'Mon '!I89+'Wed (2)'!I89+Sun!I89+Sat!I89) -> 0 | J89: =('Thurs (2)'!J89+Thurs!J89+'Tues '!J89+Wed!J89+Fri!J89+'Mon '!J89+'Wed (2)'!J89+Sun!J89+Sat!J89) -> 0 | K89: =('Thurs (2)'!K89+Thurs!K89+'Tues '!K89+Wed!K89+Fri!K89+'Mon '!K89+'Wed (2)'!K89+Sun!K89+Sat!K89) -> 0 | L89: =('Thurs (2)'!L89+Thurs!L89+'Tues '!L89+Wed!L89+Fri!L89+'Mon '!L89+'Wed (2)'!L89+Sun!L89+Sat!L89) -> 0 | M89: =('Thurs (2)'!M89+Thurs!M89+'Tues '!M89+Wed!M89+Fri!M89+'Mon '!M89+'Wed (2)'!M89+Sun!M89+Sat!M89) -> 0 | N89: =('Thurs (2)'!N89+Thurs!N89+'Tues '!N89+Wed!N89+Fri!N89+'Mon '!N89+'Wed (2)'!N89+Sun!N89+Sat!N89) -> 0 | ... T89: =('Thurs (2)'!T89+Thurs!T89+'Tues '!T89+Wed!T89+Fri!T89+'Mon '!T89+'Wed (2)'!T89+Sun!T89+Sat!T89) -> 0 | U89: =IFERROR(I89/H89,0) -> 0 | V89: =IFERROR(SUM(H89+L89)/G89,0) -> 0
A90: Ashlynn Orng | E90: CA | F90: Berlin Iwai | G90: =('Thurs (2)'!G90+Thurs!G90+'Tues '!G90+Wed!G90+Fri!G90+'Mon '!G90+'Wed (2)'!G90+Sun!G90+Sat!G90) -> 0 | H90: =('Thurs (2)'!H90+Thurs!H90+'Tues '!H90+Wed!H90+Fri!H90+'Mon '!H90+'Wed (2)'!H90+Sun!H90+Sat!H90) -> 0 | I90: =('Thurs (2)'!I90+Thurs!I90+'Tues '!I90+Wed!I90+Fri!I90+'Mon '!I90+'Wed (2)'!I90+Sun!I90+Sat!I90) -> 0 | J90: =('Thurs (2)'!J90+Thurs!J90+'Tues '!J90+Wed!J90+Fri!J90+'Mon '!J90+'Wed (2)'!J90+Sun!J90+Sat!J90) -> 0 | K90: =('Thurs (2)'!K90+Thurs!K90+'Tues '!K90+Wed!K90+Fri!K90+'Mon '!K90+'Wed (2)'!K90+Sun!K90+Sat!K90) -> 0 | L90: =('Thurs (2)'!L90+Thurs!L90+'Tues '!L90+Wed!L90+Fri!L90+'Mon '!L90+'Wed (2)'!L90+Sun!L90+Sat!L90) -> 0 | M90: =('Thurs (2)'!M90+Thurs!M90+'Tues '!M90+Wed!M90+Fri!M90+'Mon '!M90+'Wed (2)'!M90+Sun!M90+Sat!M90) -> 0 | N90: =('Thurs (2)'!N90+Thurs!N90+'Tues '!N90+Wed!N90+Fri!N90+'Mon '!N90+'Wed (2)'!N90+Sun!N90+Sat!N90) -> 0 | ... T90: =('Thurs (2)'!T90+Thurs!T90+'Tues '!T90+Wed!T90+Fri!T90+'Mon '!T90+'Wed (2)'!T90+Sun!T90+Sat!T90) -> 0 | U90: =IFERROR(I90/H90,0) -> 0 | V90: =IFERROR(SUM(H90+L90)/G90,0) -> 0
A91: Ashlynn Orng | F91: Kendall Stowers | G91: =('Thurs (2)'!G91+Thurs!G91+'Tues '!G91+Wed!G91+Fri!G91+'Mon '!G91+'Wed (2)'!G91+Sun!G91+Sat!G91) -> 0 | H91: =('Thurs (2)'!H91+Thurs!H91+'Tues '!H91+Wed!H91+Fri!H91+'Mon '!H91+'Wed (2)'!H91+Sun!H91+Sat!H91) -> 0 | I91: =('Thurs (2)'!I91+Thurs!I91+'Tues '!I91+Wed!I91+Fri!I91+'Mon '!I91+'Wed (2)'!I91+Sun!I91+Sat!I91) -> 0 | J91: =('Thurs (2)'!J91+Thurs!J91+'Tues '!J91+Wed!J91+Fri!J91+'Mon '!J91+'Wed (2)'!J91+Sun!J91+Sat!J91) -> 0 | K91: =('Thurs (2)'!K91+Thurs!K91+'Tues '!K91+Wed!K91+Fri!K91+'Mon '!K91+'Wed (2)'!K91+Sun!K91+Sat!K91) -> 0 | L91: =('Thurs (2)'!L91+Thurs!L91+'Tues '!L91+Wed!L91+Fri!L91+'Mon '!L91+'Wed (2)'!L91+Sun!L91+Sat!L91) -> 0 | M91: =('Thurs (2)'!M91+Thurs!M91+'Tues '!M91+Wed!M91+Fri!M91+'Mon '!M91+'Wed (2)'!M91+Sun!M91+Sat!M91) -> 0 | N91: =('Thurs (2)'!N91+Thurs!N91+'Tues '!N91+Wed!N91+Fri!N91+'Mon '!N91+'Wed (2)'!N91+Sun!N91+Sat!N91) -> 0 | ... T91: =('Thurs (2)'!T91+Thurs!T91+'Tues '!T91+Wed!T91+Fri!T91+'Mon '!T91+'Wed (2)'!T91+Sun!T91+Sat!T91) -> 0 | U91: =IFERROR(I91/H91,0) -> 0 | V91: =IFERROR(SUM(H91+L91)/G91,0) -> 0
A92: Ashlynn Orng | F92: Crystal Mekdarasack | G92: =('Thurs (2)'!G92+Thurs!G92+'Tues '!G92+Wed!G92+Fri!G92+'Mon '!G92+'Wed (2)'!G92+Sun!G92+Sat!G92) -> 0 | H92: =('Thurs (2)'!H92+Thurs!H92+'Tues '!H92+Wed!H92+Fri!H92+'Mon '!H92+'Wed (2)'!H92+Sun!H92+Sat!H92) -> 0 | I92: =('Thurs (2)'!I92+Thurs!I92+'Tues '!I92+Wed!I92+Fri!I92+'Mon '!I92+'Wed (2)'!I92+Sun!I92+Sat!I92) -> 0 | J92: =('Thurs (2)'!J92+Thurs!J92+'Tues '!J92+Wed!J92+Fri!J92+'Mon '!J92+'Wed (2)'!J92+Sun!J92+Sat!J92) -> 0 | K92: =('Thurs (2)'!K92+Thurs!K92+'Tues '!K92+Wed!K92+Fri!K92+'Mon '!K92+'Wed (2)'!K92+Sun!K92+Sat!K92) -> 0 | L92: =('Thurs (2)'!L92+Thurs!L92+'Tues '!L92+Wed!L92+Fri!L92+'Mon '!L92+'Wed (2)'!L92+Sun!L92+Sat!L92) -> 0 | M92: =('Thurs (2)'!M92+Thurs!M92+'Tues '!M92+Wed!M92+Fri!M92+'Mon '!M92+'Wed (2)'!M92+Sun!M92+Sat!M92) -> 0 | N92: =('Thurs (2)'!N92+Thurs!N92+'Tues '!N92+Wed!N92+Fri!N92+'Mon '!N92+'Wed (2)'!N92+Sun!N92+Sat!N92) -> 0 | ... T92: =('Thurs (2)'!T92+Thurs!T92+'Tues '!T92+Wed!T92+Fri!T92+'Mon '!T92+'Wed (2)'!T92+Sun!T92+Sat!T92) -> 0 | U92: =IFERROR(I92/H92,0) -> 0 | V92: =IFERROR(SUM(H92+L92)/G92,0) -> 0
A93: Ashlynn Orng | F93: Brad Word | G93: =('Thurs (2)'!G93+Thurs!G93+'Tues '!G93+Wed!G93+Fri!G93+'Mon '!G93+'Wed (2)'!G93+Sun!G93+Sat!G93) -> 0 | H93: =('Thurs (2)'!H93+Thurs!H93+'Tues '!H93+Wed!H93+Fri!H93+'Mon '!H93+'Wed (2)'!H93+Sun!H93+Sat!H93) -> 0 | I93: =('Thurs (2)'!I93+Thurs!I93+'Tues '!I93+Wed!I93+Fri!I93+'Mon '!I93+'Wed (2)'!I93+Sun!I93+Sat!I93) -> 0 | J93: =('Thurs (2)'!J93+Thurs!J93+'Tues '!J93+Wed!J93+Fri!J93+'Mon '!J93+'Wed (2)'!J93+Sun!J93+Sat!J93) -> 0 | K93: =('Thurs (2)'!K93+Thurs!K93+'Tues '!K93+Wed!K93+Fri!K93+'Mon '!K93+'Wed (2)'!K93+Sun!K93+Sat!K93) -> 0 | L93: =('Thurs (2)'!L93+Thurs!L93+'Tues '!L93+Wed!L93+Fri!L93+'Mon '!L93+'Wed (2)'!L93+Sun!L93+Sat!L93) -> 0 | M93: =('Thurs (2)'!M93+Thurs!M93+'Tues '!M93+Wed!M93+Fri!M93+'Mon '!M93+'Wed (2)'!M93+Sun!M93+Sat!M93) -> 0 | N93: =('Thurs (2)'!N93+Thurs!N93+'Tues '!N93+Wed!N93+Fri!N93+'Mon '!N93+'Wed (2)'!N93+Sun!N93+Sat!N93) -> 0 | ... T93: =('Thurs (2)'!T93+Thurs!T93+'Tues '!T93+Wed!T93+Fri!T93+'Mon '!T93+'Wed (2)'!T93+Sun!T93+Sat!T93) -> 0 | U93: =IFERROR(I93/H93,0) -> 0 | V93: =IFERROR(SUM(H93+L93)/G93,0) -> 0
A94: Ashlynn Orng | F94: Ivander Ambriz | G94: =('Thurs (2)'!G94+Thurs!G94+'Tues '!G94+Wed!G94+Fri!G94+'Mon '!G94+'Wed (2)'!G94+Sun!G94+Sat!G94) -> 0 | H94: =('Thurs (2)'!H94+Thurs!H94+'Tues '!H94+Wed!H94+Fri!H94+'Mon '!H94+'Wed (2)'!H94+Sun!H94+Sat!H94) -> 0 | I94: =('Thurs (2)'!I94+Thurs!I94+'Tues '!I94+Wed!I94+Fri!I94+'Mon '!I94+'Wed (2)'!I94+Sun!I94+Sat!I94) -> 0 | J94: =('Thurs (2)'!J94+Thurs!J94+'Tues '!J94+Wed!J94+Fri!J94+'Mon '!J94+'Wed (2)'!J94+Sun!J94+Sat!J94) -> 0 | K94: =('Thurs (2)'!K94+Thurs!K94+'Tues '!K94+Wed!K94+Fri!K94+'Mon '!K94+'Wed (2)'!K94+Sun!K94+Sat!K94) -> 0 | L94: =('Thurs (2)'!L94+Thurs!L94+'Tues '!L94+Wed!L94+Fri!L94+'Mon '!L94+'Wed (2)'!L94+Sun!L94+Sat!L94) -> 0 | M94: =('Thurs (2)'!M94+Thurs!M94+'Tues '!M94+Wed!M94+Fri!M94+'Mon '!M94+'Wed (2)'!M94+Sun!M94+Sat!M94) -> 0 | N94: =('Thurs (2)'!N94+Thurs!N94+'Tues '!N94+Wed!N94+Fri!N94+'Mon '!N94+'Wed (2)'!N94+Sun!N94+Sat!N94) -> 0 | ... T94: =('Thurs (2)'!T94+Thurs!T94+'Tues '!T94+Wed!T94+Fri!T94+'Mon '!T94+'Wed (2)'!T94+Sun!T94+Sat!T94) -> 0 | U94: =IFERROR(I94/H94,0) -> 0 | V94: =IFERROR(SUM(H94+L94)/G94,0) -> 0
A95: Ashlynn Orng | F95: Michael Boyd | G95: =('Thurs (2)'!G95+Thurs!G95+'Tues '!G95+Wed!G95+Fri!G95+'Mon '!G95+'Wed (2)'!G95+Sun!G95+Sat!G95) -> 0 | H95: =('Thurs (2)'!H95+Thurs!H95+'Tues '!H95+Wed!H95+Fri!H95+'Mon '!H95+'Wed (2)'!H95+Sun!H95+Sat!H95) -> 0 | I95: =('Thurs (2)'!I95+Thurs!I95+'Tues '!I95+Wed!I95+Fri!I95+'Mon '!I95+'Wed (2)'!I95+Sun!I95+Sat!I95) -> 0 | J95: =('Thurs (2)'!J95+Thurs!J95+'Tues '!J95+Wed!J95+Fri!J95+'Mon '!J95+'Wed (2)'!J95+Sun!J95+Sat!J95) -> 0 | K95: =('Thurs (2)'!K95+Thurs!K95+'Tues '!K95+Wed!K95+Fri!K95+'Mon '!K95+'Wed (2)'!K95+Sun!K95+Sat!K95) -> 0 | L95: =('Thurs (2)'!L95+Thurs!L95+'Tues '!L95+Wed!L95+Fri!L95+'Mon '!L95+'Wed (2)'!L95+Sun!L95+Sat!L95) -> 0 | M95: =('Thurs (2)'!M95+Thurs!M95+'Tues '!M95+Wed!M95+Fri!M95+'Mon '!M95+'Wed (2)'!M95+Sun!M95+Sat!M95) -> 0 | N95: =('Thurs (2)'!N95+Thurs!N95+'Tues '!N95+Wed!N95+Fri!N95+'Mon '!N95+'Wed (2)'!N95+Sun!N95+Sat!N95) -> 0 | ... T95: =('Thurs (2)'!T95+Thurs!T95+'Tues '!T95+Wed!T95+Fri!T95+'Mon '!T95+'Wed (2)'!T95+Sun!T95+Sat!T95) -> 0 | U95: =IFERROR(I95/H95,0) -> 0 | V95: =IFERROR(SUM(H95+L95)/G95,0) -> 0
A96: Ashlynn Orng | C96: Wendy Huber | D96: Y | E96: OR | F96: Wendy Huber | G96: =('Thurs (2)'!G96+Thurs!G96+'Tues '!G96+Wed!G96+Fri!G96+'Mon '!G96+'Wed (2)'!G96+Sun!G96+Sat!G96) -> 3 | H96: =('Thurs (2)'!H96+Thurs!H96+'Tues '!H96+Wed!H96+Fri!H96+'Mon '!H96+'Wed (2)'!H96+Sun!H96+Sat!H96) -> 0 | I96: =('Thurs (2)'!I96+Thurs!I96+'Tues '!I96+Wed!I96+Fri!I96+'Mon '!I96+'Wed (2)'!I96+Sun!I96+Sat!I96) -> 0 | J96: =('Thurs (2)'!J96+Thurs!J96+'Tues '!J96+Wed!J96+Fri!J96+'Mon '!J96+'Wed (2)'!J96+Sun!J96+Sat!J96) -> 0 | K96: =('Thurs (2)'!K96+Thurs!K96+'Tues '!K96+Wed!K96+Fri!K96+'Mon '!K96+'Wed (2)'!K96+Sun!K96+Sat!K96) -> 0 | L96: =('Thurs (2)'!L96+Thurs!L96+'Tues '!L96+Wed!L96+Fri!L96+'Mon '!L96+'Wed (2)'!L96+Sun!L96+Sat!L96) -> 0 | M96: =('Thurs (2)'!M96+Thurs!M96+'Tues '!M96+Wed!M96+Fri!M96+'Mon '!M96+'Wed (2)'!M96+Sun!M96+Sat!M96) -> 0 | N96: =('Thurs (2)'!N96+Thurs!N96+'Tues '!N96+Wed!N96+Fri!N96+'Mon '!N96+'Wed (2)'!N96+Sun!N96+Sat!N96) -> 0 | ... T96: =('Thurs (2)'!T96+Thurs!T96+'Tues '!T96+Wed!T96+Fri!T96+'Mon '!T96+'Wed (2)'!T96+Sun!T96+Sat!T96) -> 0 | U96: =IFERROR(I96/H96,0) -> 0 | V96: =IFERROR(SUM(H96+L96)/G96,0) -> 0
A97: Ashlynn Orng | C97: Wendy Huber | E97: FL | F97: Alissa Charles | G97: =('Thurs (2)'!G97+Thurs!G97+'Tues '!G97+Wed!G97+Fri!G97+'Mon '!G97+'Wed (2)'!G97+Sun!G97+Sat!G97) -> 0 | H97: =('Thurs (2)'!H97+Thurs!H97+'Tues '!H97+Wed!H97+Fri!H97+'Mon '!H97+'Wed (2)'!H97+Sun!H97+Sat!H97) -> 0 | I97: =('Thurs (2)'!I97+Thurs!I97+'Tues '!I97+Wed!I97+Fri!I97+'Mon '!I97+'Wed (2)'!I97+Sun!I97+Sat!I97) -> 0 | J97: =('Thurs (2)'!J97+Thurs!J97+'Tues '!J97+Wed!J97+Fri!J97+'Mon '!J97+'Wed (2)'!J97+Sun!J97+Sat!J97) -> 0 | K97: =('Thurs (2)'!K97+Thurs!K97+'Tues '!K97+Wed!K97+Fri!K97+'Mon '!K97+'Wed (2)'!K97+Sun!K97+Sat!K97) -> 0 | L97: =('Thurs (2)'!L97+Thurs!L97+'Tues '!L97+Wed!L97+Fri!L97+'Mon '!L97+'Wed (2)'!L97+Sun!L97+Sat!L97) -> 0 | M97: =('Thurs (2)'!M97+Thurs!M97+'Tues '!M97+Wed!M97+Fri!M97+'Mon '!M97+'Wed (2)'!M97+Sun!M97+Sat!M97) -> 0 | N97: =('Thurs (2)'!N97+Thurs!N97+'Tues '!N97+Wed!N97+Fri!N97+'Mon '!N97+'Wed (2)'!N97+Sun!N97+Sat!N97) -> 0 | ... T97: =('Thurs (2)'!T97+Thurs!T97+'Tues '!T97+Wed!T97+Fri!T97+'Mon '!T97+'Wed (2)'!T97+Sun!T97+Sat!T97) -> 0 | U97: =IFERROR(I97/H97,0) -> 0 | V97: =IFERROR(SUM(H97+L97)/G97,0) -> 0
A98: Ashlynn Orng | C98: Wendy Huber | E98: VA | F98: Tasheka Hill | G98: =('Thurs (2)'!G98+Thurs!G98+'Tues '!G98+Wed!G98+Fri!G98+'Mon '!G98+'Wed (2)'!G98+Sun!G98+Sat!G98) -> 0 | H98: =('Thurs (2)'!H98+Thurs!H98+'Tues '!H98+Wed!H98+Fri!H98+'Mon '!H98+'Wed (2)'!H98+Sun!H98+Sat!H98) -> 0 | I98: =('Thurs (2)'!I98+Thurs!I98+'Tues '!I98+Wed!I98+Fri!I98+'Mon '!I98+'Wed (2)'!I98+Sun!I98+Sat!I98) -> 0 | J98: =('Thurs (2)'!J98+Thurs!J98+'Tues '!J98+Wed!J98+Fri!J98+'Mon '!J98+'Wed (2)'!J98+Sun!J98+Sat!J98) -> 0 | K98: =('Thurs (2)'!K98+Thurs!K98+'Tues '!K98+Wed!K98+Fri!K98+'Mon '!K98+'Wed (2)'!K98+Sun!K98+Sat!K98) -> 0 | L98: =('Thurs (2)'!L98+Thurs!L98+'Tues '!L98+Wed!L98+Fri!L98+'Mon '!L98+'Wed (2)'!L98+Sun!L98+Sat!L98) -> 0 | M98: =('Thurs (2)'!M98+Thurs!M98+'Tues '!M98+Wed!M98+Fri!M98+'Mon '!M98+'Wed (2)'!M98+Sun!M98+Sat!M98) -> 0 | N98: =('Thurs (2)'!N98+Thurs!N98+'Tues '!N98+Wed!N98+Fri!N98+'Mon '!N98+'Wed (2)'!N98+Sun!N98+Sat!N98) -> 0 | ... T98: =('Thurs (2)'!T98+Thurs!T98+'Tues '!T98+Wed!T98+Fri!T98+'Mon '!T98+'Wed (2)'!T98+Sun!T98+Sat!T98) -> 0 | U98: =IFERROR(I98/H98,0) -> 0 | V98: =IFERROR(SUM(H98+L98)/G98,0) -> 0
A99: Ashlynn Orng | C99: Wendy Huber | F99: Alissa Charles | G99: =('Thurs (2)'!G99+Thurs!G99+'Tues '!G99+Wed!G99+Fri!G99+'Mon '!G99+'Wed (2)'!G99+Sun!G99+Sat!G99) -> 0 | H99: =('Thurs (2)'!H99+Thurs!H99+'Tues '!H99+Wed!H99+Fri!H99+'Mon '!H99+'Wed (2)'!H99+Sun!H99+Sat!H99) -> 0 | I99: =('Thurs (2)'!I99+Thurs!I99+'Tues '!I99+Wed!I99+Fri!I99+'Mon '!I99+'Wed (2)'!I99+Sun!I99+Sat!I99) -> 0 | J99: =('Thurs (2)'!J99+Thurs!J99+'Tues '!J99+Wed!J99+Fri!J99+'Mon '!J99+'Wed (2)'!J99+Sun!J99+Sat!J99) -> 0 | K99: =('Thurs (2)'!K99+Thurs!K99+'Tues '!K99+Wed!K99+Fri!K99+'Mon '!K99+'Wed (2)'!K99+Sun!K99+Sat!K99) -> 0 | L99: =('Thurs (2)'!L99+Thurs!L99+'Tues '!L99+Wed!L99+Fri!L99+'Mon '!L99+'Wed (2)'!L99+Sun!L99+Sat!L99) -> 0 | M99: =('Thurs (2)'!M99+Thurs!M99+'Tues '!M99+Wed!M99+Fri!M99+'Mon '!M99+'Wed (2)'!M99+Sun!M99+Sat!M99) -> 0 | N99: =('Thurs (2)'!N99+Thurs!N99+'Tues '!N99+Wed!N99+Fri!N99+'Mon '!N99+'Wed (2)'!N99+Sun!N99+Sat!N99) -> 0 | ... T99: =('Thurs (2)'!T99+Thurs!T99+'Tues '!T99+Wed!T99+Fri!T99+'Mon '!T99+'Wed (2)'!T99+Sun!T99+Sat!T99) -> 0 | U99: =IFERROR(I99/H99,0) -> 0 | V99: =IFERROR(SUM(H99+L99)/G99,0) -> 0
A100: Ashlynn Orng | C100: Bryanna Wagner | D100: Y | E100: WI | F100: Bryanna Wagner | G100: =('Thurs (2)'!G100+Thurs!G100+'Tues '!G100+Wed!G100+Fri!G100+'Mon '!G100+'Wed (2)'!G100+Sun!G100+Sat!G100) -> 0 | H100: =('Thurs (2)'!H100+Thurs!H100+'Tues '!H100+Wed!H100+Fri!H100+'Mon '!H100+'Wed (2)'!H100+Sun!H100+Sat!H100) -> 0 | I100: =('Thurs (2)'!I100+Thurs!I100+'Tues '!I100+Wed!I100+Fri!I100+'Mon '!I100+'Wed (2)'!I100+Sun!I100+Sat!I100) -> 0 | J100: =('Thurs (2)'!J100+Thurs!J100+'Tues '!J100+Wed!J100+Fri!J100+'Mon '!J100+'Wed (2)'!J100+Sun!J100+Sat!J100) -> 0 | K100: =('Thurs (2)'!K100+Thurs!K100+'Tues '!K100+Wed!K100+Fri!K100+'Mon '!K100+'Wed (2)'!K100+Sun!K100+Sat!K100) -> 0 | L100: =('Thurs (2)'!L100+Thurs!L100+'Tues '!L100+Wed!L100+Fri!L100+'Mon '!L100+'Wed (2)'!L100+Sun!L100+Sat!L100) -> 0 | M100: =('Thurs (2)'!M100+Thurs!M100+'Tues '!M100+Wed!M100+Fri!M100+'Mon '!M100+'Wed (2)'!M100+Sun!M100+Sat!M100) -> 0 | N100: =('Thurs (2)'!N100+Thurs!N100+'Tues '!N100+Wed!N100+Fri!N100+'Mon '!N100+'Wed (2)'!N100+Sun!N100+Sat!N100) -> 0 | ... T100: =('Thurs (2)'!T100+Thurs!T100+'Tues '!T100+Wed!T100+Fri!T100+'Mon '!T100+'Wed (2)'!T100+Sun!T100+Sat!T100) -> 0 | U100: =IFERROR(I100/H100,0) -> 0 | V100: =IFERROR(SUM(H100+L100)/G100,0) -> 0
A101: Ashlynn Orng | C101: Bryanna Wagner | F101: Juan Ortega | G101: =('Thurs (2)'!G101+Thurs!G101+'Tues '!G101+Wed!G101+Fri!G101+'Mon '!G101+'Wed (2)'!G101+Sun!G101+Sat!G101) -> 0 | H101: =('Thurs (2)'!H101+Thurs!H101+'Tues '!H101+Wed!H101+Fri!H101+'Mon '!H101+'Wed (2)'!H101+Sun!H101+Sat!H101) -> 0 | I101: =('Thurs (2)'!I101+Thurs!I101+'Tues '!I101+Wed!I101+Fri!I101+'Mon '!I101+'Wed (2)'!I101+Sun!I101+Sat!I101) -> 0 | J101: =('Thurs (2)'!J101+Thurs!J101+'Tues '!J101+Wed!J101+Fri!J101+'Mon '!J101+'Wed (2)'!J101+Sun!J101+Sat!J101) -> 0 | K101: =('Thurs (2)'!K101+Thurs!K101+'Tues '!K101+Wed!K101+Fri!K101+'Mon '!K101+'Wed (2)'!K101+Sun!K101+Sat!K101) -> 0 | L101: =('Thurs (2)'!L101+Thurs!L101+'Tues '!L101+Wed!L101+Fri!L101+'Mon '!L101+'Wed (2)'!L101+Sun!L101+Sat!L101) -> 0 | M101: =('Thurs (2)'!M101+Thurs!M101+'Tues '!M101+Wed!M101+Fri!M101+'Mon '!M101+'Wed (2)'!M101+Sun!M101+Sat!M101) -> 0 | N101: =('Thurs (2)'!N101+Thurs!N101+'Tues '!N101+Wed!N101+Fri!N101+'Mon '!N101+'Wed (2)'!N101+Sun!N101+Sat!N101) -> 0 | ... T101: =('Thurs (2)'!T101+Thurs!T101+'Tues '!T101+Wed!T101+Fri!T101+'Mon '!T101+'Wed (2)'!T101+Sun!T101+Sat!T101) -> 0 | U101: =IFERROR(I101/H101,0) -> 0 | V101: =IFERROR(SUM(H101+L101)/G101,0) -> 0
...

Sheet Wed
C1: ALP | E1: LEADERSHIP ALP | F1: Appts | G1: Pres | H1: Sales | I1: POS SITS | J1: POS SA | K1: VET SITS | L1: VET SA | M1: REF OBT | N1: REF SITS | O1: REF SA | P1: OTS SITS | Q1: OTS SA | R1: N1
B2: GOJCAJ RGA | C2: =SUM(C5,C20,C23,C26,C29,C32) -> 9931 | E2: =SUM(E5,E20,E23,E26,E29,E32) -> 6723 | F2: =SUM(F5,F20,F23,F26,F29,F32) -> 30 | G2: =SUM(G5,G20,G23,G26,G29,G32) -> 16 | H2: =SUM(H5,H20,H23,H26,H29,H32) -> 8 | I2: =SUM(I5,I20,I23,I26,I29,I32) -> 6 | J2: =SUM(J5,J20,J23,J26,J29,J32) -> 3 | K2: =SUM(K5,K20,K23,K26,K29,K32) -> 4 | L2: =SUM(L5,L20,L23,L26,L29,L32) -> 2 | ... R2: =SUM(R5,R20,R23,R26,R29,R32) -> 0
C3: # of Agents | E3: ALP per sale | F3: Show Rate | G3: Close Ratio | H3: ALP/Agent | J3: POS Close | L3: VET Close | M3: REF Per Sit | O3: REF Close | Q3: OTS Close
C4: =SUM(C7,C25,C22,C28,C31,C34) -> 63 | E4: =IFERROR(C2/H2,0) -> 1241.375 | F4: =IFERROR((G2+R2)/F2,0) -> 0.53333333 | G4: =IFERROR(H2/G2,0) -> 0.5 | H4: =(C2/C4) -> 157.63492 | J4: =IFERROR(J2/I2,0) -> 0.5 | L4: =IFERROR(L2/K2,0) -> 0.5 | M4: =IFERROR(M2/G2,0) -> 2.5625 | O4: =IFERROR(O2/N2,0) -> 0.75 | Q4: =IFERROR(Q2/P2,0) -> 0.6
B5: Joseph Gojcaj | C5: =SUMIF(A:A,B5,T:T) -> 9114 | E5: =SUMIFS(T:T,A:A,B5,D:D,"Y") -> 5906 | F5: =SUMIF(A:A,B5,G:G) -> 30 | G5: =SUMIF(A:A,B5,H:H) -> 16 | H5: =SUMIF(A:A,B5,I:I) -> 7 | I5: =SUMIF(A:A,B5,P:P) -> 6 | J5: =SUMIF(A:A,B5,Q:Q) -> 3 | K5: =SUMIF(A:A,B5,R:R) -> 4 | L5: =SUMIF(A:A,B5,S:S) -> 2 | M5: =SUMIF(A:A,B5,M:M) -> 41 | N5: =SUMIF(A:A,B5,N:N) -> 4 | O5: =SUMIF(A:A,B5,O:O) -> 2 | P5: =SUMIF(A:A,B5,J:J) -> 5 | Q5: =SUMIF(A:A,B5,K:K) -> 3 | R5: =SUMIF(A:A,B5,L:L) -> 0
C6: # of Agents | E6: ALP per sale | F6: Show Rate | G6: Close Ratio | H6: ALP/Agent | J6: POS Close | L6: VET Close | M6: REF Per Sit | O6: REF Close | Q6: OTS Close
C7: =COUNTIFS(A:A,B5) -> 24 | E7: =IFERROR(C5/H5,0) -> 1302 | F7: =IFERROR((G5+R5)/F5,0) -> 0.53333333 | G7: =IFERROR(H5/G5,0) -> 0.4375 | H7: =(C5/C7) -> 379.75 | J7: =IFERROR(J5/I5,0) -> 0.5 | L7: =IFERROR(L5/K5,0) -> 0.5 | M7: =IFERROR(M5/SUM(R5+G5,0),"") -> 2.5625 | O7: =IFERROR(O5/N5,0) -> 0.5 | Q7: =IFERROR(Q5/P5,0) -> 0.6
B8: Jacob Brown | C8: =SUMIF(B:B,B8,T:T) -> 0 | E8: =SUMIFS(T:T,B:B,B8,D:D,"Y") -> 0 | F8: =SUMIF(B37:B1137,B8,G37:G1137) -> 0 | G8: =SUMIF(B37:B1137,B8,H37:H1137) -> 0 | H8: =SUMIF(B37:B1137,B8,I37:I1137) -> 0 | I8: =SUMIF(B37:B1137,B8,P37:P1137) -> 0 | J8: =SUMIF(B37:B1137,B8,Q37:Q1137) -> 0 | K8: =SUMIF(B37:B1137,B8,R37:R1137) -> 0 | L8: =SUMIF(B37:B1137,B8,S37:S1137) -> 0 | M8: =SUMIF(B37:B1137,B8,M37:M1137) -> 0 | N8: =SUMIF(B37:B1137,B8,N37:N1137) -> 0 | O8: =SUMIF(B37:B1137,B8,O37:O1137) -> 0 | P8: =SUMIF(B37:B1137,B8,J37:J1137) -> 0 | Q8: =SUMIF(B37:B1137,B8,K37:K1137) -> 0 | R8: =SUMIF(B37:B1137,B8,L37:L1137) -> 0
C9: # of Agents | E9: ALP per sale | F9: Show Rate | G9: Close Ratio | H9: ALP/Agent | J9: POS Close | L9: VET Close | M9: REF Per Sit | O9: REF Close | Q9: OTS Close
C10: =COUNTIFS(B37:B1137,B8) -> 5 | E10: =IFERROR(C8/H8,0) -> 0 | F10: =IFERROR((G8+R8)/F8,0) -> 0 | G10: =IFERROR(H8/G8,0) -> 0 | H10: =(C8/C10) -> 0 | J10: =IFERROR(J8/I8,0) -> 0 | L10: =IFERROR(L8/K8,0) -> 0 | M10: =IFERROR(M8/SUM(G8+R8,0),"") | O10: =IFERROR(O8/N8,0) -> 0 | Q10: =IFERROR(Q8/P8,0) -> 0
B11: Edward Leon | C11: =SUMIF(B:B,B11,T:T) -> 1769 | E11: =SUMIFS(T:T,B:B,B11,D:D,"Y") -> 0 | F11: =SUMIF(B39:B1137,B11,G39:G1137) -> 9 | G11: =SUMIF(B39:B1137,B11,H39:H1137) -> 5 | H11: =SUMIF(B39:B1137,B11,I39:I1137) -> 1 | I11: =SUMIF(B39:B1137,B11,P39:P1137) -> 0 | J11: =SUMIF(B39:B1137,B11,Q39:Q1137) -> 0 | K11: =SUMIF(B39:B1137,B11,R39:R1137) -> 3 | L11: =SUMIF(B39:B1137,B11,S39:S1137) -> 1 | M11: =SUMIF(B39:B1137,B11,M39:M1137) -> 26 | N11: =SUMIF(B39:B1137,B11,N39:N1137) -> 0 | O11: =SUMIF(B39:B1137,B11,O39:O1137) -> 0 | P11: =SUMIF(B39:B1137,B11,J39:J1137) -> 2 | Q11: =SUMIF(B39:B1137,B11,K39:K1137) -> 1 | R11: =SUMIF(B39:B1137,B11,L39:L1137) -> 0
C12: # of Agents | E12: ALP per sale | F12: Show Rate | G12: Close Ratio | H12: ALP/Agent | J12: POS Close | L12: VET Close | M12: REF Per Sit | O12: REF Close | Q12: OTS Close
C13: =COUNTIFS(B39:B1137,B11) -> 7 | E13: =IFERROR(C11/H11,0) -> 1769 | F13: =IFERROR((G11+R11)/F11,0) -> 0.55555556 | G13: =IFERROR(H11/G11,0) -> 0.2 | H13: =(C11/C13) -> 252.71429 | J13: =IFERROR(J11/I11,0) -> 0 | L13: =IFERROR(L11/K11,0) -> 0.33333333 | M13: =IFERROR(M11/SUM(R11+G11,0),"") -> 5.2 | O13: =IFERROR(O11/N11,0) -> 0 | Q13: =IFERROR(Q11/P11,0) -> 0.5
B14: Melissa Elam | C14: =SUMIF(B:B,B14,T:T) -> 0 | E14: =SUMIFS(T:T,B:B,B14,D:D,"Y") -> 0 | F14: =SUMIF(B39:B1137,B14,G39:G1137) -> 5 | G14: =SUMIF(B39:B1137,B14,H39:H1137) -> 0 | H14: =SUMIF(B39:B1137,B14,I39:I1137) -> 0 | I14: =SUMIF(B39:B1137,B14,P39:P1137) -> 0 | J14: =SUMIF(B39:B1137,B14,Q39:Q1137) -> 0 | K14: =SUMIF(B39:B1137,B14,R39:R1137) -> 0 | L14: =SUMIF(B39:B1137,B14,S39:S1137) -> 0 | M14: =SUMIF(B39:B1137,B14,M39:M1137) -> 0 | N14: =SUMIF(B39:B1137,B14,N39:N1137) -> 0 | O14: =SUMIF(B39:B1137,B14,O39:O1137) -> 0 | P14: =SUMIF(B39:B1137,B14,J39:J1137) -> 0 | Q14: =SUMIF(B39:B1137,B14,K39:K1137) -> 0 | R14: =SUMIF(B39:B1137,B14,L39:L1137) -> 0
C15: # of Agents | E15: ALP per sale | F15: Show Rate | G15: Close Ratio | H15: ALP/Agent | J15: POS Close | L15: VET Close | M15: REF Per Sit | O15: REF Close | Q15: OTS Close
C16: =COUNTIFS(B39:B1137,B14) -> 7 | E16: =IFERROR(C14/H14,0) -> 0 | F16: =IFERROR((G14+R14)/F14,0) -> 0 | G16: =IFERROR(H14/G14,0) -> 0 | H16: =(C14/C16) -> 0 | J16: =IFERROR(J14/I14,0) -> 0 | L16: =IFERROR(L14/K14,0) -> 0 | M16: =IFERROR(M14/SUM(R14+G14,0),"") | O16: =IFERROR(O14/N14,0) -> 0 | Q16: =IFERROR(Q14/P14,0) -> 0
B17: Timothy Noe | C17: =SUMIF(B:B,B17,T:T) -> 7345 | E17: =SUMIFS(T:T,B:B,B17,D:D,"Y") -> 5906 | F17: =SUMIF(B44:B1137,B17,G44:G1137) -> 16 | G17: =SUMIF(B44:B1137,B17,H44:H1137) -> 11 | H17: =SUMIF(B44:B1137,B17,I44:I1137) -> 6 | I17: =SUMIF(B44:B1137,B17,P44:P1137) -> 6 | J17: =SUMIF(B44:B1137,B17,Q44:Q1137) -> 3 | K17: =SUMIF(B44:B1137,B17,R44:R1137) -> 1 | L17: =SUMIF(B44:B1137,B17,S44:S1137) -> 1 | M17: =SUMIF(B44:B1137,B17,M44:M1137) -> 15 | N17: =SUMIF(B44:B1137,B17,N44:N1137) -> 4 | O17: =SUMIF(B44:B1137,B17,O44:O1137) -> 2 | P17: =SUMIF(B44:B1137,B17,J44:J1137) -> 3 | Q17: =SUMIF(B44:B1137,B17,K44:K1137) -> 2 | R17: =SUMIF(B44:B1137,B17,L44:L1137) -> 0
C18: # of Agents | E18: ALP per sale | F18: Show Rate | G18: Close Ratio | H18: ALP/Agent | J18: POS Close | L18: VET Close | M18: REF Per Sit | O18: REF Close | Q18: OTS Close
C19: =COUNTIFS(B44:B1137,B17) -> 4 | E19: =IFERROR(C17/H17,0) -> 1224.1667 | F19: =IFERROR((G17+R17)/F17,0) -> 0.6875 | G19: =IFERROR(H17/G17,0) -> 0.54545455 | H19: =(C17/C19) -> 1836.25 | J19: =IFERROR(J17/I17,0) -> 0.5 | L19: =IFERROR(L17/K17,0) -> 1 | M19: =IFERROR(M17/SUM(R17+G17,0),"") -> 1.3636364 | O19: =IFERROR(O17/N17,0) -> 0.5 | Q19: =IFERROR(Q17/P17,0) -> 0.66666667
B20: Javier Sandoval | C20: =SUMIF(A:A,B20,T:T) -> 0 | E20: =SUMIFS(T:T,A:A,B20,D:D,"Y") -> 0 | F20: =SUMIF(A:A,B20,G:G) -> 0 | G20: =SUMIF(A:A,B20,H:H) -> 0 | H20: =SUMIF(A:A,B20,I:I) -> 0 | I20: =SUMIF(A:A,B20,P:P) -> 0 | J20: =SUMIF(A:A,B20,Q:Q) -> 0 | K20: =SUMIF(A:A,B20,R:R) -> 0 | L20: =SUMIF(A:A,B20,S:S) -> 0 | M20: =SUMIF(A:A,B20,M:M) -> 0 | N20: =SUMIF(A:A,B20,N:N) -> 0 | O20: =SUMIF(A:A,B20,O:O) -> 0 | P20: =SUMIF(A:A,B20,J:J) -> 0 | Q20: =SUMIF(A:A,B20,K:K) -> 0 | R20: =SUMIF(A:A,B20,L:L) -> 0
C21: # of Agents | E21: ALP per sale | F21: Show Rate | G21: Close Ratio | H21: ALP/Agent | J21: POS Close | L21: VET Close | M21: REF Per Sit | O21: REF Close | Q21: OTS Close
C22: =COUNTIFS(A:A,B20) -> 5 | E22: =IFERROR(C20/H20,0) -> 0 | F22: =IFERROR((G20+R20)/F20,0) -> 0 | G22: =IFERROR(H20/G20,0) -> 0 | H22: =(C20/C22) -> 0 | J22: =IFERROR(J20/I20,0) -> 0 | L22: =IFERROR(L20/K20,0) -> 0 | M22: =IFERROR(M20/SUM(R20+G20,0),"") | O22: =IFERROR(O20/N20,0) -> 0 | Q22: =IFERROR(Q20/P20,0) -> 0
B23: Derron Alexander | C23: =SUMIF(A:A,B23,T:T) -> 0 | E23: =SUMIFS(T:T,A:A,B23,D:D,"Y") -> 0 | F23: =SUMIF(A:A,B23,G:G) -> 0 | G23: =SUMIF(A:A,B23,H:H) -> 0 | H23: =SUMIF(A:A,B23,I:I) -> 0 | I23: =SUMIF(A:A,B23,P:P) -> 0 | J23: =SUMIF(A:A,B23,Q:Q) -> 0 | K23: =SUMIF(A:A,B23,R:R) -> 0 | L23: =SUMIF(A:A,B23,S:S) -> 0 | M23: =SUMIF(A:A,B23,M:M) -> 0 | N23: =SUMIF(A:A,B23,N:N) -> 0 | O23: =SUMIF(A:A,B23,O:O) -> 0 | P23: =SUMIF(A:A,B23,J:J) -> 0 | Q23: =SUMIF(A:A,B23,K:K) -> 0 | R23: =SUMIF(A:A,B23,L:L) -> 0
C24: # of Agents | E24: ALP per sale | F24: Show Rate | G24: Close Ratio | H24: ALP/Agent | J24: POS Close | L24: VET Close | M24: REF Per Sit | O24: REF Close | Q24: OTS Close
C25: =COUNTIFS(A:A,B23) -> 10 | E25: =IFERROR(C23/H23,0) -> 0 | F25: =IFERROR((G23+R23)/F23,0) -> 0 | G25: =IFERROR(H23/G23,0) -> 0 | H25: =(C23/C25) -> 0 | J25: =IFERROR(J23/I23,0) -> 0 | L25: =IFERROR(L23/K23,0) -> 0 | M25: =IFERROR(M23/SUM(R23+G23,0),"") | O25: =IFERROR(O23/N23,0) -> 0 | Q25: =IFERROR(Q23/P23,0) -> 0
B26: David Fulfer | C26: =SUMIF(A:A,B26,T:T) -> 817 | E26: =SUMIFS(T:T,A:A,B26,D:D,"Y") -> 817 | F26: =SUMIF(A:A,B26,G:G) -> 0 | G26: =SUMIF(A:A,B26,H:H) -> 0 | H26: =SUMIF(A:A,B26,I:I) -> 1 | I26: =SUMIF(A:A,B26,P:P) -> 0 | J26: =SUMIF(A:A,B26,Q:Q) -> 0 | K26: =SUMIF(A:A,B26,R:R) -> 0 | L26: =SUMIF(A:A,B26,S:S) -> 0 | M26: =SUMIF(A:A,B26,M:M) -> 0 | N26: =SUMIF(A:A,B26,N:N) -> 0 | O26: =SUMIF(A:A,B26,O:O) -> 1 | P26: =SUMIF(A:A,B26,J:J) -> 0 | Q26: =SUMIF(A:A,B26,K:K) -> 0 | R26: =SUMIF(A:A,B26,L:L) -> 0
C27: # of Agents | E27: ALP per sale | F27: Show Rate | G27: Close Ratio | H27: ALP/Agent | J27: POS Close | L27: VET Close | M27: REF Per Sit | O27: REF Close | Q27: OTS Close
C28: =COUNTIFS(A:A,B26) -> 5 | E28: =IFERROR(C26/H26,0) -> 817 | F28: =IFERROR((G26+R26)/F26,0) -> 0 | G28: =IFERROR(H26/G26,0) -> 0 | H28: =(C26/C28) -> 163.4 | J28: =IFERROR(J26/I26,0) -> 0 | L28: =IFERROR(L26/K26,0) -> 0 | M28: =IFERROR(M26/SUM(R26+G26,0),"") | O28: =IFERROR(O26/N26,0) -> 0 | Q28: =IFERROR(Q26/P26,0) -> 0
B29: Ashlynn Orng | C29: =SUMIF(A:A,B29,T:T) -> 0 | E29: =SUMIFS(T:T,A:A,B29,D:D,"Y") -> 0 | F29: =SUMIF(A:A,B29,G:G) -> 0 | G29: =SUMIF(A:A,B29,H:H) -> 0 | H29: =SUMIF(A:A,B29,I:I) -> 0 | I29: =SUMIF(A:A,B29,P:P) -> 0 | J29: =SUMIF(A:A,B29,Q:Q) -> 0 | K29: =SUMIF(A:A,B29,R:R) -> 0 | L29: =SUMIF(A:A,B29,S:S) -> 0 | M29: =SUMIF(A:A,B29,M:M) -> 0 | N29: =SUMIF(A:A,B29,N:N) -> 0 | O29: =SUMIF(A:A,B29,O:O) -> 0 | P29: =SUMIF(A:A,B29,J:J) -> 0 | Q29: =SUMIF(A:A,B29,K:K) -> 0 | R29: =SUMIF(A:A,B29,L:L) -> 0
C30: # of Agents | E30: ALP per sale | F30: Show Rate | G30: Close Ratio | H30: ALP/Agent | J30: POS Close | L30: VET Close | M30: REF Per Sit | O30: REF Close | Q30: OTS Close
C31: =COUNTIFS(A:A,B29) -> 17 | E31: =IFERROR(C29/H29,0) -> 0 | F31: =IFERROR((G29+R29)/F29,0) -> 0 | G31: =IFERROR(H29/G29,0) -> 0 | H31: =(C29/C31) -> 0 | J31: =IFERROR(J29/I29,0) -> 0 | L31: =IFERROR(L29/K29,0) -> 0 | M31: =IFERROR(M29/SUM(R29+G29,0),"") | O31: =IFERROR(O29/N29,0) -> 0 | Q31: =IFERROR(Q29/P29,0) -> 0
B32: Kenneth Preston | C32: =SUMIF(A:A,B32,T:T) -> 0 | E32: =SUMIFS(T:T,A:A,B32,D:D,"Y") -> 0 | F32: =SUMIF(A:A,B32,G:G) -> 0 | G32: =SUMIF(A:A,B32,H:H) -> 0 | H32: =SUMIF(A:A,B32,I:I) -> 0 | I32: =SUMIF(A:A,B32,P:P) -> 0 | J32: =SUMIF(A:A,B32,Q:Q) -> 0 | K32: =SUMIF(A:A,B32,R:R) -> 0 | L32: =SUMIF(A:A,B32,S:S) -> 0 | M32: =SUMIF(A:A,B32,M:M) -> 0 | N32: =SUMIF(A:A,B32,N:N) -> 0 | O32: =SUMIF(A:A,B32,O:O) -> 0 | P32: =SUMIF(A:A,B32,J:J) -> 0 | Q32: =SUMIF(A:A,B32,K:K) -> 0 | R32: =SUMIF(A:A,B32,L:L) -> 0
C33: # of Agents | E33: ALP per sale | F33: Show Rate | G33: Close Ratio | H33: ALP/Agent | J33: POS Close | L33: VET Close | M33: REF Per Sit | O33: REF Close | Q33: OTS Close
C34: =COUNTIFS(A:A,B32) -> 2 | E34: =IFERROR(C32/H32,0) -> 0 | F34: =IFERROR((G32+R32)/F32,0) -> 0 | G34: =IFERROR(H32/G32,0) -> 0 | H34: =(C32/C34) -> 0 | J34: =IFERROR(J32/I32,0) -> 0 | L34: =IFERROR(L32/K32,0) -> 0 | M34: =IFERROR(M32/SUM(R32+G32,0),"") | O34: =IFERROR(O32/N32,0) -> 0 | Q34: =IFERROR(Q32/P32,0) -> 0
A36: MGA | B36: GA | C36: SA | E36: State | F36: Agent | G36: SETS | H36: SITS | I36: SALES | J36: OTS SITS | K36: OTS SALES | L36: N1 | M36: REF OBT | N36: REF SITS | O36: REF SALES | P36: POS SITS | Q36: POS SALES | R36: VETS SITS | S36: VET SALES | T36: ALP | U36: Close | V36: Show | W36: Code Date
A37: Joseph Gojcaj | D37: Y | E37: MI | F37: Joseph Gojcaj | U37: =IFERROR(I37/H37,0) -> 0 | V37: =IFERROR(SUM(H37+L37)/G37,0) -> 0
A38: Joseph Gojcaj | B38: Jacob Brown | D38: Y | E38: MI | F38: Jacob Brown | U38: =IFERROR(I38/H38,0) -> 0 | V38: =IFERROR(SUM(H38+L38)/G38,0) -> 0
A39: Joseph Gojcaj | B39: Jacob Brown | C39: Kristen Fox | D39: Y | E39: NC | F39: Kristen Fox | G39: 0 | H39: 0 | I39: 0 | J39: 0 | K39: 0 | L39: 0 | M39: 0 | N39: 0 | O39: 0 | P39: 0 | Q39: 0 | R39: 0 | S39: 0 | U39: =IFERROR(I39/H39,0) -> 0 | V39: =IFERROR(SUM(H39+L39)/G39,0) -> 0
A40: Joseph Gojcaj | B40: Jacob Brown | C40: Kristen Fox | F40: Marci Dyer | G40: 0 | H40: 0 | I40: 0 | J40: 0 | K40: 0 | L40: 0 | M40: 0 | N40: 0 | O40: 0 | P40: 0 | Q40: 0 | R40: 0 | S40: 0 | U40: =IFERROR(I40/H40,0) -> 0 | V40: =IFERROR(SUM(H40+L40)/G40,0) -> 0
A41: Joseph Gojcaj | B41: Jacob Brown | C41: Joylynn Harris | D41: Y | E41: CA | F41: Joylynn Harris | G41: 0 | H41: 0 | I41: 0 | J41: 0 | K41: 0 | L41: 0 | M41: 0 | N41: 0 | O41: 0 | P41: 0 | Q41: 0 | R41: 0 | S41: 0 | T41: 0 | U41: =IFERROR(I41/H41,0) -> 0 | V41: =IFERROR(SUM(H41+L41)/G41,0) -> 0
A42: Joseph Gojcaj | B42: Jacob Brown | C42: Joylynn Harris | E42: TX | F42: Shafay Sutton | G42: 0 | H42: 0 | I42: 0 | J42: 0 | K42: 0 | L42: 0 | M42: 0 | N42: 0 | O42: 0 | P42: 0 | Q42: 0 | R42: 0 | S42: 0 | T42: 0 | U42: =IFERROR(I42/H42,0) -> 0 | V42: =IFERROR(SUM(H42+L42)/G42,0) -> 0
A43: Joseph Gojcaj | B43: Edward Leon | D43: Y | E43: MI | F43: Eddie Leon | U43: =IFERROR(I43/H43,0) -> 0 | V43: =IFERROR(SUM(H43+L43)/G43,0) -> 0
A44: Joseph Gojcaj | B44: Edward Leon | E44: CA | F44: Rick Argote | G44: 0 | H44: 0 | I44: 0 | J44: 0 | K44: 0 | L44: 0 | M44: 0 | N44: 0 | O44: 0 | P44: 0 | Q44: 0 | R44: 0 | S44: 0 | T44: 0 | U44: =IFERROR(I44/H44,0) -> 0 | V44: =IFERROR(SUM(H44+L44)/G44,0) -> 0
A45: Joseph Gojcaj | B45: Edward Leon | E45: MI | F45: Julian Hyman | G45: 2 | H45: 2 | I45: 1 | J45: 1 | K45: 1 | L45: 0 | M45: 5 | N45: 0 | O45: 0 | P45: 0 | Q45: 0 | R45: 1 | S45: 1 | T45: 1769 | U45: =IFERROR(I45/H45,0) -> 0.5 | V45: =IFERROR(SUM(H45+L45)/G45,0) -> 1
A46: Joseph Gojcaj | B46: Edward Leon | C46: Marcus Norton | D46: Y | E46: CO | F46: Marcus Norton | G46: 0 | H46: 0 | I46: 0 | J46: 0 | K46: 0 | L46: 0 | M46: 0 | N46: 0 | O46: 0 | P46: 0 | Q46: 0 | R46: 0 | S46: 0 | T46: 0 | U46: =IFERROR(I46/H46,0) -> 0 | V46: =IFERROR(SUM(H46+L46)/G46,0) -> 0
A47: Joseph Gojcaj | B47: Edward Leon | C47: Marcus Norton | F47: Kaliyah Pyles | G47: 3 | H47: 2 | I47: 0 | J47: 1 | K47: 0 | L47: 0 | M47: 20 | N47: 0 | O47: 0 | P47: 0 | Q47: 0 | R47: 2 | S47: 0 | T47: 0 | U47: =IFERROR(I47/H47,0) -> 0 | V47: =IFERROR(SUM(H47+L47)/G47,0) -> 0.66666667
A48: Joseph Gojcaj | B48: Edward Leon | C48: Marcus Norton | F48: M'Ellen Jackson | G48: 0 | H48: 0 | I48: 0 | J48: 0 | K48: 0 | L48: 0 | M48: 0 | N48: 0 | O48: 0 | P48: 0 | Q48: 0 | R48: 0 | S48: 0 | T48: 0 | U48: =IFERROR(I48/H48,0) -> 0 | V48: =IFERROR(SUM(H48+L48)/G48,0) -> 0
A49: Joseph Gojcaj | B49: Edward Leon | C49: Marcus Norton | F49: Ethan Lasley | G49: 4 | H49: 1 | I49: 0 | J49: 0 | K49: 0 | L49: 0 | M49: 1 | N49: 0 | O49: 0 | P49: 0 | Q49: 0 | R49: 0 | S49: 0 | T49: 0 | U49: =IFERROR(I49/H49,0) -> 0 | V49: =IFERROR(SUM(H49+L49)/G49,0) -> 0.25
A50: Joseph Gojcaj | B50: Melissa Elam | D50: Y | E50: MS | F50: Melissa Elam | G50: 0 | H50: 0 | U50: =IFERROR(I50/H50,0) -> 0 | V50: =IFERROR(SUM(H50+L50)/G50,0) -> 0
A51: Joseph Gojcaj | B51: Melissa Elam | E51: TX | F51: Ronald Montoya | G51: 0 | H51: 0 | I51: 0 | J51: 0 | K51: 0 | L51: 0 | M51: 0 | N51: 0 | O51: 0 | P51: 0 | Q51: 0 | R51: 0 | S51: 0 | T51: 0 | U51: =IFERROR(I51/H51,0) -> 0 | V51: =IFERROR(SUM(H51+L51)/G51,0) -> 0
A52: Joseph Gojcaj | B52: Melissa Elam | E52: MS | F52: Nathan Fast | G52: 0 | H52: 0 | I52: 0 | J52: 0 | K52: 0 | L52: 0 | M52: 0 | N52: 0 | O52: 0 | P52: 0 | Q52: 0 | R52: 0 | S52: 0 | T52: 0 | U52: 0 | V52: =IFERROR(SUM(H52+L52)/G52,0) -> 0
A53: Joseph Gojcaj | B53: Melissa Elam | C53: Danielle Loux | D53: Y | E53: MO | F53: Danielle Loux | G53: 4 | H53: 0 | I53: 0 | J53: 0 | K53: 0 | L53: 0 | M53: 0 | N53: 0 | O53: 0 | P53: 0 | Q53: 0 | R53: 0 | S53: 0 | T53: 0 | U53: =IFERROR(I53/H53,0) -> 0 | V53: =IFERROR(SUM(H53+L53)/G53,0) -> 0
A54: Joseph Gojcaj | B54: Melissa Elam | C54: Danielle Loux | E54: TX | F54: Frances Gonzalez | G54: 0 | H54: 0 | I54: 0 | J54: 0 | K54: 0 | L54: 0 | M54: 0 | N54: 0 | O54: 0 | P54: 0 | Q54: 0 | R54: 0 | S54: 0 | T54: 0 | U54: =IFERROR(I54/H54,0) -> 0 | V54: =IFERROR(SUM(H54+L54)/G54,0) -> 0
A55: Joseph Gojcaj | B55: Melissa Elam | C55: Danielle Loux | E55: TX | F55: Chistopher Jacko | G55: 0 | H55: 0 | I55: 0 | J55: 0 | K55: 0 | L55: 0 | M55: 0 | N55: 0 | O55: 0 | P55: 0 | Q55: 0 | R55: 0 | S55: 0 | T55: 0 | U55: =IFERROR(I55/H55,0) -> 0 | V55: =IFERROR(SUM(H55+L55)/G55,0) -> 0
A56: Joseph Gojcaj | B56: Melissa Elam | C56: Danielle Loux | E56: TX | F56: Lacie Herring | G56: 1 | H56: 0 | I56: 0 | J56: 0 | K56: 0 | L56: 0 | M56: 0 | N56: 0 | O56: 0 | P56: 0 | Q56: 0 | R56: 0 | S56: 0 | T56: 0 | U56: =IFERROR(I56/H56,0) -> 0 | V56: =IFERROR(SUM(H56+L56)/G56,0) -> 0
A57: Joseph Gojcaj | B57: Timothy Noe | D57: Y | E57: TN | F57: Timothy Noe | G57: 8 | H57: 4 | I57: 2 | J57: 0 | K57: 0 | L57: 0 | M57: 10 | N57: 1 | O57: 1 | P57: 3 | Q57: 1 | R57: 0 | S57: 0 | T57: 2934 | U57: =IFERROR(I57/H57,0) -> 0.5 | V57: =IFERROR(SUM(H57+L57)/G57,0) -> 0.5
A58: Joseph Gojcaj | B58: Timothy Noe | C58: Preston Opperman | D58: Y | E58: TN | F58: Preston Opperman | G58: 5 | H58: 4 | I58: 3 | J58: 1 | K58: 1 | L58: 0 | M58: 5 | N58: 1 | O58: 1 | P58: 3 | Q58: 2 | R58: 0 | S58: 0 | T58: 2972 | U58: =IFERROR(I58/H58,0) -> 0.75 | V58: =IFERROR(SUM(H58+L58)/G58,0) -> 0.8
A59: Joseph Gojcaj | B59: Timothy Noe | C59: Preston Opperman | E59: TN | F59: Bilal Abdullah | G59: 2 | H59: 2 | I59: 1 | J59: 2 | K59: 1 | L59: 0 | M59: 0 | N59: 1 | O59: 0 | P59: 0 | Q59: 0 | R59: 1 | S59: 1 | T59: 1439 | U59: =IFERROR(I59/H59,0) -> 0.5 | V59: =IFERROR(SUM(H59+L59)/G59,0) -> 1
A60: Joseph Gojcaj | B60: Timothy Noe | C60: Preston Opperman | E60: TN | F60: Kain White-Conley | G60: 1 | H60: 1 | I60: 0 | J60: 0 | K60: 0 | L60: 0 | M60: 0 | N60: 1 | O60: 0 | P60: 0 | Q60: 0 | R60: 0 | S60: 0 | T60: 0 | U60: =IFERROR(I60/H60,0) -> 0 | V60: =IFERROR(SUM(H60+L60)/G60,0) -> 1
A61: MGA | B61: GA | C61: SA | E61: State | F61: Agent | G61: SETS | H61: SITS | I61: SALES | J61: OTS SITS | K61: OTS SALES | L61: N1 | M61: REF OBT | N61: REF SITS | O61: REF SALES | P61: POS SITS | Q61: POS SALES | R61: VETS SITS | S61: VET SALES | T61: ALP | U61: Close | V61: Show
A62: Javier Sandoval | D62: Y | E62: NH | F62: Javier Sandoval | U62: =IFERROR(I62/H62,0) -> 0 | V62: =IFERROR(SUM(H62+L62)/G62,0) -> 0
A63: Javier Sandoval | C63: Andre Alire | D63: Y | F63: Andre Alire | U63: =IFERROR(I63/H63,0) -> 0 | V63: =IFERROR(SUM(H63+L63)/G63,0) -> 0
A64: Javier Sandoval | C64: Andre Alire | F64: Kelvin Claney | U64: =IFERROR(I64/H64,0) -> 0 | V64: =IFERROR(SUM(H64+L64)/G64,0) -> 0
A65: Javier Sandoval | C65: Jacob Bandyk | F65: Jacob Bandyk | U65: =IFERROR(I65/H65,0) -> 0 | V65: =IFERROR(SUM(H65+L65)/G65,0) -> 0
A66: Javier Sandoval | C66: Jacob Bandyk | E66: ID | F66: Alayna Halverson | U66: =IFERROR(I66/H66,0) -> 0 | V66: =IFERROR(SUM(H66+L66)/G66,0) -> 0
A67: MGA | B67: GA | C67: SA | E67: State | F67: Agent | G67: SETS | H67: SITS | I67: SALES | J67: OTS SITS | K67: OTS SALES | L67: N1 | M67: REF OBT | N67: REF SITS | O67: REF SALES | P67: POS SITS | Q67: POS SALES | R67: VETS SITS | S67: VET SALES | T67: ALP | U67: Close | V67: Show
A68: Derron Alexander | D68: Y | E68: NY | F68: Derron Alexander | U68: =IFERROR(I68/H68,0) -> 0 | V68: =IFERROR(SUM(H68+L68)/G68,0) -> 0
A69: Derron Alexander | E69: NY | F69: Dylan Alexander | U69: =IFERROR(I69/H69,0) -> 0 | V69: =IFERROR(SUM(H69+L69)/G69,0) -> 0
A70: Derron Alexander | E70: NY | F70: Kisha Darby | U70: =IFERROR(I70/H70,0) -> 0 | V70: =IFERROR(SUM(H70+L70)/G70,0) -> 0
A71: Derron Alexander | E71: NY | F71: Scott Harrison | U71: =IFERROR(I71/H71,0) -> 0 | V71: =IFERROR(SUM(H71+L71)/G71,0) -> 0
A72: Derron Alexander | E72: NY | F72: Michael Dolin | U72: =IFERROR(I72/H72,0) -> 0 | V72: =IFERROR(SUM(H72+L72)/G72,0) -> 0
A73: Derron Alexander | E73: NY | F73: Toel Jefferson | U73: =IFERROR(I73/H73,0) -> 0 | V73: =IFERROR(SUM(H73+L73)/G73,0) -> 0
A74: Derron Alexander | E74: NY | F74: Zev Bienenstock | U74: =IFERROR(I74/H74,0) -> 0 | V74: =IFERROR(SUM(H74+L74)/G74,0) -> 0
A75: Derron Alexander | E75: NY | F75: Julia Rodriguez | U75: =IFERROR(I75/H75,0) -> 0 | V75: =IFERROR(SUM(H75+L75)/G75,0) -> 0
A76: Derron Alexander | E76: NY | F76: Marie Cano | U76: =IFERROR(I76/H76,0) -> 0 | V76: =IFERROR(SUM(H76+L76)/G76,0) -> 0
A77: Derron Alexander | E77: NY | F77: Jordan McFarlane | U77: =IFERROR(I77/H77,0) -> 0 | V77: =IFERROR(SUM(H77+L77)/G77,0) -> 0
A78: MGA | B78: GA | C78: SA | E78: State | F78: Agent | G78: SETS | H78: SITS | I78: SALES | J78: OTS SITS | K78: OTS SALES | L78: N1 | M78: REF OBT | N78: REF SITS | O78: REF SALES | P78: POS SITS | Q78: POS SALES | R78: VETS SITS | S78: VET SALES | T78: ALP | U78: Close | V78: Show
A79: David Fulfer | D79: Y | E79: SC | F79: David Fulfer | U79: =IFERROR(I79/H79,0) -> 0 | V79: =IFERROR(SUM(H79+L79)/G79,0) -> 0
A80: David Fulfer | E80: MO | F80: William Benline | U80: =IFERROR(I80/H80,0) -> 0 | V80: =IFERROR(SUM(H80+L80)/G80,0) -> 0
A81: David Fulfer | C81: Ken Hermann | D81: Y | E81: TX | F81: Ken Hermann | G81: 0 | H81: 0 | I81: 1 | J81: 0 | K81: 0 | L81: 0 | M81: 0 | N81: 0 | O81: 1 | P81: 0 | Q81: 0 | R81: 0 | S81: 0 | T81: 817 | U81: =IFERROR(I81/H81,0) -> 0 | V81: =IFERROR(SUM(H81+L81)/G81,0) -> 0
A82: David Fulfer | C82: Annie Ransom | D82: Y | E82: OR | F82: Annie Ransom | U82: =IFERROR(I82/H82,0) -> 0 | V82: =IFERROR(SUM(H82+L82)/G82,0) -> 0
A83: David Fulfer | C83: Annie Ransom | E83: TX | F83: Caroline Sanazaro | G83: 0 | H83: 0 | I83: 0 | J83: 0 | K83: 0 | L83: 0 | M83: 0 | N83: 0 | O83: 0 | P83: 0 | Q83: 0 | R83: 0 | S83: 0 | T83: 0 | U83: =IFERROR(I83/H83,0) -> 0 | V83: =IFERROR(SUM(H83+L83)/G83,0) -> 0
A84: MGA | B84: GA | C84: SA | E84: State | F84: Agent | G84: SETS | H84: SITS | I84: SALES | J84: OTS SITS | K84: OTS SALES | L84: N1 | M84: REF OBT | N84: REF SITS | O84: REF SALES | P84: POS SITS | Q84: POS SALES | R84: VETS SITS | S84: VET SALES | T84: ALP | U84: Close | V84: Show
A85: Ashlynn Orng | D85: Y | E85: CA | F85: Ashlynn Orng | U85: =IFERROR(I85/H85,0) -> 0 | V85: =IFERROR(SUM(H85+L85)/G85,0) -> 0
A86: Ashlynn Orng | E86: TX | F86: O'Neil Mbakwe | U86: =IFERROR(I86/H86,0) -> 0 | V86: =IFERROR(SUM(H86+L86)/G86,0) -> 0
A87: Ashlynn Orng | E87: CA | F87: Hillary Tucker | U87: =IFERROR(I87/H87,0) -> 0 | V87: =IFERROR(SUM(H87+L87)/G87,0) -> 0
A88: Ashlynn Orng | E88: MO | F88: Alexa Legg | U88: =IFERROR(I88/H88,0) -> 0 | V88: =IFERROR(SUM(H88+L88)/G88,0) -> 0
A89: Ashlynn Orng | E89: IN | F89: Nataly Vargas | U89: =IFERROR(I89/H89,0) -> 0 | V89: =IFERROR(SUM(H89+L89)/G89,0) -> 0
A90: Ashlynn Orng | E90: CA | F90: Berlin Iwai | U90: =IFERROR(I90/H90,0) -> 0 | V90: =IFERROR(SUM(H90+L90)/G90,0) -> 0
A91: Ashlynn Orng | F91: Kendall Stowers | U91: =IFERROR(I91/H91,0) -> 0 | V91: =IFERROR(SUM(H91+L91)/G91,0) -> 0
A92: Ashlynn Orng | F92: Crystal Mekdarasack | U92: =IFERROR(I92/H92,0) -> 0 | V92: =IFERROR(SUM(H92+L92)/G92,0) -> 0
A93: Ashlynn Orng | F93: Brad Word | U93: =IFERROR(I93/H93,0) -> 0 | V93: =IFERROR(SUM(H93+L93)/G93,0) -> 0
A94: Ashlynn Orng | F94: Ivander Ambriz | U94: =IFERROR(I94/H94,0) -> 0 | V94: =IFERROR(SUM(H94+L94)/G94,0) -> 0
A95: Ashlynn Orng | F95: Michael Boyd | U95: =IFERROR(I95/H95,0) -> 0 | V95: =IFERROR(SUM(H95+L95)/G95,0) -> 0
A96: Ashlynn Orng | C96: Wendy Huber | D96: Y | E96: OR | F96: Wendy Huber | U96: =IFERROR(I96/H96,0) -> 0 | V96: =IFERROR(SUM(H96+L96)/G96,0) -> 0
A97: Ashlynn Orng | C97: Wendy Huber | E97: FL | F97: Alissa Charles | U97: =IFERROR(I97/H97,0) -> 0 | V97: =IFERROR(SUM(H97+L97)/G97,0) -> 0
A98: Ashlynn Orng | C98: Wendy Huber | E98: VA | F98: Tasheka Hill | U98: =IFERROR(I98/H98,0) -> 0 | V98: =IFERROR(SUM(H98+L98)/G98,0) -> 0
A99: Ashlynn Orng | C99: Wendy Huber | F99: Alissa Charles | U99: =IFERROR(I99/H99,0) -> 0 | V99: =IFERROR(SUM(H99+L99)/G99,0) -> 0
A100: Ashlynn Orng | C100: Bryanna Wagner | D100: Y | E100: WI | F100: Bryanna Wagner | U100: =IFERROR(I100/H100,0) -> 0 | V100: =IFERROR(SUM(H100+L100)/G100,0) -> 0
A101: Ashlynn Orng | C101: Bryanna Wagner | F101: Juan Ortega | U101: =IFERROR(I101/H101,0) -> 0 | V101: =IFERROR(SUM(H101+L101)/G101,0) -> 0
...

Sheet Thurs
C1: ALP | E1: LEADERSHIP ALP | F1: Appts | G1: Pres | H1: Sales | I1: POS SITS | J1: POS SA | K1: VET SITS | L1: VET SA | M1: REF OBT | N1: REF SITS | O1: REF SA | P1: OTS SITS | Q1: OTS SA | R1: N1
B2: GOJCAJ RGA | C2: =SUM(C5,C20,C23,C26,C29,C32) -> 7636.32 | E2: =SUM(E5,E20,E23,E26,E29,E32) -> 5933.32 | F2: =SUM(F5,F20,F23,F26,F29,F32) -> 20 | G2: =SUM(G5,G20,G23,G26,G29,G32) -> 12 | H2: =SUM(H5,H20,H23,H26,H29,H32) -> 4 | I2: =SUM(I5,I20,I23,I26,I29,I32) -> 1 | J2: =SUM(J5,J20,J23,J26,J29,J32) -> 1 | K2: =SUM(K5,K20,K23,K26,K29,K32) -> 4 | L2: =SUM(L5,L20,L23,L26,L29,L32) -> 0 | ... R2: =SUM(R5,R20,R23,R26,R29,R32) -> 3
C3: # of Agents | E3: ALP per sale | F3: Show Rate | G3: Close Ratio | H3: ALP/Agent | J3: POS Close | L3: VET Close | M3: REF Per Sit | O3: REF Close | Q3: OTS Close
C4: =SUM(C7,C25,C22,C28,C31,C34) -> 63 | E4: =IFERROR(C2/H2,0) -> 1909.08 | F4: =IFERROR((G2+R2)/F2,0) -> 0.75 | G4: =IFERROR(H2/G2,0) -> 0.33333333 | H4: =(C2/C4) -> 121.21143 | J4: =IFERROR(J2/I2,0) -> 1 | L4: =IFERROR(L2/K2,0) -> 0 | M4: =IFERROR(M2/G2,0) -> 3.5 | O4: =IFERROR(O2/N2,0) -> 0.5 | Q4: =IFERROR(Q2/P2,0) -> 0.2
B5: Joseph Gojcaj | C5: =SUMIF(A:A,B5,T:T) -> 4110 | E5: =SUMIFS(T:T,A:A,B5,D:D,"Y") -> 2407 | F5: =SUMIF(A:A,B5,G:G) -> 19 | G5: =SUMIF(A:A,B5,H:H) -> 10 | H5: =SUMIF(A:A,B5,I:I) -> 2 | I5: =SUMIF(A:A,B5,P:P) -> 1 | J5: =SUMIF(A:A,B5,Q:Q) -> 1 | K5: =SUMIF(A:A,B5,R:R) -> 4 | L5: =SUMIF(A:A,B5,S:S) -> 0 | M5: =SUMIF(A:A,B5,M:M) -> 30 | N5: =SUMIF(A:A,B5,N:N) -> 4 | O5: =SUMIF(A:A,B5,O:O) -> 1 | P5: =SUMIF(A:A,B5,J:J) -> 4 | Q5: =SUMIF(A:A,B5,K:K) -> 0 | R5: =SUMIF(A:A,B5,L:L) -> 3
C6: # of Agents | E6: ALP per sale | F6: Show Rate | G6: Close Ratio | H6: ALP/Agent | J6: POS Close | L6: VET Close | M6: REF Per Sit | O6: REF Close | Q6: OTS Close
C7: =COUNTIFS(A:A,B5) -> 24 | E7: =IFERROR(C5/H5,0) -> 2055 | F7: =IFERROR((G5+R5)/F5,0) -> 0.68421053 | G7: =IFERROR(H5/G5,0) -> 0.2 | H7: =(C5/C7) -> 171.25 | J7: =IFERROR(J5/I5,0) -> 1 | L7: =IFERROR(L5/K5,0) -> 0 | M7: =IFERROR(M5/SUM(R5+G5,0),"") -> 2.3076923 | O7: =IFERROR(O5/N5,0) -> 0.25 | Q7: =IFERROR(Q5/P5,0) -> 0
B8: Jacob Brown | C8: =SUMIF(B:B,B8,T:T) -> 0 | E8: =SUMIFS(T:T,B:B,B8,D:D,"Y") -> 0 | F8: =SUMIF(B37:B1137,B8,G37:G1137) -> 2 | G8: =SUMIF(B37:B1137,B8,H37:H1137) -> 1 | H8: =SUMIF(B37:B1137,B8,I37:I1137) -> 0 | I8: =SUMIF(B37:B1137,B8,P37:P1137) -> 0 | J8: =SUMIF(B37:B1137,B8,Q37:Q1137) -> 0 | K8: =SUMIF(B37:B1137,B8,R37:R1137) -> 1 | L8: =SUMIF(B37:B1137,B8,S37:S1137) -> 0 | M8: =SUMIF(B37:B1137,B8,M37:M1137) -> 1 | N8: =SUMIF(B37:B1137,B8,N37:N1137) -> 1 | O8: =SUMIF(B37:B1137,B8,O37:O1137) -> 0 | P8: =SUMIF(B37:B1137,B8,J37:J1137) -> 1 | Q8: =SUMIF(B37:B1137,B8,K37:K1137) -> 0 | R8: =SUMIF(B37:B1137,B8,L37:L1137) -> 1
C9: # of Agents | E9: ALP per sale | F9: Show Rate | G9: Close Ratio | H9: ALP/Agent | J9: POS Close | L9: VET Close | M9: REF Per Sit | O9: REF Close | Q9: OTS Close
C10: =COUNTIFS(B37:B1137,B8) -> 5 | E10: =IFERROR(C8/H8,0) -> 0 | F10: =IFERROR((G8+R8)/F8,0) -> 1 | G10: =IFERROR(H8/G8,0) -> 0 | H10: =(C8/C10) -> 0 | J10: =IFERROR(J8/I8,0) -> 0 | L10: =IFERROR(L8/K8,0) -> 0 | M10: =IFERROR(M8/SUM(G8+R8,0),"") -> 0.5 | O10: =IFERROR(O8/N8,0) -> 0 | Q10: =IFERROR(Q8/P8,0) -> 0
B11: Edward Leon | C11: =SUMIF(B:B,B11,T:T) -> 1703 | E11: =SUMIFS(T:T,B:B,B11,D:D,"Y") -> 0 | F11: =SUMIF(B39:B1137,B11,G39:G1137) -> 7 | G11: =SUMIF(B39:B1137,B11,H39:H1137) -> 5 | H11: =SUMIF(B39:B1137,B11,I39:I1137) -> 1 | I11: =SUMIF(B39:B1137,B11,P39:P1137) -> 0 | J11: =SUMIF(B39:B1137,B11,Q39:Q1137) -> 0 | K11: =SUMIF(B39:B1137,B11,R39:R1137) -> 1 | L11: =SUMIF(B39:B1137,B11,S39:S1137) -> 0 | M11: =SUMIF(B39:B1137,B11,M39:M1137) -> 17 | N11: =SUMIF(B39:B1137,B11,N39:N1137) -> 2 | O11: =SUMIF(B39:B1137,B11,O39:O1137) -> 1 | P11: =SUMIF(B39:B1137,B11,J39:J1137) -> 3 | Q11: =SUMIF(B39:B1137,B11,K39:K1137) -> 0 | R11: =SUMIF(B39:B1137,B11,L39:L1137) -> 1
C12: # of Agents | E12: ALP per sale | F12: Show Rate | G12: Close Ratio | H12: ALP/Agent | J12: POS Close | L12: VET Close | M12: REF Per Sit | O12: REF Close | Q12: OTS Close
C13: =COUNTIFS(B39:B1137,B11) -> 7 | E13: =IFERROR(C11/H11,0) -> 1703 | F13: =IFERROR((G11+R11)/F11,0) -> 0.85714286 | G13: =IFERROR(H11/G11,0) -> 0.2 | H13: =(C11/C13) -> 243.28571 | J13: =IFERROR(J11/I11,0) -> 0 | L13: =IFERROR(L11/K11,0) -> 0 | M13: =IFERROR(M11/SUM(R11+G11,0),"") -> 2.8333333 | O13: =IFERROR(O11/N11,0) -> 0.5 | Q13: =IFERROR(Q11/P11,0) -> 0
B14: Melissa Elam | C14: =SUMIF(B:B,B14,T:T) -> 0 | E14: =SUMIFS(T:T,B:B,B14,D:D,"Y") -> 0 | F14: =SUMIF(B39:B1137,B14,G39:G1137) -> 4 | G14: =SUMIF(B39:B1137,B14,H39:H1137) -> 3 | H14: =SUMIF(B39:B1137,B14,I39:I1137) -> 0 | I14: =SUMIF(B39:B1137,B14,P39:P1137) -> 0 | J14: =SUMIF(B39:B1137,B14,Q39:Q1137) -> 0 | K14: =SUMIF(B39:B1137,B14,R39:R1137) -> 2 | L14: =SUMIF(B39:B1137,B14,S39:S1137) -> 0 | M14: =SUMIF(B39:B1137,B14,M39:M1137) -> 6 | N14: =SUMIF(B39:B1137,B14,N39:N1137) -> 1 | O14: =SUMIF(B39:B1137,B14,O39:O1137) -> 0 | P14: =SUMIF(B39:B1137,B14,J39:J1137) -> 0 | Q14: =SUMIF(B39:B1137,B14,K39:K1137) -> 0 | R14: =SUMIF(B39:B1137,B14,L39:L1137) -> 1
C15: # of Agents | E15: ALP per sale | F15: Show Rate | G15: Close Ratio | H15: ALP/Agent | J15: POS Close | L15: VET Close | M15: REF Per Sit | O15: REF Close | Q15: OTS Close
C16: =COUNTIFS(B39:B1137,B14) -> 7 | E16: =IFERROR(C14/H14,0) -> 0 | F16: =IFERROR((G14+R14)/F14,0) -> 1 | G16: =IFERROR(H14/G14,0) -> 0 | H16: =(C14/C16) -> 0 | J16: =IFERROR(J14/I14,0) -> 0 | L16: =IFERROR(L14/K14,0) -> 0 | M16: =IFERROR(M14/SUM(R14+G14,0),"") -> 1.5 | O16: =IFERROR(O14/N14,0) -> 0 | Q16: =IFERROR(Q14/P14,0) -> 0
B17: Timothy Noe | C17: =SUMIF(B:B,B17,T:T) -> 2407 | E17: =SUMIFS(T:T,B:B,B17,D:D,"Y") -> 2407 | F17: =SUMIF(B44:B1137,B17,G44:G1137) -> 6 | G17: =SUMIF(B44:B1137,B17,H44:H1137) -> 1 | H17: =SUMIF(B44:B1137,B17,I44:I1137) -> 1 | I17: =SUMIF(B44:B1137,B17,P44:P1137) -> 1 | J17: =SUMIF(B44:B1137,B17,Q44:Q1137) -> 1 | K17: =SUMIF(B44:B1137,B17,R44:R1137) -> 0 | L17: =SUMIF(B44:B1137,B17,S44:S1137) -> 0 | M17: =SUMIF(B44:B1137,B17,M44:M1137) -> 6 | N17: =SUMIF(B44:B1137,B17,N44:N1137) -> 0 | O17: =SUMIF(B44:B1137,B17,O44:O1137) -> 0 | P17: =SUMIF(B44:B1137,B17,J44:J1137) -> 0 | Q17: =SUMIF(B44:B1137,B17,K44:K1137) -> 0 | R17: =SUMIF(B44:B1137,B17,L44:L1137) -> 0
C18: # of Agents | E18: ALP per sale | F18: Show Rate | G18: Close Ratio | H18: ALP/Agent | J18: POS Close | L18: VET Close | M18: REF Per Sit | O18: REF Close | Q18: OTS Close
C19: =COUNTIFS(B44:B1137,B17) -> 4 | E19: =IFERROR(C17/H17,0) -> 2407 | F19: =IFERROR((G17+R17)/F17,0) -> 0.16666667 | G19: =IFERROR(H17/G17,0) -> 1 | H19: =(C17/C19) -> 601.75 | J19: =IFERROR(J17/I17,0) -> 1 | L19: =IFERROR(L17/K17,0) -> 0 | M19: =IFERROR(M17/SUM(R17+G17,0),"") -> 6 | O19: =IFERROR(O17/N17,0) -> 0 | Q19: =IFERROR(Q17/P17,0) -> 0
B20: Javier Sandoval | C20: =SUMIF(A:A,B20,T:T) -> 0 | E20: =SUMIFS(T:T,A:A,B20,D:D,"Y") -> 0 | F20: =SUMIF(A:A,B20,G:G) -> 0 | G20: =SUMIF(A:A,B20,H:H) -> 0 | H20: =SUMIF(A:A,B20,I:I) -> 0 | I20: =SUMIF(A:A,B20,P:P) -> 0 | J20: =SUMIF(A:A,B20,Q:Q) -> 0 | K20: =SUMIF(A:A,B20,R:R) -> 0 | L20: =SUMIF(A:A,B20,S:S) -> 0 | M20: =SUMIF(A:A,B20,M:M) -> 0 | N20: =SUMIF(A:A,B20,N:N) -> 0 | O20: =SUMIF(A:A,B20,O:O) -> 0 | P20: =SUMIF(A:A,B20,J:J) -> 0 | Q20: =SUMIF(A:A,B20,K:K) -> 0 | R20: =SUMIF(A:A,B20,L:L) -> 0
C21: # of Agents | E21: ALP per sale | F21: Show Rate | G21: Close Ratio | H21: ALP/Agent | J21: POS Close | L21: VET Close | M21: REF Per Sit | O21: REF Close | Q21: OTS Close
C22: =COUNTIFS(A:A,B20) -> 5 | E22: =IFERROR(C20/H20,0) -> 0 | F22: =IFERROR((G20+R20)/F20,0) -> 0 | G22: =IFERROR(H20/G20,0) -> 0 | H22: =(C20/C22) -> 0 | J22: =IFERROR(J20/I20,0) -> 0 | L22: =IFERROR(L20/K20,0) -> 0 | M22: =IFERROR(M20/SUM(R20+G20,0),"") | O22: =IFERROR(O20/N20,0) -> 0 | Q22: =IFERROR(Q20/P20,0) -> 0
B23: Derron Alexander | C23: =SUMIF(A:A,B23,T:T) -> 0 | E23: =SUMIFS(T:T,A:A,B23,D:D,"Y") -> 0 | F23: =SUMIF(A:A,B23,G:G) -> 0 | G23: =SUMIF(A:A,B23,H:H) -> 0 | H23: =SUMIF(A:A,B23,I:I) -> 0 | I23: =SUMIF(A:A,B23,P:P) -> 0 | J23: =SUMIF(A:A,B23,Q:Q) -> 0 | K23: =SUMIF(A:A,B23,R:R) -> 0 | L23: =SUMIF(A:A,B23,S:S) -> 0 | M23: =SUMIF(A:A,B23,M:M) -> 0 | N23: =SUMIF(A:A,B23,N:N) -> 0 | O23: =SUMIF(A:A,B23,O:O) -> 0 | P23: =SUMIF(A:A,B23,J:J) -> 0 | Q23: =SUMIF(A:A,B23,K:K) -> 0 | R23: =SUMIF(A:A,B23,L:L) -> 0
C24: # of Agents | E24: ALP per sale | F24: Show Rate | G24: Close Ratio | H24: ALP/Agent | J24: POS Close | L24: VET Close | M24: REF Per Sit | O24: REF Close | Q24: OTS Close
C25: =COUNTIFS(A:A,B23) -> 10 | E25: =IFERROR(C23/H23,0) -> 0 | F25: =IFERROR((G23+R23)/F23,0) -> 0 | G25: =IFERROR(H23/G23,0) -> 0 | H25: =(C23/C25) -> 0 | J25: =IFERROR(J23/I23,0) -> 0 | L25: =IFERROR(L23/K23,0) -> 0 | M25: =IFERROR(M23/SUM(R23+G23,0),"") | O25: =IFERROR(O23/N23,0) -> 0 | Q25: =IFERROR(Q23/P23,0) -> 0
B26: David Fulfer | C26: =SUMIF(A:A,B26,T:T) -> 3526.32 | E26: =SUMIFS(T:T,A:A,B26,D:D,"Y") -> 3526.32 | F26: =SUMIF(A:A,B26,G:G) -> 1 | G26: =SUMIF(A:A,B26,H:H) -> 2 | H26: =SUMIF(A:A,B26,I:I) -> 2 | I26: =SUMIF(A:A,B26,P:P) -> 0 | J26: =SUMIF(A:A,B26,Q:Q) -> 0 | K26: =SUMIF(A:A,B26,R:R) -> 0 | L26: =SUMIF(A:A,B26,S:S) -> 0 | M26: =SUMIF(A:A,B26,M:M) -> 12 | N26: =SUMIF(A:A,B26,N:N) -> 2 | O26: =SUMIF(A:A,B26,O:O) -> 2 | P26: =SUMIF(A:A,B26,J:J) -> 1 | Q26: =SUMIF(A:A,B26,K:K) -> 1 | R26: =SUMIF(A:A,B26,L:L) -> 0
C27: # of Agents | E27: ALP per sale | F27: Show Rate | G27: Close Ratio | H27: ALP/Agent | J27: POS Close | L27: VET Close | M27: REF Per Sit | O27: REF Close | Q27: OTS Close
C28: =COUNTIFS(A:A,B26) -> 5 | E28: =IFERROR(C26/H26,0) -> 1763.16 | F28: =IFERROR((G26+R26)/F26,0) -> 2 | G28: =IFERROR(H26/G26,0) -> 1 | H28: =(C26/C28) -> 705.264 | J28: =IFERROR(J26/I26,0) -> 0 | L28: =IFERROR(L26/K26,0) -> 0 | M28: =IFERROR(M26/SUM(R26+G26,0),"") -> 6 | O28: =IFERROR(O26/N26,0) -> 1 | Q28: =IFERROR(Q26/P26,0) -> 1
B29: Ashlynn Orng | C29: =SUMIF(A:A,B29,T:T) -> 0 | E29: =SUMIFS(T:T,A:A,B29,D:D,"Y") -> 0 | F29: =SUMIF(A:A,B29,G:G) -> 0 | G29: =SUMIF(A:A,B29,H:H) -> 0 | H29: =SUMIF(A:A,B29,I:I) -> 0 | I29: =SUMIF(A:A,B29,P:P) -> 0 | J29: =SUMIF(A:A,B29,Q:Q) -> 0 | K29: =SUMIF(A:A,B29,R:R) -> 0 | L29: =SUMIF(A:A,B29,S:S) -> 0 | M29: =SUMIF(A:A,B29,M:M) -> 0 | N29: =SUMIF(A:A,B29,N:N) -> 0 | O29: =SUMIF(A:A,B29,O:O) -> 0 | P29: =SUMIF(A:A,B29,J:J) -> 0 | Q29: =SUMIF(A:A,B29,K:K) -> 0 | R29: =SUMIF(A:A,B29,L:L) -> 0
C30: # of Agents | E30: ALP per sale | F30: Show Rate | G30: Close Ratio | H30: ALP/Agent | J30: POS Close | L30: VET Close | M30: REF Per Sit | O30: REF Close | Q30: OTS Close
C31: =COUNTIFS(A:A,B29) -> 17 | E31: =IFERROR(C29/H29,0) -> 0 | F31: =IFERROR((G29+R29)/F29,0) -> 0 | G31: =IFERROR(H29/G29,0) -> 0 | H31: =(C29/C31) -> 0 | J31: =IFERROR(J29/I29,0) -> 0 | L31: =IFERROR(L29/K29,0) -> 0 | M31: =IFERROR(M29/SUM(R29+G29,0),"") | O31: =IFERROR(O29/N29,0) -> 0 | Q31: =IFERROR(Q29/P29,0) -> 0
B32: Kenneth Preston | C32: =SUMIF(A:A,B32,T:T) -> 0 | E32: =SUMIFS(T:T,A:A,B32,D:D,"Y") -> 0 | F32: =SUMIF(A:A,B32,G:G) -> 0 | G32: =SUMIF(A:A,B32,H:H) -> 0 | H32: =SUMIF(A:A,B32,I:I) -> 0 | I32: =SUMIF(A:A,B32,P:P) -> 0 | J32: =SUMIF(A:A,B32,Q:Q) -> 0 | K32: =SUMIF(A:A,B32,R:R) -> 0 | L32: =SUMIF(A:A,B32,S:S) -> 0 | M32: =SUMIF(A:A,B32,M:M) -> 0 | N32: =SUMIF(A:A,B32,N:N) -> 0 | O32: =SUMIF(A:A,B32,O:O) -> 0 | P32: =SUMIF(A:A,B32,J:J) -> 0 | Q32: =SUMIF(A:A,B32,K:K) -> 0 | R32: =SUMIF(A:A,B32,L:L) -> 0
C33: # of Agents | E33: ALP per sale | F33: Show Rate | G33: Close Ratio | H33: ALP/Agent | J33: POS Close | L33: VET Close | M33: REF Per Sit | O33: REF Close | Q33: OTS Close
C34: =COUNTIFS(A:A,B32) -> 2 | E34: =IFERROR(C32/H32,0) -> 0 | F34: =IFERROR((G32+R32)/F32,0) -> 0 | G34: =IFERROR(H32/G32,0) -> 0 | H34: =(C32/C34) -> 0 | J34: =IFERROR(J32/I32,0) -> 0 | L34: =IFERROR(L32/K32,0) -> 0 | M34: =IFERROR(M32/SUM(R32+G32,0),"") | O34: =IFERROR(O32/N32,0) -> 0 | Q34: =IFERROR(Q32/P32,0) -> 0
A36: MGA | B36: GA | C36: SA | E36: State | F36: Agent | G36: SETS | H36: SITS | I36: SALES | J36: OTS SITS | K36: OTS SALES | L36: N1 | M36: REF OBT | N36: REF SITS | O36: REF SALES | P36: POS SITS | Q36: POS SALES | R36: VETS SITS | S36: VET SALES | T36: ALP | U36: Close | V36: Show | W36: Code Date
A37: Joseph Gojcaj | D37: Y | E37: MI | F37: Joseph Gojcaj | U37: =IFERROR(I37/H37,0) -> 0 | V37: =IFERROR(SUM(H37+L37)/G37,0) -> 0
A38: Joseph Gojcaj | B38: Jacob Brown | D38: Y | E38: MI | F38: Jacob Brown | U38: =IFERROR(I38/H38,0) -> 0 | V38: =IFERROR(SUM(H38+L38)/G38,0) -> 0
A39: Joseph Gojcaj | B39: Jacob Brown | C39: Kristen Fox | D39: Y | E39: NC | F39: Kristen Fox | G39: 2 | H39: 1 | I39: 0 | J39: 1 | K39: 0 | L39: 1 | M39: 1 | N39: 1 | O39: 0 | P39: 0 | Q39: 0 | R39: 1 | S39: 0 | U39: =IFERROR(I39/H39,0) -> 0 | V39: =IFERROR(SUM(H39+L39)/G39,0) -> 1
A40: Joseph Gojcaj | B40: Jacob Brown | C40: Kristen Fox | F40: Marci Dyer | G40: 0 | H40: 0 | I40: 0 | J40: 0 | K40: 0 | L40: 0 | M40: 0 | N40: 0 | O40: 0 | P40: 0 | Q40: 0 | R40: 0 | S40: 0 | U40: =IFERROR(I40/H40,0) -> 0 | V40: =IFERROR(SUM(H40+L40)/G40,0) -> 0
A41: Joseph Gojcaj | B41: Jacob Brown | C41: Joylynn Harris | D41: Y | E41: CA | F41: Joylynn Harris | G41: 0 | H41: 0 | I41: 0 | J41: 0 | K41: 0 | L41: 0 | M41: 0 | N41: 0 | O41: 0 | P41: 0 | Q41: 0 | R41: 0 | S41: 0 | T41: 0 | U41: =IFERROR(I41/H41,0) -> 0 | V41: =IFERROR(SUM(H41+L41)/G41,0) -> 0
A42: Joseph Gojcaj | B42: Jacob Brown | C42: Joylynn Harris | E42: TX | F42: Shafay Sutton | G42: 0 | H42: 0 | I42: 0 | J42: 0 | K42: 0 | L42: 0 | M42: 0 | N42: 0 | O42: 0 | P42: 0 | Q42: 0 | R42: 0 | S42: 0 | U42: =IFERROR(I42/H42,0) -> 0 | V42: =IFERROR(SUM(H42+L42)/G42,0) -> 0
A43: Joseph Gojcaj | B43: Edward Leon | D43: Y | E43: MI | F43: Eddie Leon | U43: =IFERROR(I43/H43,0) -> 0 | V43: =IFERROR(SUM(H43+L43)/G43,0) -> 0
A44: Joseph Gojcaj | B44: Edward Leon | E44: CA | F44: Rick Argote | G44: 0 | H44: 0 | I44: 0 | J44: 0 | K44: 0 | L44: 0 | M44: 0 | N44: 0 | O44: 0 | P44: 0 | Q44: 0 | R44: 0 | S44: 0 | T44: 0 | U44: =IFERROR(I44/H44,0) -> 0 | V44: =IFERROR(SUM(H44+L44)/G44,0) -> 0
A45: Joseph Gojcaj | B45: Edward Leon | E45: MI | F45: Julian Hyman | G45: 0 | H45: 2 | I45: 0 | J45: 2 | K45: 0 | L45: 0 | M45: 7 | N45: 0 | O45: 0 | P45: 0 | Q45: 0 | R45: 1 | S45: 0 | T45: 0 | U45: =IFERROR(I45/H45,0) -> 0 | V45: =IFERROR(SUM(H45+L45)/G45,0) -> 0
A46: Joseph Gojcaj | B46: Edward Leon | C46: Marcus Norton | D46: Y | E46: CO | F46: Marcus Norton | G46: 0 | H46: 1 | I46: 0 | J46: 1 | K46: 0 | L46: 1 | M46: 2 | N46: 0 | O46: 0 | P46: 0 | Q46: 0 | R46: 0 | S46: 0 | T46: 0 | U46: =IFERROR(I46/H46,0) -> 0 | V46: =IFERROR(SUM(H46+L46)/G46,0) -> 0
A47: Joseph Gojcaj | B47: Edward Leon | C47: Marcus Norton | F47: Kaliyah Pyles | G47: 1 | H47: 1 | I47: 0 | J47: 0 | K47: 0 | L47: 0 | M47: 6 | N47: 1 | O47: 0 | P47: 0 | Q47: 0 | R47: 0 | S47: 0 | T47: 0 | U47: =IFERROR(I47/H47,0) -> 0 | V47: =IFERROR(SUM(H47+L47)/G47,0) -> 1
A48: Joseph Gojcaj | B48: Edward Leon | C48: Marcus Norton | F48: M'Ellen Jackson | G48: 0 | H48: 0 | I48: 0 | J48: 0 | K48: 0 | L48: 0 | M48: 0 | N48: 0 | O48: 0 | P48: 0 | Q48: 0 | R48: 0 | S48: 0 | T48: 0 | U48: =IFERROR(I48/H48,0) -> 0 | V48: =IFERROR(SUM(H48+L48)/G48,0) -> 0
A49: Joseph Gojcaj | B49: Edward Leon | C49: Marcus Norton | F49: Ethan Lasley | G49: 6 | H49: 1 | I49: 1 | J49: 0 | K49: 0 | L49: 0 | M49: 2 | N49: 1 | O49: 1 | P49: 0 | Q49: 0 | R49: 0 | S49: 0 | T49: 1703 | U49: =IFERROR(I49/H49,0) -> 1 | V49: =IFERROR(SUM(H49+L49)/G49,0) -> 0.16666667
A50: Joseph Gojcaj | B50: Melissa Elam | D50: Y | E50: MS | F50: Melissa Elam | G50: 1 | H50: 1 | I50: 0 | J50: 0 | K50: 0 | L50: 0 | M50: 1 | N50: 0 | O50: 0 | P50: 0 | Q50: 0 | R50: 1 | S50: 0 | T50: 0 | U50: =IFERROR(I50/H50,0) -> 0 | V50: =IFERROR(SUM(H50+L50)/G50,0) -> 1
A51: Joseph Gojcaj | B51: Melissa Elam | E51: TX | F51: Ronald Montoya | G51: 0 | H51: 0 | I51: 0 | J51: 0 | K51: 0 | L51: 0 | M51: 0 | N51: 0 | O51: 0 | P51: 0 | Q51: 0 | R51: 0 | S51: 0 | T51: 0 | U51: =IFERROR(I51/H51,0) -> 0 | V51: =IFERROR(SUM(H51+L51)/G51,0) -> 0
A52: Joseph Gojcaj | B52: Melissa Elam | E52: MS | F52: Nathan Fast | G52: 0 | H52: 0 | I52: 0 | J52: 0 | K52: 0 | L52: 0 | M52: 0 | N52: 0 | O52: 0 | P52: 0 | Q52: 0 | R52: 0 | S52: 0 | T52: 0 | U52: =IFERROR(I52/H52,0) -> 0 | V52: =IFERROR(SUM(H52+L52)/G52,0) -> 0
A53: Joseph Gojcaj | B53: Melissa Elam | C53: Danielle Loux | D53: Y | E53: MO | F53: Danielle Loux | U53: =IFERROR(I53/H53,0) -> 0 | V53: =IFERROR(SUM(H53+L53)/G53,0) -> 0
A54: Joseph Gojcaj | B54: Melissa Elam | C54: Danielle Loux | E54: TX | F54: Frances Gonzalez | G54: 1 | H54: 1 | I54: 0 | J54: 0 | K54: 0 | L54: 0 | M54: 1 | N54: 1 | O54: 0 | P54: 0 | Q54: 0 | R54: 0 | S54: 0 | T54: 0 | U54: =IFERROR(I54/H54,0) -> 0 | V54: =IFERROR(SUM(H54+L54)/G54,0) -> 1
A55: Joseph Gojcaj | B55: Melissa Elam | C55: Danielle Loux | E55: TX | F55: Chistopher Jacko | G55: 0 | H55: 0 | I55: 0 | J55: 0 | K55: 0 | L55: 0 | M55: 0 | N55: 0 | O55: 0 | P55: 0 | Q55: 0 | R55: 0 | S55: 0 | T55: 0 | U55: =IFERROR(I55/H55,0) -> 0 | V55: =IFERROR(SUM(H55+L55)/G55,0) -> 0
A56: Joseph Gojcaj | B56: Melissa Elam | C56: Danielle Loux | E56: TX | F56: Lacie Herring | G56: 2 | H56: 1 | I56: 0 | J56: 0 | K56: 0 | L56: 1 | M56: 4 | N56: 0 | O56: 0 | P56: 0 | Q56: 0 | R56: 1 | S56: 0 | T56: 0 | U56: =IFERROR(I56/H56,0) -> 0 | V56: =IFERROR(SUM(H56+L56)/G56,0) -> 1
A57: Joseph Gojcaj | B57: Timothy Noe | D57: Y | E57: TN | F57: Timothy Noe | G57: 6 | H57: 1 | I57: 1 | J57: 0 | K57: 0 | L57: 0 | M57: 6 | N57: 0 | O57: 0 | P57: 1 | Q57: 1 | R57: 0 | S57: 0 | T57: 2407 | U57: =IFERROR(I57/H57,0) -> 1 | V57: =IFERROR(SUM(H57+L57)/G57,0) -> 0.16666667
A58: Joseph Gojcaj | B58: Timothy Noe | C58: Preston Opperman | D58: Y | E58: TN | F58: Preston Opperman | P58: 0 | U58: =IFERROR(I58/H58,0) -> 0 | V58: =IFERROR(SUM(H58+L58)/G58,0) -> 0
A59: Joseph Gojcaj | B59: Timothy Noe | C59: Preston Opperman | E59: TN | F59: Bilal Abdullah | U59: =IFERROR(I59/H59,0) -> 0 | V59: =IFERROR(SUM(H59+L59)/G59,0) -> 0
A60: Joseph Gojcaj | B60: Timothy Noe | C60: Preston Opperman | E60: TN | F60: Kain White-Conley | U60: =IFERROR(I60/H60,0) -> 0 | V60: =IFERROR(SUM(H60+L60)/G60,0) -> 0
A61: MGA | B61: GA | C61: SA | E61: State | F61: Agent | G61: SETS | H61: SITS | I61: SALES | J61: OTS SITS | K61: OTS SALES | L61: N1 | M61: REF OBT | N61: REF SITS | O61: REF SALES | P61: POS SITS | Q61: POS SALES | R61: VETS SITS | S61: VET SALES | T61: ALP | U61: Close | V61: Show
A62: Javier Sandoval | D62: Y | E62: NH | F62: Javier Sandoval | U62: =IFERROR(I62/H62,0) -> 0 | V62: =IFERROR(SUM(H62+L62)/G62,0) -> 0
A63: Javier Sandoval | C63: Andre Alire | D63: Y | F63: Andre Alire | U63: =IFERROR(I63/H63,0) -> 0 | V63: =IFERROR(SUM(H63+L63)/G63,0) -> 0
A64: Javier Sandoval | C64: Andre Alire | F64: Kelvin Claney | U64: =IFERROR(I64/H64,0) -> 0 | V64: =IFERROR(SUM(H64+L64)/G64,0) -> 0
A65: Javier Sandoval | C65: Jacob Bandyk | F65: Jacob Bandyk | U65: =IFERROR(I65/H65,0) -> 0 | V65: =IFERROR(SUM(H65+L65)/G65,0) -> 0
A66: Javier Sandoval | C66: Jacob Bandyk | E66: ID | F66: Alayna Halverson | U66: =IFERROR(I66/H66,0) -> 0 | V66: =IFERROR(SUM(H66+L66)/G66,0) -> 0
A67: MGA | B67: GA | C67: SA | E67: State | F67: Agent | G67: SETS | H67: SITS | I67: SALES | J67: OTS SITS | K67: OTS SALES | L67: N1 | M67: REF OBT | N67: REF SITS | O67: REF SALES | P67: POS SITS | Q67: POS SALES | R67: VETS SITS | S67: VET SALES | T67: ALP | U67: Close | V67: Show
A68: Derron Alexander | D68: Y | E68: NY | F68: Derron Alexander | U68: =IFERROR(I68/H68,0) -> 0 | V68: =IFERROR(SUM(H68+L68)/G68,0) -> 0
A69: Derron Alexander | E69: NY | F69: Dylan Alexander | U69: =IFERROR(I69/H69,0) -> 0 | V69: =IFERROR(SUM(H69+L69)/G69,0) -> 0
A70: Derron Alexander | E70: NY | F70: Kisha Darby | U70: =IFERROR(I70/H70,0) -> 0 | V70: =IFERROR(SUM(H70+L70)/G70,0) -> 0
A71: Derron Alexander | E71: NY | F71: Scott Harrison | U71: =IFERROR(I71/H71,0) -> 0 | V71: =IFERROR(SUM(H71+L71)/G71,0) -> 0
A72: Derron Alexander | E72: NY | F72: Michael Dolin | U72: =IFERROR(I72/H72,0) -> 0 | V72: =IFERROR(SUM(H72+L72)/G72,0) -> 0
A73: Derron Alexander | E73: NY | F73: Toel Jefferson | U73: =IFERROR(I73/H73,0) -> 0 | V73: =IFERROR(SUM(H73+L73)/G73,0) -> 0
A74: Derron Alexander | E74: NY | F74: Zev Bienenstock | U74: =IFERROR(I74/H74,0) -> 0 | V74: =IFERROR(SUM(H74+L74)/G74,0) -> 0
A75: Derron Alexander | E75: NY | F75: Julia Rodriguez | U75: =IFERROR(I75/H75,0) -> 0 | V75: =IFERROR(SUM(H75+L75)/G75,0) -> 0
A76: Derron Alexander | E76: NY | F76: Marie Cano | U76: =IFERROR(I76/H76,0) -> 0 | V76: =IFERROR(SUM(H76+L76)/G76,0) -> 0
A77: Derron Alexander | E77: NY | F77: Jordan McFarlane | U77: =IFERROR(I77/H77,0) -> 0 | V77: =IFERROR(SUM(H77+L77)/G77,0) -> 0
A78: MGA | B78: GA | C78: SA | E78: State | F78: Agent | G78: SETS | H78: SITS | I78: SALES | J78: OTS SITS | K78: OTS SALES | L78: N1 | M78: REF OBT | N78: REF SITS | O78: REF SALES | P78: POS SITS | Q78: POS SALES | R78: VETS SITS | S78: VET SALES | T78: ALP | U78: Close | V78: Show
A79: David Fulfer | D79: Y | E79: SC | F79: David Fulfer | U79: =IFERROR(I79/H79,0) -> 0 | V79: =IFERROR(SUM(H79+L79)/G79,0) -> 0
A80: David Fulfer | E80: MO | F80: William Benline | U80: =IFERROR(I80/H80,0) -> 0 | V80: =IFERROR(SUM(H80+L80)/G80,0) -> 0
A81: David Fulfer | C81: Ken Hermann | D81: Y | E81: TX | F81: Ken Hermann | G81: 1 | H81: 2 | I81: 2 | J81: 1 | K81: 1 | L81: 0 | M81: 12 | N81: 2 | O81: 2 | P81: 0 | Q81: 0 | R81: 0 | S81: 0 | T81: 3526.32 | U81: =IFERROR(I81/H81,0) -> 1 | V81: =IFERROR(SUM(H81+L81)/G81,0) -> 2
A82: David Fulfer | C82: Annie Ransom | D82: Y | E82: OR | F82: Annie Ransom | U82: =IFERROR(I82/H82,0) -> 0 | V82: =IFERROR(SUM(H82+L82)/G82,0) -> 0
A83: David Fulfer | C83: Annie Ransom | E83: TX | F83: Caroline Sanazaro | G83: 0 | H83: 0 | I83: 0 | J83: 0 | K83: 0 | L83: 0 | M83: 0 | N83: 0 | O83: 0 | P83: 0 | Q83: 0 | R83: 0 | S83: 0 | T83: 0 | U83: =IFERROR(I83/H83,0) -> 0 | V83: =IFERROR(SUM(H83+L83)/G83,0) -> 0
A84: MGA | B84: GA | C84: SA | E84: State | F84: Agent | G84: SETS | H84: SITS | I84: SALES | J84: OTS SITS | K84: OTS SALES | L84: N1 | M84: REF OBT | N84: REF SITS | O84: REF SALES | P84: POS SITS | Q84: POS SALES | R84: VETS SITS | S84: VET SALES | T84: ALP | U84: Close | V84: Show
A85: Ashlynn Orng | D85: Y | E85: CA | F85: Ashlynn Orng | U85: =IFERROR(I85/H85,0) -> 0 | V85: =IFERROR(SUM(H85+L85)/G85,0) -> 0
A86: Ashlynn Orng | E86: TX | F86: O'Neil Mbakwe | U86: =IFERROR(I86/H86,0) -> 0 | V86: =IFERROR(SUM(H86+L86)/G86,0) -> 0
A87: Ashlynn Orng | E87: CA | F87: Hillary Tucker | U87: =IFERROR(I87/H87,0) -> 0 | V87: =IFERROR(SUM(H87+L87)/G87,0) -> 0
A88: Ashlynn Orng | E88: MO | F88: Alexa Legg | U88: =IFERROR(I88/H88,0) -> 0 | V88: =IFERROR(SUM(H88+L88)/G88,0) -> 0
A89: Ashlynn Orng | E89: IN | F89: Nataly Vargas | U89: =IFERROR(I89/H89,0) -> 0 | V89: =IFERROR(SUM(H89+L89)/G89,0) -> 0
A90: Ashlynn Orng | E90: CA | F90: Berlin Iwai | U90: =IFERROR(I90/H90,0) -> 0 | V90: =IFERROR(SUM(H90+L90)/G90,0) -> 0
A91: Ashlynn Orng | F91: Kendall Stowers | U91: =IFERROR(I91/H91,0) -> 0 | V91: =IFERROR(SUM(H91+L91)/G91,0) -> 0
A92: Ashlynn Orng | F92: Crystal Mekdarasack | U92: =IFERROR(I92/H92,0) -> 0 | V92: =IFERROR(SUM(H92+L92)/G92,0) -> 0
A93: Ashlynn Orng | F93: Brad Word | U93: =IFERROR(I93/H93,0) -> 0 | V93: =IFERROR(SUM(H93+L93)/G93,0) -> 0
A94: Ashlynn Orng | F94: Ivander Ambriz | U94: =IFERROR(I94/H94,0) -> 0 | V94: =IFERROR(SUM(H94+L94)/G94,0) -> 0
A95: Ashlynn Orng | F95: Michael Boyd | U95: =IFERROR(I95/H95,0) -> 0 | V95: =IFERROR(SUM(H95+L95)/G95,0) -> 0
A96: Ashlynn Orng | C96: Wendy Huber | D96: Y | E96: OR | F96: Wendy Huber | U96: =IFERROR(I96/H96,0) -> 0 | V96: =IFERROR(SUM(H96+L96)/G96,0) -> 0
A97: Ashlynn Orng | C97: Wendy Huber | E97: FL | F97: Alissa Charles | U97: =IFERROR(I97/H97,0) -> 0 | V97: =IFERROR(SUM(H97+L97)/G97,0) -> 0
A98: Ashlynn Orng | C98: Wendy Huber | E98: VA | F98: Tasheka Hill | U98: =IFERROR(I98/H98,0) -> 0 | V98: =IFERROR(SUM(H98+L98)/G98,0) -> 0
A99: Ashlynn Orng | C99: Wendy Huber | F99: Alissa Charles | U99: =IFERROR(I99/H99,0) -> 0 | V99: =IFERROR(SUM(H99+L99)/G99,0) -> 0
A100: Ashlynn Orng | C100: Bryanna Wagner | D100: Y | E100: WI | F100: Bryanna Wagner | U100: =IFERROR(I100/H100,0) -> 0 | V100: =IFERROR(SUM(H100+L100)/G100,0) -> 0
A101: Ashlynn Orng | C101: Bryanna Wagner | F101: Juan Ortega | U101: =IFERROR(I101/H101,0) -> 0 | V101: =IFERROR(SUM(H101+L101)/G101,0) -> 0
...

Sheet Fri
C1: ALP | E1: LEADERSHIP ALP | F1: Appts | G1: Pres | H1: Sales | I1: POS SITS | J1: POS SA | K1: VET SITS | L1: VET SA | M1: REF OBT | N1: REF SITS | O1: REF SA | P1: OTS SITS | Q1: OTS SA | R1: N1
B2: GOJCAJ RGA | C2: =SUM(C5,C20,C23,C26,C29,C32) -> 7941.24 | E2: =SUM(E5,E20,E23,E26,E29,E32) -> 5986.24 | F2: =SUM(F5,F20,F23,F26,F29,F32) -> 26 | G2: =SUM(G5,G20,G23,G26,G29,G32) -> 14 | H2: =SUM(H5,H20,H23,H26,H29,H32) -> 6 | I2: =SUM(I5,I20,I23,I26,I29,I32) -> 3 | J2: =SUM(J5,J20,J23,J26,J29,J32) -> 2 | K2: =SUM(K5,K20,K23,K26,K29,K32) -> 5 | L2: =SUM(L5,L20,L23,L26,L29,L32) -> 2 | ... R2: =SUM(R5,R20,R23,R26,R29,R32) -> 0
C3: # of Agents | E3: ALP per sale | F3: Show Rate | G3: Close Ratio | H3: ALP/Agent | J3: POS Close | L3: VET Close | M3: REF Per Sit | O3: REF Close | Q3: OTS Close
C4: =SUM(C7,C25,C22,C28,C31,C34) -> 63 | E4: =IFERROR(C2/H2,0) -> 1323.54 | F4: =IFERROR((G2+R2)/F2,0) -> 0.53846154 | G4: =IFERROR(H2/G2,0) -> 0.42857143 | H4: =(C2/C4) -> 126.05143 | J4: =IFERROR(J2/I2,0) -> 0.66666667 | L4: =IFERROR(L2/K2,0) -> 0.4 | M4: =IFERROR(M2/G2,0) -> 3.4285714 | O4: =IFERROR(O2/N2,0) -> 0.6 | Q4: =IFERROR(Q2/P2,0) -> 0.33333333
B5: Joseph Gojcaj | C5: =SUMIF(A:A,B5,T:T) -> 7110 | E5: =SUMIFS(T:T,A:A,B5,D:D,"Y") -> 5155 | F5: =SUMIF(A:A,B5,G:G) -> 26 | G5: =SUMIF(A:A,B5,H:H) -> 13 | H5: =SUMIF(A:A,B5,I:I) -> 5 | I5: =SUMIF(A:A,B5,P:P) -> 3 | J5: =SUMIF(A:A,B5,Q:Q) -> 2 | K5: =SUMIF(A:A,B5,R:R) -> 4 | L5: =SUMIF(A:A,B5,S:S) -> 1 | M5: =SUMIF(A:A,B5,M:M) -> 46 | N5: =SUMIF(A:A,B5,N:N) -> 4 | O5: =SUMIF(A:A,B5,O:O) -> 2 | P5: =SUMIF(A:A,B5,J:J) -> 5 | Q5: =SUMIF(A:A,B5,K:K) -> 1 | R5: =SUMIF(A:A,B5,L:L) -> 0
C6: # of Agents | E6: ALP per sale | F6: Show Rate | G6: Close Ratio | H6: ALP/Agent | J6: POS Close | L6: VET Close | M6: REF Per Sit | O6: REF Close | Q6: OTS Close
C7: =COUNTIFS(A:A,B5) -> 24 | E7: =IFERROR(C5/H5,0) -> 1422 | F7: =IFERROR((G5+R5)/F5,0) -> 0.5 | G7: =IFERROR(H5/G5,0) -> 0.38461538 | H7: =(C5/C7) -> 296.25 | J7: =IFERROR(J5/I5,0) -> 0.66666667 | L7: =IFERROR(L5/K5,0) -> 0.25 | M7: =IFERROR(M5/SUM(R5+G5,0),"") -> 3.5384615 | O7: =IFERROR(O5/N5,0) -> 0.5 | Q7: =IFERROR(Q5/P5,0) -> 0.2
B8: Jacob Brown | C8: =SUMIF(B:B,B8,T:T) -> 0 | E8: =SUMIFS(T:T,B:B,B8,D:D,"Y") -> 0 | F8: =SUMIF(B37:B1137,B8,G37:G1137) -> 1 | G8: =SUMIF(B37:B1137,B8,H37:H1137) -> 2 | H8: =SUMIF(B37:B1137,B8,I37:I1137) -> 0 | I8: =SUMIF(B37:B1137,B8,P37:P1137) -> 0 | J8: =SUMIF(B37:B1137,B8,Q37:Q1137) -> 0 | K8: =SUMIF(B37:B1137,B8,R37:R1137) -> 1 | L8: =SUMIF(B37:B1137,B8,S37:S1137) -> 0 | M8: =SUMIF(B37:B1137,B8,M37:M1137) -> 7 | N8: =SUMIF(B37:B1137,B8,N37:N1137) -> 1 | O8: =SUMIF(B37:B1137,B8,O37:O1137) -> 0 | P8: =SUMIF(B37:B1137,B8,J37:J1137) -> 2 | Q8: =SUMIF(B37:B1137,B8,K37:K1137) -> 0 | R8: =SUMIF(B37:B1137,B8,L37:L1137) -> 0
C9: # of Agents | E9: ALP per sale | F9: Show Rate | G9: Close Ratio | H9: ALP/Agent | J9: POS Close | L9: VET Close | M9: REF Per Sit | O9: REF Close | Q9: OTS Close
C10: =COUNTIFS(B37:B1137,B8) -> 5 | E10: =IFERROR(C8/H8,0) -> 0 | F10: =IFERROR((G8+R8)/F8,0) -> 2 | G10: =IFERROR(H8/G8,0) -> 0 | H10: =(C8/C10) -> 0 | J10: =IFERROR(J8/I8,0) -> 0 | L10: =IFERROR(L8/K8,0) -> 0 | M10: =IFERROR(M8/SUM(G8+R8,0),"") -> 3.5 | O10: =IFERROR(O8/N8,0) -> 0 | Q10: =IFERROR(Q8/P8,0) -> 0
B11: Edward Leon | C11: =SUMIF(B:B,B11,T:T) -> 1955 | E11: =SUMIFS(T:T,B:B,B11,D:D,"Y") -> 0 | F11: =SUMIF(B39:B1137,B11,G39:G1137) -> 5 | G11: =SUMIF(B39:B1137,B11,H39:H1137) -> 5 | H11: =SUMIF(B39:B1137,B11,I39:I1137) -> 1 | I11: =SUMIF(B39:B1137,B11,P39:P1137) -> 0 | J11: =SUMIF(B39:B1137,B11,Q39:Q1137) -> 0 | K11: =SUMIF(B39:B1137,B11,R39:R1137) -> 3 | L11: =SUMIF(B39:B1137,B11,S39:S1137) -> 1 | M11: =SUMIF(B39:B1137,B11,M39:M1137) -> 22 | N11: =SUMIF(B39:B1137,B11,N39:N1137) -> 1 | O11: =SUMIF(B39:B1137,B11,O39:O1137) -> 0 | P11: =SUMIF(B39:B1137,B11,J39:J1137) -> 2 | Q11: =SUMIF(B39:B1137,B11,K39:K1137) -> 0 | R11: =SUMIF(B39:B1137,B11,L39:L1137) -> 0
C12: # of Agents | E12: ALP per sale | F12: Show Rate | G12: Close Ratio | H12: ALP/Agent | J12: POS Close | L12: VET Close | M12: REF Per Sit | O12: REF Close | Q12: OTS Close
C13: =COUNTIFS(B39:B1137,B11) -> 7 | E13: =IFERROR(C11/H11,0) -> 1955 | F13: =IFERROR((G11+R11)/F11,0) -> 1 | G13: =IFERROR(H11/G11,0) -> 0.2 | H13: =(C11/C13) -> 279.28571 | J13: =IFERROR(J11/I11,0) -> 0 | L13: =IFERROR(L11/K11,0) -> 0.33333333 | M13: =IFERROR(M11/SUM(R11+G11,0),"") -> 4.4 | O13: =IFERROR(O11/N11,0) -> 0 | Q13: =IFERROR(Q11/P11,0) -> 0
B14: Melissa Elam | C14: =SUMIF(B:B,B14,T:T) -> 0 | E14: =SUMIFS(T:T,B:B,B14,D:D,"Y") -> 0 | F14: =SUMIF(B39:B1137,B14,G39:G1137) -> 6 | G14: =SUMIF(B39:B1137,B14,H39:H1137) -> 1 | H14: =SUMIF(B39:B1137,B14,I39:I1137) -> 0 | I14: =SUMIF(B39:B1137,B14,P39:P1137) -> 0 | J14: =SUMIF(B39:B1137,B14,Q39:Q1137) -> 0 | K14: =SUMIF(B39:B1137,B14,R39:R1137) -> 0 | L14: =SUMIF(B39:B1137,B14,S39:S1137) -> 0 | M14: =SUMIF(B39:B1137,B14,M39:M1137) -> 2 | N14: =SUMIF(B39:B1137,B14,N39:N1137) -> 0 | O14: =SUMIF(B39:B1137,B14,O39:O1137) -> 0 | P14: =SUMIF(B39:B1137,B14,J39:J1137) -> 0 | Q14: =SUMIF(B39:B1137,B14,K39:K1137) -> 0 | R14: =SUMIF(B39:B1137,B14,L39:L1137) -> 0
C15: # of Agents | E15: ALP per sale | F15: Show Rate | G15: Close Ratio | H15: ALP/Agent | J15: POS Close | L15: VET Close | M15: REF Per Sit | O15: REF Close | Q15: OTS Close
C16: =COUNTIFS(B39:B1137,B14) -> 7 | E16: =IFERROR(C14/H14,0) -> 0 | F16: =IFERROR((G14+R14)/F14,0) -> 0.16666667 | G16: =IFERROR(H14/G14,0) -> 0 | H16: =(C14/C16) -> 0 | J16: =IFERROR(J14/I14,0) -> 0 | L16: =IFERROR(L14/K14,0) -> 0 | M16: =IFERROR(M14/SUM(R14+G14,0),"") -> 2 | O16: =IFERROR(O14/N14,0) -> 0 | Q16: =IFERROR(Q14/P14,0) -> 0
B17: Timothy Noe | C17: =SUMIF(B:B,B17,T:T) -> 5155 | E17: =SUMIFS(T:T,B:B,B17,D:D,"Y") -> 5155 | F17: =SUMIF(B44:B1137,B17,G44:G1137) -> 14 | G17: =SUMIF(B44:B1137,B17,H44:H1137) -> 5 | H17: =SUMIF(B44:B1137,B17,I44:I1137) -> 4 | I17: =SUMIF(B44:B1137,B17,P44:P1137) -> 3 | J17: =SUMIF(B44:B1137,B17,Q44:Q1137) -> 2 | K17: =SUMIF(B44:B1137,B17,R44:R1137) -> 0 | L17: =SUMIF(B44:B1137,B17,S44:S1137) -> 0 | M17: =SUMIF(B44:B1137,B17,M44:M1137) -> 15 | N17: =SUMIF(B44:B1137,B17,N44:N1137) -> 2 | O17: =SUMIF(B44:B1137,B17,O44:O1137) -> 2 | P17: =SUMIF(B44:B1137,B17,J44:J1137) -> 1 | Q17: =SUMIF(B44:B1137,B17,K44:K1137) -> 1 | R17: =SUMIF(B44:B1137,B17,L44:L1137) -> 0
C18: # of Agents | E18: ALP per sale | F18: Show Rate | G18: Close Ratio | H18: ALP/Agent | J18: POS Close | L18: VET Close | M18: REF Per Sit | O18: REF Close | Q18: OTS Close
C19: =COUNTIFS(B44:B1137,B17) -> 4 | E19: =IFERROR(C17/H17,0) -> 1288.75 | F19: =IFERROR((G17+R17)/F17,0) -> 0.35714286 | G19: =IFERROR(H17/G17,0) -> 0.8 | H19: =(C17/C19) -> 1288.75 | J19: =IFERROR(J17/I17,0) -> 0.66666667 | L19: =IFERROR(L17/K17,0) -> 0 | M19: =IFERROR(M17/SUM(R17+G17,0),"") -> 3 | O19: =IFERROR(O17/N17,0) -> 1 | Q19: =IFERROR(Q17/P17,0) -> 1
B20: Javier Sandoval | C20: =SUMIF(A:A,B20,T:T) -> 0 | E20: =SUMIFS(T:T,A:A,B20,D:D,"Y") -> 0 | F20: =SUMIF(A:A,B20,G:G) -> 0 | G20: =SUMIF(A:A,B20,H:H) -> 0 | H20: =SUMIF(A:A,B20,I:I) -> 0 | I20: =SUMIF(A:A,B20,P:P) -> 0 | J20: =SUMIF(A:A,B20,Q:Q) -> 0 | K20: =SUMIF(A:A,B20,R:R) -> 0 | L20: =SUMIF(A:A,B20,S:S) -> 0 | M20: =SUMIF(A:A,B20,M:M) -> 0 | N20: =SUMIF(A:A,B20,N:N) -> 0 | O20: =SUMIF(A:A,B20,O:O) -> 0 | P20: =SUMIF(A:A,B20,J:J) -> 0 | Q20: =SUMIF(A:A,B20,K:K) -> 0 | R20: =SUMIF(A:A,B20,L:L) -> 0
C21: # of Agents | E21: ALP per sale | F21: Show Rate | G21: Close Ratio | H21: ALP/Agent | J21: POS Close | L21: VET Close | M21: REF Per Sit | O21: REF Close | Q21: OTS Close
C22: =COUNTIFS(A:A,B20) -> 5 | E22: =IFERROR(C20/H20,0) -> 0 | F22: =IFERROR((G20+R20)/F20,0) -> 0 | G22: =IFERROR(H20/G20,0) -> 0 | H22: =(C20/C22) -> 0 | J22: =IFERROR(J20/I20,0) -> 0 | L22: =IFERROR(L20/K20,0) -> 0 | M22: =IFERROR(M20/SUM(R20+G20,0),"") | O22: =IFERROR(O20/N20,0) -> 0 | Q22: =IFERROR(Q20/P20,0) -> 0
B23: Derron Alexander | C23: =SUMIF(A:A,B23,T:T) -> 0 | E23: =SUMIFS(T:T,A:A,B23,D:D,"Y") -> 0 | F23: =SUMIF(A:A,B23,G:G) -> 0 | G23: =SUMIF(A:A,B23,H:H) -> 0 | H23: =SUMIF(A:A,B23,I:I) -> 0 | I23: =SUMIF(A:A,B23,P:P) -> 0 | J23: =SUMIF(A:A,B23,Q:Q) -> 0 | K23: =SUMIF(A:A,B23,R:R) -> 0 | L23: =SUMIF(A:A,B23,S:S) -> 0 | M23: =SUMIF(A:A,B23,M:M) -> 0 | N23: =SUMIF(A:A,B23,N:N) -> 0 | O23: =SUMIF(A:A,B23,O:O) -> 0 | P23: =SUMIF(A:A,B23,J:J) -> 0 | Q23: =SUMIF(A:A,B23,K:K) -> 0 | R23: =SUMIF(A:A,B23,L:L) -> 0
C24: # of Agents | E24: ALP per sale | F24: Show Rate | G24: Close Ratio | H24: ALP/Agent | J24: POS Close | L24: VET Close | M24: REF Per Sit | O24: REF Close | Q24: OTS Close
C25: =COUNTIFS(A:A,B23) -> 10 | E25: =IFERROR(C23/H23,0) -> 0 | F25: =IFERROR((G23+R23)/F23,0) -> 0 | G25: =IFERROR(H23/G23,0) -> 0 | H25: =(C23/C25) -> 0 | J25: =IFERROR(J23/I23,0) -> 0 | L25: =IFERROR(L23/K23,0) -> 0 | M25: =IFERROR(M23/SUM(R23+G23,0),"") | O25: =IFERROR(O23/N23,0) -> 0 | Q25: =IFERROR(Q23/P23,0) -> 0
B26: David Fulfer | C26: =SUMIF(A:A,B26,T:T) -> 831.24 | E26: =SUMIFS(T:T,A:A,B26,D:D,"Y") -> 831.24 | F26: =SUMIF(A:A,B26,G:G) -> 0 | G26: =SUMIF(A:A,B26,H:H) -> 1 | H26: =SUMIF(A:A,B26,I:I) -> 1 | I26: =SUMIF(A:A,B26,P:P) -> 0 | J26: =SUMIF(A:A,B26,Q:Q) -> 0 | K26: =SUMIF(A:A,B26,R:R) -> 1 | L26: =SUMIF(A:A,B26,S:S) -> 1 | M26: =SUMIF(A:A,B26,M:M) -> 2 | N26: =SUMIF(A:A,B26,N:N) -> 1 | O26: =SUMIF(A:A,B26,O:O) -> 1 | P26: =SUMIF(A:A,B26,J:J) -> 1 | Q26: =SUMIF(A:A,B26,K:K) -> 1 | R26: =SUMIF(A:A,B26,L:L) -> 0
C27: # of Agents | E27: ALP per sale | F27: Show Rate | G27: Close Ratio | H27: ALP/Agent | J27: POS Close | L27: VET Close | M27: REF Per Sit | O27: REF Close | Q27: OTS Close
C28: =COUNTIFS(A:A,B26) -> 5 | E28: =IFERROR(C26/H26,0) -> 831.24 | F28: =IFERROR((G26+R26)/F26,0) -> 0 | G28: =IFERROR(H26/G26,0) -> 1 | H28: =(C26/C28) -> 166.248 | J28: =IFERROR(J26/I26,0) -> 0 | L28: =IFERROR(L26/K26,0) -> 1 | M28: =IFERROR(M26/SUM(R26+G26,0),"") -> 2 | O28: =IFERROR(O26/N26,0) -> 1 | Q28: =IFERROR(Q26/P26,0) -> 1
B29: Ashlynn Orng | C29: =SUMIF(A:A,B29,T:T) -> 0 | E29: =SUMIFS(T:T,A:A,B29,D:D,"Y") -> 0 | F29: =SUMIF(A:A,B29,G:G) -> 0 | G29: =SUMIF(A:A,B29,H:H) -> 0 | H29: =SUMIF(A:A,B29,I:I) -> 0 | I29: =SUMIF(A:A,B29,P:P) -> 0 | J29: =SUMIF(A:A,B29,Q:Q) -> 0 | K29: =SUMIF(A:A,B29,R:R) -> 0 | L29: =SUMIF(A:A,B29,S:S) -> 0 | M29: =SUMIF(A:A,B29,M:M) -> 0 | N29: =SUMIF(A:A,B29,N:N) -> 0 | O29: =SUMIF(A:A,B29,O:O) -> 0 | P29: =SUMIF(A:A,B29,J:J) -> 0 | Q29: =SUMIF(A:A,B29,K:K) -> 0 | R29: =SUMIF(A:A,B29,L:L) -> 0
C30: # of Agents | E30: ALP per sale | F30: Show Rate | G30: Close Ratio | H30: ALP/Agent | J30: POS Close | L30: VET Close | M30: REF Per Sit | O30: REF Close | Q30: OTS Close
C31: =COUNTIFS(A:A,B29) -> 17 | E31: =IFERROR(C29/H29,0) -> 0 | F31: =IFERROR((G29+R29)/F29,0) -> 0 | G31: =IFERROR(H29/G29,0) -> 0 | H31: =(C29/C31) -> 0 | J31: =IFERROR(J29/I29,0) -> 0 | L31: =IFERROR(L29/K29,0) -> 0 | M31: =IFERROR(M29/SUM(R29+G29,0),"") | O31: =IFERROR(O29/N29,0) -> 0 | Q31: =IFERROR(Q29/P29,0) -> 0
B32: Kenneth Preston | C32: =SUMIF(A:A,B32,T:T) -> 0 | E32: =SUMIFS(T:T,A:A,B32,D:D,"Y") -> 0 | F32: =SUMIF(A:A,B32,G:G) -> 0 | G32: =SUMIF(A:A,B32,H:H) -> 0 | H32: =SUMIF(A:A,B32,I:I) -> 0 | I32: =SUMIF(A:A,B32,P:P) -> 0 | J32: =SUMIF(A:A,B32,Q:Q) -> 0 | K32: =SUMIF(A:A,B32,R:R) -> 0 | L32: =SUMIF(A:A,B32,S:S) -> 0 | M32: =SUMIF(A:A,B32,M:M) -> 0 | N32: =SUMIF(A:A,B32,N:N) -> 0 | O32: =SUMIF(A:A,B32,O:O) -> 0 | P32: =SUMIF(A:A,B32,J:J) -> 0 | Q32: =SUMIF(A:A,B32,K:K) -> 0 | R32: =SUMIF(A:A,B32,L:L) -> 0
C33: # of Agents | E33: ALP per sale | F33: Show Rate | G33: Close Ratio | H33: ALP/Agent | J33: POS Close | L33: VET Close | M33: REF Per Sit | O33: REF Close | Q33: OTS Close
C34: =COUNTIFS(A:A,B32) -> 2 | E34: =IFERROR(C32/H32,0) -> 0 | F34: =IFERROR((G32+R32)/F32,0) -> 0 | G34: =IFERROR(H32/G32,0) -> 0 | H34: =(C32/C34) -> 0 | J34: =IFERROR(J32/I32,0) -> 0 | L34: =IFERROR(L32/K32,0) -> 0 | M34: =IFERROR(M32/SUM(R32+G32,0),"") | O34: =IFERROR(O32/N32,0) -> 0 | Q34: =IFERROR(Q32/P32,0) -> 0
A36: MGA | B36: GA | C36: SA | E36: State | F36: Agent | G36: SETS | H36: SITS | I36: SALES | J36: OTS SITS | K36: OTS SALES | L36: N1 | M36: REF OBT | N36: REF SITS | O36: REF SALES | P36: POS SITS | Q36: POS SALES | R36: VETS SITS | S36: VET SALES | T36: ALP | U36: Close | V36: Show | W36: Code Date
A37: Joseph Gojcaj | D37: Y | E37: MI | F37: Joseph Gojcaj | U37: =IFERROR(I37/H37,0) -> 0 | V37: =IFERROR(SUM(H37+L37)/G37,0) -> 0
A38: Joseph Gojcaj | B38: Jacob Brown | D38: Y | E38: MI | F38: Jacob Brown | U38: =IFERROR(I38/H38,0) -> 0 | V38: =IFERROR(SUM(H38+L38)/G38,0) -> 0
A39: Joseph Gojcaj | B39: Jacob Brown | C39: Kristen Fox | D39: Y | E39: NC | F39: Kristen Fox | G39: 1 | H39: 1 | I39: 0 | J39: 1 | K39: 0 | L39: 0 | M39: 0 | N39: 0 | O39: 0 | P39: 0 | Q39: 0 | R39: 1 | S39: 0 | U39: =IFERROR(I39/H39,0) -> 0 | V39: =IFERROR(SUM(H39+L39)/G39,0) -> 1
A40: Joseph Gojcaj | B40: Jacob Brown | C40: Kristen Fox | F40: Marci Dyer | G40: 0 | H40: 0 | I40: 0 | J40: 0 | K40: 0 | L40: 0 | M40: 0 | N40: 0 | O40: 0 | P40: 0 | Q40: 0 | R40: 0 | S40: 0 | U40: =IFERROR(I40/H40,0) -> 0 | V40: =IFERROR(SUM(H40+L40)/G40,0) -> 0
A41: Joseph Gojcaj | B41: Jacob Brown | C41: Joylynn Harris | D41: Y | E41: CA | F41: Joylynn Harris | G41: 0 | H41: 1 | I41: 0 | J41: 1 | K41: 0 | L41: 0 | M41: 7 | N41: 1 | O41: 0 | P41: 0 | Q41: 0 | R41: 0 | S41: 0 | T41: 0 | U41: =IFERROR(I41/H41,0) -> 0 | V41: =IFERROR(SUM(H41+L41)/G41,0) -> 0
A42: Joseph Gojcaj | B42: Jacob Brown | C42: Joylynn Harris | E42: TX | F42: Shafay Sutton | G42: 0 | H42: 0 | I42: 0 | J42: 0 | K42: 0 | L42: 0 | M42: 0 | N42: 0 | O42: 0 | P42: 0 | Q42: 0 | R42: 0 | S42: 0 | T42: 0 | U42: =IFERROR(I42/H42,0) -> 0 | V42: =IFERROR(SUM(H42+L42)/G42,0) -> 0
A43: Joseph Gojcaj | B43: Edward Leon | D43: Y | E43: MI | F43: Eddie Leon | U43: =IFERROR(I43/H43,0) -> 0 | V43: =IFERROR(SUM(H43+L43)/G43,0) -> 0
A44: Joseph Gojcaj | B44: Edward Leon | E44: CA | F44: Rick Argote | G44: 0 | H44: 0 | I44: 0 | J44: 0 | K44: 0 | L44: 0 | M44: 0 | N44: 0 | O44: 0 | P44: 0 | Q44: 0 | R44: 0 | S44: 0 | T44: 0 | U44: =IFERROR(I44/H44,0) -> 0 | V44: =IFERROR(SUM(H44+L44)/G44,0) -> 0
A45: Joseph Gojcaj | B45: Edward Leon | E45: MI | F45: Julian Hyman | G45: 0 | H45: 2 | I45: 0 | J45: 1 | K45: 0 | L45: 0 | M45: 7 | N45: 0 | O45: 0 | P45: 0 | Q45: 0 | R45: 1 | S45: 0 | T45: 0 | U45: =IFERROR(I45/H45,0) -> 0 | V45: =IFERROR(SUM(H45+L45)/G45,0) -> 0
A46: Joseph Gojcaj | B46: Edward Leon | C46: Marcus Norton | D46: Y | E46: CO | F46: Marcus Norton | G46: 1 | H46: 2 | I46: 0 | J46: 1 | K46: 0 | L46: 0 | M46: 8 | N46: 1 | O46: 0 | P46: 0 | Q46: 0 | R46: 1 | S46: 0 | T46: 0 | U46: =IFERROR(I46/H46,0) -> 0 | V46: =IFERROR(SUM(H46+L46)/G46,0) -> 2
A47: Joseph Gojcaj | B47: Edward Leon | C47: Marcus Norton | F47: Kaliyah Pyles | G47: 2 | H47: 1 | I47: 1 | J47: 0 | K47: 0 | L47: 0 | M47: 7 | N47: 0 | O47: 0 | P47: 0 | Q47: 0 | R47: 1 | S47: 1 | T47: 1955 | U47: =IFERROR(I47/H47,0) -> 1 | V47: =IFERROR(SUM(H47+L47)/G47,0) -> 0.5
A48: Joseph Gojcaj | B48: Edward Leon | C48: Marcus Norton | F48: M'Ellen Jackson | G48: 0 | H48: 0 | I48: 0 | J48: 0 | K48: 0 | L48: 0 | M48: 0 | N48: 0 | O48: 0 | P48: 0 | Q48: 0 | R48: 0 | S48: 0 | T48: 0 | U48: =IFERROR(I48/H48,0) -> 0 | V48: =IFERROR(SUM(H48+L48)/G48,0) -> 0
A49: Joseph Gojcaj | B49: Edward Leon | C49: Marcus Norton | F49: Ethan Lasley | G49: 2 | H49: 0 | I49: 0 | J49: 0 | K49: 0 | L49: 0 | M49: 0 | N49: 0 | O49: 0 | P49: 0 | Q49: 0 | R49: 0 | S49: 0 | T49: 0 | U49: =IFERROR(I49/H49,0) -> 0 | V49: =IFERROR(SUM(H49+L49)/G49,0) -> 0
A50: Joseph Gojcaj | B50: Melissa Elam | D50: Y | E50: MS | F50: Melissa Elam | U50: =IFERROR(I50/H50,0) -> 0 | V50: =IFERROR(SUM(H50+L50)/G50,0) -> 0
A51: Joseph Gojcaj | B51: Melissa Elam | E51: TX | F51: Ronald Montoya | G51: 0 | H51: 0 | I51: 0 | J51: 0 | K51: 0 | L51: 0 | M51: 0 | N51: 0 | O51: 0 | P51: 0 | Q51: 0 | R51: 0 | S51: 0 | T51: 0 | U51: =IFERROR(I51/H51,0) -> 0 | V51: =IFERROR(SUM(H51+L51)/G51,0) -> 0
A52: Joseph Gojcaj | B52: Melissa Elam | E52: MS | F52: Nathan Fast | G52: 0 | H52: 0 | I52: 0 | J52: 0 | K52: 0 | L52: 0 | M52: 0 | N52: 0 | O52: 0 | P52: 0 | Q52: 0 | R52: 0 | S52: 0 | T52: 0 | U52: =IFERROR(I52/H52,0) -> 0 | V52: =IFERROR(SUM(H52+L52)/G52,0) -> 0
A53: Joseph Gojcaj | B53: Melissa Elam | C53: Danielle Loux | D53: Y | E53: MO | F53: Danielle Loux | G53: 5 | H53: 0 | I53: 0 | J53: 0 | K53: 0 | L53: 0 | M53: 0 | N53: 0 | O53: 0 | P53: 0 | Q53: 0 | R53: 0 | S53: 0 | T53: 0 | U53: =IFERROR(I53/H53,0) -> 0 | V53: =IFERROR(SUM(H53+L53)/G53,0) -> 0
A54: Joseph Gojcaj | B54: Melissa Elam | C54: Danielle Loux | E54: TX | F54: Frances Gonzalez | G54: 0 | H54: 0 | I54: 0 | J54: 0 | K54: 0 | L54: 0 | M54: 0 | N54: 0 | O54: 0 | P54: 0 | Q54: 0 | R54: 0 | S54: 0 | T54: 0 | U54: =IFERROR(I54/H54,0) -> 0 | V54: =IFERROR(SUM(H54+L54)/G54,0) -> 0
A55: Joseph Gojcaj | B55: Melissa Elam | C55: Danielle Loux | E55: TX | F55: Chistopher Jacko | G55: 0 | H55: 0 | I55: 0 | J55: 0 | K55: 0 | L55: 0 | M55: 0 | N55: 0 | O55: 0 | P55: 0 | Q55: 0 | R55: 0 | S55: 0 | T55: 0 | U55: =IFERROR(I55/H55,0) -> 0 | V55: =IFERROR(SUM(H55+L55)/G55,0) -> 0
A56: Joseph Gojcaj | B56: Melissa Elam | C56: Danielle Loux | E56: TX | F56: Lacie Herring | G56: 1 | H56: 1 | I56: 0 | J56: 0 | K56: 0 | L56: 0 | M56: 2 | N56: 0 | O56: 0 | P56: 0 | Q56: 0 | R56: 0 | S56: 0 | T56: 0 | U56: =IFERROR(I56/H56,0) -> 0 | V56: =IFERROR(SUM(H56+L56)/G56,0) -> 1
A57: Joseph Gojcaj | B57: Timothy Noe | D57: Y | E57: TN | F57: Timothy Noe | G57: 11 | H57: 4 | I57: 3 | J57: 0 | K57: 0 | L57: 0 | M57: 15 | N57: 1 | O57: 1 | P57: 3 | Q57: 2 | R57: 0 | S57: 0 | T57: 3851 | U57: =IFERROR(I57/H57,0) -> 0.75 | V57: =IFERROR(SUM(H57+L57)/G57,0) -> 0.36363636
A58: Joseph Gojcaj | B58: Timothy Noe | C58: Preston Opperman | D58: Y | E58: TN | F58: Preston Opperman | G58: 3 | H58: 1 | I58: 1 | J58: 1 | K58: 1 | L58: 0 | M58: 0 | N58: 1 | O58: 1 | P58: 0 | Q58: 0 | R58: 0 | S58: 0 | T58: 1304 | U58: =IFERROR(I58/H58,0) -> 1 | V58: =IFERROR(SUM(H58+L58)/G58,0) -> 0.33333333
A59: Joseph Gojcaj | B59: Timothy Noe | C59: Preston Opperman | E59: TN | F59: Bilal Abdullah | U59: =IFERROR(I59/H59,0) -> 0 | V59: =IFERROR(SUM(H59+L59)/G59,0) -> 0
A60: Joseph Gojcaj | B60: Timothy Noe | C60: Preston Opperman | E60: TN | F60: Kain White-Conley | U60: =IFERROR(I60/H60,0) -> 0 | V60: =IFERROR(SUM(H60+L60)/G60,0) -> 0
A61: MGA | B61: GA | C61: SA | E61: State | F61: Agent | G61: SETS | H61: SITS | I61: SALES | J61: OTS SITS | K61: OTS SALES | L61: N1 | M61: REF OBT | N61: REF SITS | O61: REF SALES | P61: POS SITS | Q61: POS SALES | R61: VETS SITS | S61: VET SALES | T61: ALP | U61: Close | V61: Show
A62: Javier Sandoval | D62: Y | E62: NH | F62: Javier Sandoval | U62: =IFERROR(I62/H62,0) -> 0 | V62: =IFERROR(SUM(H62+L62)/G62,0) -> 0
A63: Javier Sandoval | C63: Andre Alire | D63: Y | F63: Andre Alire | U63: =IFERROR(I63/H63,0) -> 0 | V63: =IFERROR(SUM(H63+L63)/G63,0) -> 0
A64: Javier Sandoval | C64: Andre Alire | F64: Kelvin Claney | U64: =IFERROR(I64/H64,0) -> 0 | V64: =IFERROR(SUM(H64+L64)/G64,0) -> 0
A65: Javier Sandoval | C65: Jacob Bandyk | F65: Jacob Bandyk | U65: =IFERROR(I65/H65,0) -> 0 | V65: =IFERROR(SUM(H65+L65)/G65,0) -> 0
A66: Javier Sandoval | C66: Jacob Bandyk | E66: ID | F66: Alayna Halverson | U66: =IFERROR(I66/H66,0) -> 0 | V66: =IFERROR(SUM(H66+L66)/G66,0) -> 0
A67: MGA | B67: GA | C67: SA | E67: State | F67: Agent | G67: SETS | H67: SITS | I67: SALES | J67: OTS SITS | K67: OTS SALES | L67: N1 | M67: REF OBT | N67: REF SITS | O67: REF SALES | P67: POS SITS | Q67: POS SALES | R67: VETS SITS | S67: VET SALES | T67: ALP | U67: Close | V67: Show
A68: Derron Alexander | D68: Y | E68: NY | F68: Derron Alexander | U68: =IFERROR(I68/H68,0) -> 0 | V68: =IFERROR(SUM(H68+L68)/G68,0) -> 0
A69: Derron Alexander | E69: NY | F69: Dylan Alexander | U69: =IFERROR(I69/H69,0) -> 0 | V69: =IFERROR(SUM(H69+L69)/G69,0) -> 0
A70: Derron Alexander | E70: NY | F70: Kisha Darby | U70: =IFERROR(I70/H70,0) -> 0 | V70: =IFERROR(SUM(H70+L70)/G70,0) -> 0
A71: Derron Alexander | E71: NY | F71: Scott Harrison | U71: =IFERROR(I71/H71,0) -> 0 | V71: =IFERROR(SUM(H71+L71)/G71,0) -> 0
A72: Derron Alexander | E72: NY | F72: Michael Dolin | U72: =IFERROR(I72/H72,0) -> 0 | V72: =IFERROR(SUM(H72+L72)/G72,0) -> 0
A73: Derron Alexander | E73: NY | F73: Toel Jefferson | U73: =IFERROR(I73/H73,0) -> 0 | V73: =IFERROR(SUM(H73+L73)/G73,0) -> 0
A74: Derron Alexander | E74: NY | F74: Zev Bienenstock | U74: =IFERROR(I74/H74,0) -> 0 | V74: =IFERROR(SUM(H74+L74)/G74,0) -> 0
A75: Derron Alexander | E75: NY | F75: Julia Rodriguez | U75: =IFERROR(I75/H75,0) -> 0 | V75: =IFERROR(SUM(H75+L75)/G75,0) -> 0
A76: Derron Alexander | E76: NY | F76: Marie Cano | U76: =IFERROR(I76/H76,0) -> 0 | V76: =IFERROR(SUM(H76+L76)/G76,0) -> 0
A77: Derron Alexander | E77: NY | F77: Jordan McFarlane | U77: =IFERROR(I77/H77,0) -> 0 | V77: =IFERROR(SUM(H77+L77)/G77,0) -> 0
A78: MGA | B78: GA | C78: SA | E78: State | F78: Agent | G78: SETS | H78: SITS | I78: SALES | J78: OTS SITS | K78: OTS SALES | L78: N1 | M78: REF OBT | N78: REF SITS | O78: REF SALES | P78: POS SITS | Q78: POS SALES | R78: VETS SITS | S78: VET SALES | T78: ALP | U78: Close | V78: Show
A79: David Fulfer | D79: Y | E79: SC | F79: David Fulfer | U79: =IFERROR(I79/H79,0) -> 0 | V79: =IFERROR(SUM(H79+L79)/G79,0) -> 0
A80: David Fulfer | E80: MO | F80: William Benline | U80: =IFERROR(I80/H80,0) -> 0 | V80: =IFERROR(SUM(H80+L80)/G80,0) -> 0
A81: David Fulfer | C81: Ken Hermann | D81: Y | E81: TX | F81: Ken Hermann | G81: 0 | H81: 1 | I81: 1 | J81: 1 | K81: 1 | L81: 0 | M81: 2 | N81: 1 | O81: 1 | P81: 0 | Q81: 0 | R81: 1 | S81: 1 | T81: 831.24 | U81: =IFERROR(I81/H81,0) -> 1 | V81: =IFERROR(SUM(H81+L81)/G81,0) -> 0
A82: David Fulfer | C82: Annie Ransom | D82: Y | E82: OR | F82: Annie Ransom | U82: =IFERROR(I82/H82,0) -> 0 | V82: =IFERROR(SUM(H82+L82)/G82,0) -> 0
A83: David Fulfer | C83: Annie Ransom | E83: TX | F83: Caroline Sanazaro | G83: 0 | H83: 0 | I83: 0 | J83: 0 | K83: 0 | L83: 0 | M83: 0 | N83: 0 | O83: 0 | P83: 0 | Q83: 0 | R83: 0 | S83: 0 | T83: 0 | U83: =IFERROR(I83/H83,0) -> 0 | V83: =IFERROR(SUM(H83+L83)/G83,0) -> 0
A84: MGA | B84: GA | C84: SA | E84: State | F84: Agent | G84: SETS | H84: SITS | I84: SALES | J84: OTS SITS | K84: OTS SALES | L84: N1 | M84: REF OBT | N84: REF SITS | O84: REF SALES | P84: POS SITS | Q84: POS SALES | R84: VETS SITS | S84: VET SALES | T84: ALP | U84: Close | V84: Show
A85: Ashlynn Orng | D85: Y | E85: CA | F85: Ashlynn Orng | U85: =IFERROR(I85/H85,0) -> 0 | V85: =IFERROR(SUM(H85+L85)/G85,0) -> 0
A86: Ashlynn Orng | E86: TX | F86: O'Neil Mbakwe | U86: =IFERROR(I86/H86,0) -> 0 | V86: =IFERROR(SUM(H86+L86)/G86,0) -> 0
A87: Ashlynn Orng | E87: CA | F87: Hillary Tucker | U87: =IFERROR(I87/H87,0) -> 0 | V87: =IFERROR(SUM(H87+L87)/G87,0) -> 0
A88: Ashlynn Orng | E88: MO | F88: Alexa Legg | U88: =IFERROR(I88/H88,0) -> 0 | V88: =IFERROR(SUM(H88+L88)/G88,0) -> 0
A89: Ashlynn Orng | E89: IN | F89: Nataly Vargas | U89: =IFERROR(I89/H89,0) -> 0 | V89: =IFERROR(SUM(H89+L89)/G89,0) -> 0
A90: Ashlynn Orng | E90: CA | F90: Berlin Iwai | U90: =IFERROR(I90/H90,0) -> 0 | V90: =IFERROR(SUM(H90+L90)/G90,0) -> 0
A91: Ashlynn Orng | F91: Kendall Stowers | U91: =IFERROR(I91/H91,0) -> 0 | V91: =IFERROR(SUM(H91+L91)/G91,0) -> 0
A92: Ashlynn Orng | F92: Crystal Mekdarasack | U92: =IFERROR(I92/H92,0) -> 0 | V92: =IFERROR(SUM(H92+L92)/G92,0) -> 0
A93: Ashlynn Orng | F93: Brad Word | U93: =IFERROR(I93/H93,0) -> 0 | V93: =IFERROR(SUM(H93+L93)/G93,0) -> 0
A94: Ashlynn Orng | F94: Ivander Ambriz | U94: =IFERROR(I94/H94,0) -> 0 | V94: =IFERROR(SUM(H94+L94)/G94,0) -> 0
A95: Ashlynn Orng | F95: Michael Boyd | U95: =IFERROR(I95/H95,0) -> 0 | V95: =IFERROR(SUM(H95+L95)/G95,0) -> 0
A96: Ashlynn Orng | C96: Wendy Huber | D96: Y | E96: OR | F96: Wendy Huber | U96: =IFERROR(I96/H96,0) -> 0 | V96: =IFERROR(SUM(H96+L96)/G96,0) -> 0
A97: Ashlynn Orng | C97: Wendy Huber | E97: FL | F97: Alissa Charles | U97: =IFERROR(I97/H97,0) -> 0 | V97: =IFERROR(SUM(H97+L97)/G97,0) -> 0
A98: Ashlynn Orng | C98: Wendy Huber | E98: VA | F98: Tasheka Hill | U98: =IFERROR(I98/H98,0) -> 0 | V98: =IFERROR(SUM(H98+L98)/G98,0) -> 0
A99: Ashlynn Orng | C99: Wendy Huber | F99: Alissa Charles | U99: =IFERROR(I99/H99,0) -> 0 | V99: =IFERROR(SUM(H99+L99)/G99,0) -> 0
A100: Ashlynn Orng | C100: Bryanna Wagner | D100: Y | E100: WI | F100: Bryanna Wagner | U100: =IFERROR(I100/H100,0) -> 0 | V100: =IFERROR(SUM(H100+L100)/G100,0) -> 0
A101: Ashlynn Orng | C101: Bryanna Wagner | F101: Juan Ortega | U101: =IFERROR(I101/H101,0) -> 0 | V101: =IFERROR(SUM(H101+L101)/G101,0) -> 0
...

Sheet Sat
C1: ALP | E1: LEADERSHIP ALP | F1: Appts | G1: Pres | H1: Sales | I1: POS SITS | J1: POS SA | K1: VET SITS | L1: VET SA | M1: REF OBT | N1: REF SITS | O1: REF SA | P1: OTS SITS | Q1: OTS SA | R1: N1
B2: GOJCAJ RGA | C2: =SUM(C5,C20,C23,C26,C29,C32) -> 7369 | E2: =SUM(E5,E20,E23,E26,E29,E32) -> 6064 | F2: =SUM(F5,F20,F23,F26,F29,F32) -> 19 | G2: =SUM(G5,G20,G23,G26,G29,G32) -> 12 | H2: =SUM(H5,H20,H23,H26,H29,H32) -> 4 | I2: =SUM(I5,I20,I23,I26,I29,I32) -> 3 | J2: =SUM(J5,J20,J23,J26,J29,J32) -> 1 | K2: =SUM(K5,K20,K23,K26,K29,K32) -> 3 | L2: =SUM(L5,L20,L23,L26,L29,L32) -> 2 | ... R2: =SUM(R5,R20,R23,R26,R29,R32) -> 2
C3: # of Agents | E3: ALP per sale | F3: Show Rate | G3: Close Ratio | H3: ALP/Agent | J3: POS Close | L3: VET Close | M3: REF Per Sit | O3: REF Close | Q3: OTS Close
C4: =SUM(C7,C25,C22,C28,C31,C34) -> 63 | E4: =IFERROR(C2/H2,0) -> 1842.25 | F4: =IFERROR((G2+R2)/F2,0) -> 0.73684211 | G4: =IFERROR(H2/G2,0) -> 0.33333333 | H4: =(C2/C4) -> 116.96825 | J4: =IFERROR(J2/I2,0) -> 0.33333333 | L4: =IFERROR(L2/K2,0) -> 0.66666667 | M4: =IFERROR(M2/G2,0) -> 3.3333333 | O4: =IFERROR(O2/N2,0) -> 0.2 | Q4: =IFERROR(Q2/P2,0) -> 0.25
B5: Joseph Gojcaj | C5: =SUMIF(A:A,B5,T:T) -> 7369 | E5: =SUMIFS(T:T,A:A,B5,D:D,"Y") -> 6064 | F5: =SUMIF(A:A,B5,G:G) -> 19 | G5: =SUMIF(A:A,B5,H:H) -> 12 | H5: =SUMIF(A:A,B5,I:I) -> 4 | I5: =SUMIF(A:A,B5,P:P) -> 3 | J5: =SUMIF(A:A,B5,Q:Q) -> 1 | K5: =SUMIF(A:A,B5,R:R) -> 3 | L5: =SUMIF(A:A,B5,S:S) -> 2 | M5: =SUMIF(A:A,B5,M:M) -> 40 | N5: =SUMIF(A:A,B5,N:N) -> 5 | O5: =SUMIF(A:A,B5,O:O) -> 1 | P5: =SUMIF(A:A,B5,J:J) -> 4 | Q5: =SUMIF(A:A,B5,K:K) -> 1 | R5: =SUMIF(A:A,B5,L:L) -> 2
C6: # of Agents | E6: ALP per sale | F6: Show Rate | G6: Close Ratio | H6: ALP/Agent | J6: POS Close | L6: VET Close | M6: REF Per Sit | O6: REF Close | Q6: OTS Close
C7: =COUNTIFS(A:A,B5) -> 24 | E7: =IFERROR(C5/H5,0) -> 1842.25 | F7: =IFERROR((G5+R5)/F5,0) -> 0.73684211 | G7: =IFERROR(H5/G5,0) -> 0.33333333 | H7: =(C5/C7) -> 307.04167 | J7: =IFERROR(J5/I5,0) -> 0.33333333 | L7: =IFERROR(L5/K5,0) -> 0.66666667 | M7: =IFERROR(M5/SUM(R5+G5,0),"") -> 2.8571429 | O7: =IFERROR(O5/N5,0) -> 0.2 | Q7: =IFERROR(Q5/P5,0) -> 0.25
B8: Jacob Brown | C8: =SUMIF(B:B,B8,T:T) -> 1305 | E8: =SUMIFS(T:T,B:B,B8,D:D,"Y") -> 0 | F8: =SUMIF(B37:B1137,B8,G37:G1137) -> 1 | G8: =SUMIF(B37:B1137,B8,H37:H1137) -> 3 | H8: =SUMIF(B37:B1137,B8,I37:I1137) -> 1 | I8: =SUMIF(B37:B1137,B8,P37:P1137) -> 0 | J8: =SUMIF(B37:B1137,B8,Q37:Q1137) -> 0 | K8: =SUMIF(B37:B1137,B8,R37:R1137) -> 0 | L8: =SUMIF(B37:B1137,B8,S37:S1137) -> 0 | M8: =SUMIF(B37:B1137,B8,M37:M1137) -> 11 | N8: =SUMIF(B37:B1137,B8,N37:N1137) -> 3 | O8: =SUMIF(B37:B1137,B8,O37:O1137) -> 1 | P8: =SUMIF(B37:B1137,B8,J37:J1137) -> 3 | Q8: =SUMIF(B37:B1137,B8,K37:K1137) -> 1 | R8: =SUMIF(B37:B1137,B8,L37:L1137) -> 1
C9: # of Agents | E9: ALP per sale | F9: Show Rate | G9: Close Ratio | H9: ALP/Agent | J9: POS Close | L9: VET Close | M9: REF Per Sit | O9: REF Close | Q9: OTS Close
C10: =COUNTIFS(B37:B1137,B8) -> 5 | E10: =IFERROR(C8/H8,0) -> 1305 | F10: =IFERROR((G8+R8)/F8,0) -> 4 | G10: =IFERROR(H8/G8,0) -> 0.33333333 | H10: =(C8/C10) -> 261 | J10: =IFERROR(J8/I8,0) -> 0 | L10: =IFERROR(L8/K8,0) -> 0 | M10: =IFERROR(M8/SUM(G8+R8,0),"") -> 2.75 | O10: =IFERROR(O8/N8,0) -> 0.33333333 | Q10: =IFERROR(Q8/P8,0) -> 0.33333333
B11: Edward Leon | C11: =SUMIF(B:B,B11,T:T) -> 2083 | E11: =SUMIFS(T:T,B:B,B11,D:D,"Y") -> 2083 | F11: =SUMIF(B39:B1137,B11,G39:G1137) -> 4 | G11: =SUMIF(B39:B1137,B11,H39:H1137) -> 3 | H11: =SUMIF(B39:B1137,B11,I39:I1137) -> 1 | I11: =SUMIF(B39:B1137,B11,P39:P1137) -> 0 | J11: =SUMIF(B39:B1137,B11,Q39:Q1137) -> 0 | K11: =SUMIF(B39:B1137,B11,R39:R1137) -> 1 | L11: =SUMIF(B39:B1137,B11,S39:S1137) -> 1 | M11: =SUMIF(B39:B1137,B11,M39:M1137) -> 18 | N11: =SUMIF(B39:B1137,B11,N39:N1137) -> 1 | O11: =SUMIF(B39:B1137,B11,O39:O1137) -> 0 | P11: =SUMIF(B39:B1137,B11,J39:J1137) -> 1 | Q11: =SUMIF(B39:B1137,B11,K39:K1137) -> 0 | R11: =SUMIF(B39:B1137,B11,L39:L1137) -> 1
C12: # of Agents | E12: ALP per sale | F12: Show Rate | G12: Close Ratio | H12: ALP/Agent | J12: POS Close | L12: VET Close | M12: REF Per Sit | O12: REF Close | Q12: OTS Close
C13: =COUNTIFS(B39:B1137,B11) -> 7 | E13: =IFERROR(C11/H11,0) -> 2083 | F13: =IFERROR((G11+R11)/F11,0) -> 1 | G13: =IFERROR(H11/G11,0) -> 0.33333333 | H13: =(C11/C13) -> 297.57143 | J13: =IFERROR(J11/I11,0) -> 0 | L13: =IFERROR(L11/K11,0) -> 1 | M13: =IFERROR(M11/SUM(R11+G11,0),"") -> 4.5 | O13: =IFERROR(O11/N11,0) -> 0 | Q13: =IFERROR(Q11/P11,0) -> 0
B14: Melissa Elam | C14: =SUMIF(B:B,B14,T:T) -> 2878 | E14: =SUMIFS(T:T,B:B,B14,D:D,"Y") -> 2878 | F14: =SUMIF(B39:B1137,B14,G39:G1137) -> 7 | G14: =SUMIF(B39:B1137,B14,H39:H1137) -> 3 | H14: =SUMIF(B39:B1137,B14,I39:I1137) -> 1 | I14: =SUMIF(B39:B1137,B14,P39:P1137) -> 0 | J14: =SUMIF(B39:B1137,B14,Q39:Q1137) -> 0 | K14: =SUMIF(B39:B1137,B14,R39:R1137) -> 2 | L14: =SUMIF(B39:B1137,B14,S39:S1137) -> 1 | M14: =SUMIF(B39:B1137,B14,M39:M1137) -> 7 | N14: =SUMIF(B39:B1137,B14,N39:N1137) -> 1 | O14: =SUMIF(B39:B1137,B14,O39:O1137) -> 0 | P14: =SUMIF(B39:B1137,B14,J39:J1137) -> 0 | Q14: =SUMIF(B39:B1137,B14,K39:K1137) -> 0 | R14: =SUMIF(B39:B1137,B14,L39:L1137) -> 0
C15: # of Agents | E15: ALP per sale | F15: Show Rate | G15: Close Ratio | H15: ALP/Agent | J15: POS Close | L15: VET Close | M15: REF Per Sit | O15: REF Close | Q15: OTS Close
C16: =COUNTIFS(B39:B1137,B14) -> 7 | E16: =IFERROR(C14/H14,0) -> 2878 | F16: =IFERROR((G14+R14)/F14,0) -> 0.42857143 | G16: =IFERROR(H14/G14,0) -> 0.33333333 | H16: =(C14/C16) -> 411.14286 | J16: =IFERROR(J14/I14,0) -> 0 | L16: =IFERROR(L14/K14,0) -> 0.5 | M16: =IFERROR(M14/SUM(R14+G14,0),"") -> 2.3333333 | O16: =IFERROR(O14/N14,0) -> 0 | Q16: =IFERROR(Q14/P14,0) -> 0
B17: Timothy Noe | C17: =SUMIF(B:B,B17,T:T) -> 1103 | E17: =SUMIFS(T:T,B:B,B17,D:D,"Y") -> 1103 | F17: =SUMIF(B44:B1137,B17,G44:G1137) -> 7 | G17: =SUMIF(B44:B1137,B17,H44:H1137) -> 3 | H17: =SUMIF(B44:B1137,B17,I44:I1137) -> 1 | I17: =SUMIF(B44:B1137,B17,P44:P1137) -> 3 | J17: =SUMIF(B44:B1137,B17,Q44:Q1137) -> 1 | K17: =SUMIF(B44:B1137,B17,R44:R1137) -> 0 | L17: =SUMIF(B44:B1137,B17,S44:S1137) -> 0 | M17: =SUMIF(B44:B1137,B17,M44:M1137) -> 4 | N17: =SUMIF(B44:B1137,B17,N44:N1137) -> 0 | O17: =SUMIF(B44:B1137,B17,O44:O1137) -> 0 | P17: =SUMIF(B44:B1137,B17,J44:J1137) -> 0 | Q17: =SUMIF(B44:B1137,B17,K44:K1137) -> 0 | R17: =SUMIF(B44:B1137,B17,L44:L1137) -> 0
C18: # of Agents | E18: ALP per sale | F18: Show Rate | G18: Close Ratio | H18: ALP/Agent | J18: POS Close | L18: VET Close | M18: REF Per Sit | O18: REF Close | Q18: OTS Close
C19: =COUNTIFS(B44:B1137,B17) -> 4 | E19: =IFERROR(C17/H17,0) -> 1103 | F19: =IFERROR((G17+R17)/F17,0) -> 0.42857143 | G19: =IFERROR(H17/G17,0) -> 0.33333333 | H19: =(C17/C19) -> 275.75 | J19: =IFERROR(J17/I17,0) -> 0.33333333 | L19: =IFERROR(L17/K17,0) -> 0 | M19: =IFERROR(M17/SUM(R17+G17,0),"") -> 1.3333333 | O19: =IFERROR(O17/N17,0) -> 0 | Q19: =IFERROR(Q17/P17,0) -> 0
B20: Javier Sandoval | C20: =SUMIF(A:A,B20,T:T) -> 0 | E20: =SUMIFS(T:T,A:A,B20,D:D,"Y") -> 0 | F20: =SUMIF(A:A,B20,G:G) -> 0 | G20: =SUMIF(A:A,B20,H:H) -> 0 | H20: =SUMIF(A:A,B20,I:I) -> 0 | I20: =SUMIF(A:A,B20,P:P) -> 0 | J20: =SUMIF(A:A,B20,Q:Q) -> 0 | K20: =SUMIF(A:A,B20,R:R) -> 0 | L20: =SUMIF(A:A,B20,S:S) -> 0 | M20: =SUMIF(A:A,B20,M:M) -> 0 | N20: =SUMIF(A:A,B20,N:N) -> 0 | O20: =SUMIF(A:A,B20,O:O) -> 0 | P20: =SUMIF(A:A,B20,J:J) -> 0 | Q20: =SUMIF(A:A,B20,K:K) -> 0 | R20: =SUMIF(A:A,B20,L:L) -> 0
C21: # of Agents | E21: ALP per sale | F21: Show Rate | G21: Close Ratio | H21: ALP/Agent | J21: POS Close | L21: VET Close | M21: REF Per Sit | O21: REF Close | Q21: OTS Close
C22: =COUNTIFS(A:A,B20) -> 5 | E22: =IFERROR(C20/H20,0) -> 0 | F22: =IFERROR((G20+R20)/F20,0) -> 0 | G22: =IFERROR(H20/G20,0) -> 0 | H22: =(C20/C22) -> 0 | J22: =IFERROR(J20/I20,0) -> 0 | L22: =IFERROR(L20/K20,0) -> 0 | M22: =IFERROR(M20/SUM(R20+G20,0),"") | O22: =IFERROR(O20/N20,0) -> 0 | Q22: =IFERROR(Q20/P20,0) -> 0
B23: Derron Alexander | C23: =SUMIF(A:A,B23,T:T) -> 0 | E23: =SUMIFS(T:T,A:A,B23,D:D,"Y") -> 0 | F23: =SUMIF(A:A,B23,G:G) -> 0 | G23: =SUMIF(A:A,B23,H:H) -> 0 | H23: =SUMIF(A:A,B23,I:I) -> 0 | I23: =SUMIF(A:A,B23,P:P) -> 0 | J23: =SUMIF(A:A,B23,Q:Q) -> 0 | K23: =SUMIF(A:A,B23,R:R) -> 0 | L23: =SUMIF(A:A,B23,S:S) -> 0 | M23: =SUMIF(A:A,B23,M:M) -> 0 | N23: =SUMIF(A:A,B23,N:N) -> 0 | O23: =SUMIF(A:A,B23,O:O) -> 0 | P23: =SUMIF(A:A,B23,J:J) -> 0 | Q23: =SUMIF(A:A,B23,K:K) -> 0 | R23: =SUMIF(A:A,B23,L:L) -> 0
C24: # of Agents | E24: ALP per sale | F24: Show Rate | G24: Close Ratio | H24: ALP/Agent | J24: POS Close | L24: VET Close | M24: REF Per Sit | O24: REF Close | Q24: OTS Close
C25: =COUNTIFS(A:A,B23) -> 10 | E25: =IFERROR(C23/H23,0) -> 0 | F25: =IFERROR((G23+R23)/F23,0) -> 0 | G25: =IFERROR(H23/G23,0) -> 0 | H25: =(C23/C25) -> 0 | J25: =IFERROR(J23/I23,0) -> 0 | L25: =IFERROR(L23/K23,0) -> 0 | M25: =IFERROR(M23/SUM(R23+G23,0),"") | O25: =IFERROR(O23/N23,0) -> 0 | Q25: =IFERROR(Q23/P23,0) -> 0
B26: David Fulfer | C26: =SUMIF(A:A,B26,T:T) -> 0 | E26: =SUMIFS(T:T,A:A,B26,D:D,"Y") -> 0 | F26: =SUMIF(A:A,B26,G:G) -> 0 | G26: =SUMIF(A:A,B26,H:H) -> 0 | H26: =SUMIF(A:A,B26,I:I) -> 0 | I26: =SUMIF(A:A,B26,P:P) -> 0 | J26: =SUMIF(A:A,B26,Q:Q) -> 0 | K26: =SUMIF(A:A,B26,R:R) -> 0 | L26: =SUMIF(A:A,B26,S:S) -> 0 | M26: =SUMIF(A:A,B26,M:M) -> 0 | N26: =SUMIF(A:A,B26,N:N) -> 0 | O26: =SUMIF(A:A,B26,O:O) -> 0 | P26: =SUMIF(A:A,B26,J:J) -> 0 | Q26: =SUMIF(A:A,B26,K:K) -> 0 | R26: =SUMIF(A:A,B26,L:L) -> 0
C27: # of Agents | E27: ALP per sale | F27: Show Rate | G27: Close Ratio | H27: ALP/Agent | J27: POS Close | L27: VET Close | M27: REF Per Sit | O27: REF Close | Q27: OTS Close
C28: =COUNTIFS(A:A,B26) -> 5 | E28: =IFERROR(C26/H26,0) -> 0 | F28: =IFERROR((G26+R26)/F26,0) -> 0 | G28: =IFERROR(H26/G26,0) -> 0 | H28: =(C26/C28) -> 0 | J28: =IFERROR(J26/I26,0) -> 0 | L28: =IFERROR(L26/K26,0) -> 0 | M28: =IFERROR(M26/SUM(R26+G26,0),"") | O28: =IFERROR(O26/N26,0) -> 0 | Q28: =IFERROR(Q26/P26,0) -> 0
B29: Ashlynn Orng | C29: =SUMIF(A:A,B29,T:T) -> 0 | E29: =SUMIFS(T:T,A:A,B29,D:D,"Y") -> 0 | F29: =SUMIF(A:A,B29,G:G) -> 0 | G29: =SUMIF(A:A,B29,H:H) -> 0 | H29: =SUMIF(A:A,B29,I:I) -> 0 | I29: =SUMIF(A:A,B29,P:P) -> 0 | J29: =SUMIF(A:A,B29,Q:Q) -> 0 | K29: =SUMIF(A:A,B29,R:R) -> 0 | L29: =SUMIF(A:A,B29,S:S) -> 0 | M29: =SUMIF(A:A,B29,M:M) -> 0 | N29: =SUMIF(A:A,B29,N:N) -> 0 | O29: =SUMIF(A:A,B29,O:O) -> 0 | P29: =SUMIF(A:A,B29,J:J) -> 0 | Q29: =SUMIF(A:A,B29,K:K) -> 0 | R29: =SUMIF(A:A,B29,L:L) -> 0
C30: # of Agents | E30: ALP per sale | F30: Show Rate | G30: Close Ratio | H30: ALP/Agent | J30: POS Close | L30: VET Close | M30: REF Per Sit | O30: REF Close | Q30: OTS Close
C31: =COUNTIFS(A:A,B29) -> 17 | E31: =IFERROR(C29/H29,0) -> 0 | F31: =IFERROR((G29+R29)/F29,0) -> 0 | G31: =IFERROR(H29/G29,0) -> 0 | H31: =(C29/C31) -> 0 | J31: =IFERROR(J29/I29,0) -> 0 | L31: =IFERROR(L29/K29,0) -> 0 | M31: =IFERROR(M29/SUM(R29+G29,0),"") | O31: =IFERROR(O29/N29,0) -> 0 | Q31: =IFERROR(Q29/P29,0) -> 0
B32: Kenneth Preston | C32: =SUMIF(A:A,B32,T:T) -> 0 | E32: =SUMIFS(T:T,A:A,B32,D:D,"Y") -> 0 | F32: =SUMIF(A:A,B32,G:G) -> 0 | G32: =SUMIF(A:A,B32,H:H) -> 0 | H32: =SUMIF(A:A,B32,I:I) -> 0 | I32: =SUMIF(A:A,B32,P:P) -> 0 | J32: =SUMIF(A:A,B32,Q:Q) -> 0 | K32: =SUMIF(A:A,B32,R:R) -> 0 | L32: =SUMIF(A:A,B32,S:S) -> 0 | M32: =SUMIF(A:A,B32,M:M) -> 0 | N32: =SUMIF(A:A,B32,N:N) -> 0 | O32: =SUMIF(A:A,B32,O:O) -> 0 | P32: =SUMIF(A:A,B32,J:J) -> 0 | Q32: =SUMIF(A:A,B32,K:K) -> 0 | R32: =SUMIF(A:A,B32,L:L) -> 0
C33: # of Agents | E33: ALP per sale | F33: Show Rate | G33: Close Ratio | H33: ALP/Agent | J33: POS Close | L33: VET Close | M33: REF Per Sit | O33: REF Close | Q33: OTS Close
C34: =COUNTIFS(A:A,B32) -> 2 | E34: =IFERROR(C32/H32,0) -> 0 | F34: =IFERROR((G32+R32)/F32,0) -> 0 | G34: =IFERROR(H32/G32,0) -> 0 | H34: =(C32/C34) -> 0 | J34: =IFERROR(J32/I32,0) -> 0 | L34: =IFERROR(L32/K32,0) -> 0 | M34: =IFERROR(M32/SUM(R32+G32,0),"") | O34: =IFERROR(O32/N32,0) -> 0 | Q34: =IFERROR(Q32/P32,0) -> 0
A36: MGA | B36: GA | C36: SA | E36: State | F36: Agent | G36: SETS | H36: SITS | I36: SALES | J36: OTS SITS | K36: OTS SALES | L36: N1 | M36: REF OBT | N36: REF SITS | O36: REF SALES | P36: POS SITS | Q36: POS SALES | R36: VETS SITS | S36: VET SALES | T36: ALP | U36: Close | V36: Show | W36: Code Date
A37: Joseph Gojcaj | D37: Y | E37: MI | F37: Joseph Gojcaj | U37: =IFERROR(I37/H37,0) -> 0 | V37: =IFERROR(SUM(H37+L37)/G37,0) -> 0
A38: Joseph Gojcaj | B38: Jacob Brown | D38: Y | E38: MI | F38: Jacob Brown | U38: =IFERROR(I38/H38,0) -> 0 | V38: =IFERROR(SUM(H38+L38)/G38,0) -> 0
A39: Joseph Gojcaj | B39: Jacob Brown | C39: Kristen Fox | D39: Y | E39: NC | F39: Kristen Fox | G39: 0 | H39: 0 | I39: 0 | J39: 0 | K39: 0 | L39: 0 | M39: 0 | N39: 0 | O39: 0 | P39: 0 | Q39: 0 | R39: 0 | S39: 0 | U39: =IFERROR(I39/H39,0) -> 0 | V39: =IFERROR(SUM(H39+L39)/G39,0) -> 0
A40: Joseph Gojcaj | B40: Jacob Brown | C40: Kristen Fox | F40: Marci Dyer | G40: 0 | H40: 0 | I40: 0 | J40: 0 | K40: 0 | L40: 0 | M40: 0 | N40: 0 | O40: 0 | P40: 0 | Q40: 0 | R40: 0 | S40: 0 | U40: =IFERROR(I40/H40,0) -> 0 | V40: =IFERROR(SUM(H40+L40)/G40,0) -> 0
A41: Joseph Gojcaj | B41: Jacob Brown | C41: Joylynn Harris | D41: Y | E41: CA | F41: Joylynn Harris | G41: 0 | H41: 2 | I41: 0 | J41: 2 | K41: 0 | L41: 1 | M41: 7 | N41: 2 | O41: 0 | P41: 0 | Q41: 0 | R41: 0 | S41: 0 | T41: 0 | U41: =IFERROR(I41/H41,0) -> 0 | V41: =IFERROR(SUM(H41+L41)/G41,0) -> 0
A42: Joseph Gojcaj | B42: Jacob Brown | C42: Joylynn Harris | E42: TX | F42: Shafay Sutton | G42: 1 | H42: 1 | I42: 1 | J42: 1 | K42: 1 | L42: 0 | M42: 4 | N42: 1 | O42: 1 | P42: 0 | Q42: 0 | R42: 0 | S42: 0 | T42: 1305 | U42: =IFERROR(I42/H42,0) -> 1 | V42: =IFERROR(SUM(H42+L42)/G42,0) -> 1
A43: Joseph Gojcaj | B43: Edward Leon | D43: Y | E43: MI | F43: Eddie Leon | U43: =IFERROR(I43/H43,0) -> 0 | V43: =IFERROR(SUM(H43+L43)/G43,0) -> 0
A44: Joseph Gojcaj | B44: Edward Leon | E44: CA | F44: Rick Argote | G44: 0 | H44: 0 | I44: 0 | J44: 0 | K44: 0 | L44: 0 | M44: 0 | N44: 0 | O44: 0 | P44: 0 | Q44: 0 | R44: 0 | S44: 0 | T44: 0 | U44: =IFERROR(I44/H44,0) -> 0 | V44: =IFERROR(SUM(H44+L44)/G44,0) -> 0
A45: Joseph Gojcaj | B45: Edward Leon | E45: MI | F45: Julian Hyman | G45: 0 | H45: 0 | I45: 0 | J45: 0 | K45: 0 | L45: 0 | M45: 0 | N45: 0 | O45: 0 | P45: 0 | Q45: 0 | R45: 0 | S45: 0 | T45: 0 | U45: =IFERROR(I45/H45,0) -> 0 | V45: =IFERROR(SUM(H45+L45)/G45,0) -> 0
A46: Joseph Gojcaj | B46: Edward Leon | C46: Marcus Norton | D46: Y | E46: CO | F46: Marcus Norton | G46: 4 | H46: 3 | I46: 1 | J46: 1 | K46: 0 | L46: 1 | M46: 18 | N46: 1 | O46: 0 | P46: 0 | Q46: 0 | R46: 1 | S46: 1 | T46: 2083 | U46: =IFERROR(I46/H46,0) -> 0.33333333 | V46: =IFERROR(SUM(H46+L46)/G46,0) -> 1
A47: Joseph Gojcaj | B47: Edward Leon | C47: Marcus Norton | F47: Kaliyah Pyles | G47: 0 | H47: 0 | I47: 0 | J47: 0 | K47: 0 | L47: 0 | M47: 0 | N47: 0 | O47: 0 | P47: 0 | Q47: 0 | R47: 0 | S47: 0 | T47: 0 | U47: =IFERROR(I47/H47,0) -> 0 | V47: =IFERROR(SUM(H47+L47)/G47,0) -> 0
A48: Joseph Gojcaj | B48: Edward Leon | C48: Marcus Norton | F48: M'Ellen Jackson | G48: 0 | H48: 0 | I48: 0 | J48: 0 | K48: 0 | L48: 0 | M48: 0 | N48: 0 | O48: 0 | P48: 0 | Q48: 0 | R48: 0 | S48: 0 | T48: 0 | U48: =IFERROR(I48/H48,0) -> 0 | V48: =IFERROR(SUM(H48+L48)/G48,0) -> 0
A49: Joseph Gojcaj | B49: Edward Leon | C49: Marcus Norton | F49: Ethan Lasley | G49: 0 | H49: 0 | I49: 0 | J49: 0 | K49: 0 | L49: 0 | M49: 0 | N49: 0 | O49: 0 | P49: 0 | Q49: 0 | R49: 0 | S49: 0 | T49: 0 | U49: =IFERROR(I49/H49,0) -> 0 | V49: =IFERROR(SUM(H49+L49)/G49,0) -> 0
A50: Joseph Gojcaj | B50: Melissa Elam | D50: Y | E50: MS | F50: Melissa Elam | G50: 2 | H50: 2 | I50: 1 | J50: 0 | K50: 0 | L50: 0 | M50: 1 | N50: 0 | O50: 0 | P50: 0 | Q50: 0 | R50: 2 | S50: 1 | T50: 2878 | U50: =IFERROR(I50/H50,0) -> 0.5 | V50: =IFERROR(SUM(H50+L50)/G50,0) -> 1
A51: Joseph Gojcaj | B51: Melissa Elam | E51: TX | F51: Ronald Montoya | G51: 0 | H51: 0 | I51: 0 | J51: 0 | K51: 0 | L51: 0 | M51: 0 | N51: 0 | O51: 0 | P51: 0 | Q51: 0 | R51: 0 | S51: 0 | T51: 0 | U51: =IFERROR(I51/H51,0) -> 0 | V51: =IFERROR(SUM(H51+L51)/G51,0) -> 0
A52: Joseph Gojcaj | B52: Melissa Elam | E52: MS | F52: Nathan Fast | G52: 0 | H52: 0 | I52: 0 | J52: 0 | K52: 0 | L52: 0 | M52: 0 | N52: 0 | O52: 0 | P52: 0 | Q52: 0 | R52: 0 | S52: 0 | T52: 0 | U52: =IFERROR(I52/H52,0) -> 0 | V52: =IFERROR(SUM(H52+L52)/G52,0) -> 0
A53: Joseph Gojcaj | B53: Melissa Elam | C53: Danielle Loux | D53: Y | E53: MO | F53: Danielle Loux | G53: 5 | H53: 1 | I53: 0 | J53: 0 | K53: 0 | L53: 0 | M53: 6 | N53: 1 | O53: 0 | P53: 0 | Q53: 0 | R53: 0 | S53: 0 | T53: 0 | U53: =IFERROR(I53/H53,0) -> 0 | V53: =IFERROR(SUM(H53+L53)/G53,0) -> 0.2
A54: Joseph Gojcaj | B54: Melissa Elam | C54: Danielle Loux | E54: TX | F54: Frances Gonzalez | G54: 0 | H54: 0 | I54: 0 | J54: 0 | K54: 0 | L54: 0 | M54: 0 | N54: 0 | O54: 0 | P54: 0 | Q54: 0 | R54: 0 | S54: 0 | T54: 0 | U54: =IFERROR(I54/H54,0) -> 0 | V54: =IFERROR(SUM(H54+L54)/G54,0) -> 0
A55: Joseph Gojcaj | B55: Melissa Elam | C55: Danielle Loux | E55: TX | F55: Chistopher Jacko | G55: 0 | H55: 0 | I55: 0 | J55: 0 | K55: 0 | L55: 0 | M55: 0 | N55: 0 | O55: 0 | P55: 0 | Q55: 0 | R55: 0 | S55: 0 | T55: 0 | U55: =IFERROR(I55/H55,0) -> 0 | V55: =IFERROR(SUM(H55+L55)/G55,0) -> 0
A56: Joseph Gojcaj | B56: Melissa Elam | C56: Danielle Loux | E56: TX | F56: Lacie Herring | U56: =IFERROR(I56/H56,0) -> 0 | V56: =IFERROR(SUM(H56+L56)/G56,0) -> 0
A57: Joseph Gojcaj | B57: Timothy Noe | D57: Y | E57: TN | F57: Timothy Noe | G57: 7 | H57: 3 | I57: 1 | J57: 0 | K57: 0 | L57: 0 | M57: 4 | N57: 0 | O57: 0 | P57: 3 | Q57: 1 | R57: 0 | S57: 0 | T57: 1103 | U57: =IFERROR(I57/H57,0) -> 0.33333333 | V57: =IFERROR(SUM(H57+L57)/G57,0) -> 0.42857143
A58: Joseph Gojcaj | B58: Timothy Noe | C58: Preston Opperman | D58: Y | E58: TN | F58: Preston Opperman | U58: =IFERROR(I58/H58,0) -> 0 | V58: =IFERROR(SUM(H58+L58)/G58,0) -> 0
A59: Joseph Gojcaj | B59: Timothy Noe | C59: Preston Opperman | E59: TN | F59: Bilal Abdullah | U59: =IFERROR(I59/H59,0) -> 0 | V59: =IFERROR(SUM(H59+L59)/G59,0) -> 0
A60: Joseph Gojcaj | B60: Timothy Noe | C60: Preston Opperman | E60: TN | F60: Kain White-Conley | U60: =IFERROR(I60/H60,0) -> 0 | V60: =IFERROR(SUM(H60+L60)/G60,0) -> 0
A61: MGA | B61: GA | C61: SA | E61: State | F61: Agent | G61: SETS | H61: SITS | I61: SALES | J61: OTS SITS | K61: OTS SALES | L61: N1 | M61: REF OBT | N61: REF SITS | O61: REF SALES | P61: POS SITS | Q61: POS SALES | R61: VETS SITS | S61: VET SALES | T61: ALP | U61: Close | V61: Show
A62: Javier Sandoval | D62: Y | E62: NH | F62: Javier Sandoval | U62: =IFERROR(I62/H62,0) -> 0 | V62: =IFERROR(SUM(H62+L62)/G62,0) -> 0
A63: Javier Sandoval | C63: Andre Alire | D63: Y | F63: Andre Alire | U63: =IFERROR(I63/H63,0) -> 0 | V63: =IFERROR(SUM(H63+L63)/G63,0) -> 0
A64: Javier Sandoval | C64: Andre Alire | F64: Kelvin Claney | U64: =IFERROR(I64/H64,0) -> 0 | V64: =IFERROR(SUM(H64+L64)/G64,0) -> 0
A65: Javier Sandoval | C65: Jacob Bandyk | F65: Jacob Bandyk | U65: =IFERROR(I65/H65,0) -> 0 | V65: =IFERROR(SUM(H65+L65)/G65,0) -> 0
A66: Javier Sandoval | C66: Jacob Bandyk | E66: ID | F66: Alayna Halverson | U66: =IFERROR(I66/H66,0) -> 0 | V66: =IFERROR(SUM(H66+L66)/G66,0) -> 0
A67: MGA | B67: GA | C67: SA | E67: State | F67: Agent | G67: SETS | H67: SITS | I67: SALES | J67: OTS SITS | K67: OTS SALES | L67: N1 | M67: REF OBT | N67: REF SITS | O67: REF SALES | P67: POS SITS | Q67: POS SALES | R67: VETS SITS | S67: VET SALES | T67: ALP | U67: Close | V67: Show
A68: Derron Alexander | D68: Y | E68: NY | F68: Derron Alexander | U68: =IFERROR(I68/H68,0) -> 0 | V68: =IFERROR(SUM(H68+L68)/G68,0) -> 0
A69: Derron Alexander | E69: NY | F69: Dylan Alexander | U69: =IFERROR(I69/H69,0) -> 0 | V69: =IFERROR(SUM(H69+L69)/G69,0) -> 0
A70: Derron Alexander | E70: NY | F70: Kisha Darby | U70: =IFERROR(I70/H70,0) -> 0 | V70: =IFERROR(SUM(H70+L70)/G70,0) -> 0
A71: Derron Alexander | E71: NY | F71: Scott Harrison | U71: =IFERROR(I71/H71,0) -> 0 | V71: =IFERROR(SUM(H71+L71)/G71,0) -> 0
A72: Derron Alexander | E72: NY | F72: Michael Dolin | U72: =IFERROR(I72/H72,0) -> 0 | V72: =IFERROR(SUM(H72+L72)/G72,0) -> 0
A73: Derron Alexander | E73: NY | F73: Toel Jefferson | U73: =IFERROR(I73/H73,0) -> 0 | V73: =IFERROR(SUM(H73+L73)/G73,0) -> 0
A74: Derron Alexander | E74: NY | F74: Zev Bienenstock | U74: =IFERROR(I74/H74,0) -> 0 | V74: =IFERROR(SUM(H74+L74)/G74,0) -> 0
A75: Derron Alexander | E75: NY | F75: Julia Rodriguez | U75: =IFERROR(I75/H75,0) -> 0 | V75: =IFERROR(SUM(H75+L75)/G75,0) -> 0
A76: Derron Alexander | E76: NY | F76: Marie Cano | U76: =IFERROR(I76/H76,0) -> 0 | V76: =IFERROR(SUM(H76+L76)/G76,0) -> 0
A77: Derron Alexander | E77: NY | F77: Jordan McFarlane | U77: =IFERROR(I77/H77,0) -> 0 | V77: =IFERROR(SUM(H77+L77)/G77,0) -> 0
A78: MGA | B78: GA | C78: SA | E78: State | F78: Agent | G78: SETS | H78: SITS | I78: SALES | J78: OTS SITS | K78: OTS SALES | L78: N1 | M78: REF OBT | N78: REF SITS | O78: REF SALES | P78: POS SITS | Q78: POS SALES | R78: VETS SITS | S78: VET SALES | T78: ALP | U78: Close | V78: Show
A79: David Fulfer | D79: Y | E79: SC | F79: David Fulfer | U79: =IFERROR(I79/H79,0) -> 0 | V79: =IFERROR(SUM(H79+L79)/G79,0) -> 0
A80: David Fulfer | E80: MO | F80: William Benline | U80: =IFERROR(I80/H80,0) -> 0 | V80: =IFERROR(SUM(H80+L80)/G80,0) -> 0
A81: David Fulfer | C81: Ken Hermann | D81: Y | E81: TX | F81: Ken Hermann | G81: 0 | H81: 0 | I81: 0 | J81: 0 | K81: 0 | L81: 0 | M81: 0 | N81: 0 | O81: 0 | P81: 0 | Q81: 0 | R81: 0 | S81: 0 | T81: 0 | U81: =IFERROR(I81/H81,0) -> 0 | V81: =IFERROR(SUM(H81+L81)/G81,0) -> 0
A82: David Fulfer | C82: Annie Ransom | D82: Y | E82: OR | F82: Annie Ransom | U82: =IFERROR(I82/H82,0) -> 0 | V82: =IFERROR(SUM(H82+L82)/G82,0) -> 0
A83: David Fulfer | C83: Annie Ransom | E83: TX | F83: Caroline Sanazaro | G83: 0 | H83: 0 | I83: 0 | J83: 0 | K83: 0 | L83: 0 | M83: 0 | N83: 0 | O83: 0 | P83: 0 | Q83: 0 | R83: 0 | S83: 0 | T83: 0 | U83: =IFERROR(I83/H83,0) -> 0 | V83: =IFERROR(SUM(H83+L83)/G83,0) -> 0
A84: MGA | B84: GA | C84: SA | E84: State | F84: Agent | G84: SETS | H84: SITS | I84: SALES | J84: OTS SITS | K84: OTS SALES | L84: N1 | M84: REF OBT | N84: REF SITS | O84: REF SALES | P84: POS SITS | Q84: POS SALES | R84: VETS SITS | S84: VET SALES | T84: ALP | U84: Close | V84: Show
A85: Ashlynn Orng | D85: Y | E85: CA | F85: Ashlynn Orng | U85: =IFERROR(I85/H85,0) -> 0 | V85: =IFERROR(SUM(H85+L85)/G85,0) -> 0
A86: Ashlynn Orng | E86: TX | F86: O'Neil Mbakwe | U86: =IFERROR(I86/H86,0) -> 0 | V86: =IFERROR(SUM(H86+L86)/G86,0) -> 0
A87: Ashlynn Orng | E87: CA | F87: Hillary Tucker | U87: =IFERROR(I87/H87,0) -> 0 | V87: =IFERROR(SUM(H87+L87)/G87,0) -> 0
A88: Ashlynn Orng | E88: MO | F88: Alexa Legg | U88: =IFERROR(I88/H88,0) -> 0 | V88: =IFERROR(SUM(H88+L88)/G88,0) -> 0
A89: Ashlynn Orng | E89: IN | F89: Nataly Vargas | U89: =IFERROR(I89/H89,0) -> 0 | V89: =IFERROR(SUM(H89+L89)/G89,0) -> 0
A90: Ashlynn Orng | E90: CA | F90: Berlin Iwai | U90: =IFERROR(I90/H90,0) -> 0 | V90: =IFERROR(SUM(H90+L90)/G90,0) -> 0
A91: Ashlynn Orng | F91: Kendall Stowers | U91: =IFERROR(I91/H91,0) -> 0 | V91: =IFERROR(SUM(H91+L91)/G91,0) -> 0
A92: Ashlynn Orng | F92: Crystal Mekdarasack | U92: =IFERROR(I92/H92,0) -> 0 | V92: =IFERROR(SUM(H92+L92)/G92,0) -> 0
A93: Ashlynn Orng | F93: Brad Word | U93: =IFERROR(I93/H93,0) -> 0 | V93: =IFERROR(SUM(H93+L93)/G93,0) -> 0
A94: Ashlynn Orng | F94: Ivander Ambriz | U94: =IFERROR(I94/H94,0) -> 0 | V94: =IFERROR(SUM(H94+L94)/G94,0) -> 0
A95: Ashlynn Orng | F95: Michael Boyd | U95: =IFERROR(I95/H95,0) -> 0 | V95: =IFERROR(SUM(H95+L95)/G95,0) -> 0
A96: Ashlynn Orng | C96: Wendy Huber | D96: Y | E96: OR | F96: Wendy Huber | U96: =IFERROR(I96/H96,0) -> 0 | V96: =IFERROR(SUM(H96+L96)/G96,0) -> 0
A97: Ashlynn Orng | C97: Wendy Huber | E97: FL | F97: Alissa Charles | U97: =IFERROR(I97/H97,0) -> 0 | V97: =IFERROR(SUM(H97+L97)/G97,0) -> 0
A98: Ashlynn Orng | C98: Wendy Huber | E98: VA | F98: Tasheka Hill | U98: =IFERROR(I98/H98,0) -> 0 | V98: =IFERROR(SUM(H98+L98)/G98,0) -> 0
A99: Ashlynn Orng | C99: Wendy Huber | F99: Alissa Charles | U99: =IFERROR(I99/H99,0) -> 0 | V99: =IFERROR(SUM(H99+L99)/G99,0) -> 0
A100: Ashlynn Orng | C100: Bryanna Wagner | D100: Y | E100: WI | F100: Bryanna Wagner | U100: =IFERROR(I100/H100,0) -> 0 | V100: =IFERROR(SUM(H100+L100)/G100,0) -> 0
A101: Ashlynn Orng | C101: Bryanna Wagner | F101: Juan Ortega | U101: =IFERROR(I101/H101,0) -> 0 | V101: =IFERROR(SUM(H101+L101)/G101,0) -> 0
...

Sheet Sun
C1: ALP | E1: LEADERSHIP ALP | F1: Appts | G1: Pres | H1: Sales | I1: POS SITS | J1: POS SA | K1: VET SITS | L1: VET SA | M1: REF OBT | N1: REF SITS | O1: REF SA | P1: OTS SITS | Q1: OTS SA | R1: N1
B2: GOJCAJ RGA | C2: =SUM(C5,C20,C23,C26,C29,C32) -> 6312 | E2: =SUM(E5,E20,E23,E26,E29,E32) -> 0 | F2: =SUM(F5,F20,F23,F26,F29,F32) -> 14 | G2: =SUM(G5,G20,G23,G26,G29,G32) -> 12 | H2: =SUM(H5,H20,H23,H26,H29,H32) -> 4 | I2: =SUM(I5,I20,I23,I26,I29,I32) -> 0 | J2: =SUM(J5,J20,J23,J26,J29,J32) -> 0 | K2: =SUM(K5,K20,K23,K26,K29,K32) -> 1 | L2: =SUM(L5,L20,L23,L26,L29,L32) -> 1 | ... R2: =SUM(R5,R20,R23,R26,R29,R32) -> 1
C3: # of Agents | E3: ALP per sale | F3: Show Rate | G3: Close Ratio | H3: ALP/Agent | J3: POS Close | L3: VET Close | M3: REF Per Sit | O3: REF Close | Q3: OTS Close
C4: =SUM(C7,C25,C22,C28,C31,C34) -> 63 | E4: =IFERROR(C2/H2,0) -> 1578 | F4: =IFERROR((G2+R2)/F2,0) -> 0.92857143 | G4: =IFERROR(H2/G2,0) -> 0.33333333 | H4: =(C2/C4) -> 100.19048 | J4: =IFERROR(J2/I2,0) -> 0 | L4: =IFERROR(L2/K2,0) -> 1 | M4: =IFERROR(M2/G2,0) -> 3.5833333 | O4: =IFERROR(O2/N2,0) -> 0.3 | Q4: =IFERROR(Q2/P2,0) -> 0
B5: Joseph Gojcaj | C5: =SUMIF(A:A,B5,T:T) -> 0 | E5: =SUMIFS(T:T,A:A,B5,D:D,"Y") -> 0 | F5: =SUMIF(A:A,B5,G:G) -> 1 | G5: =SUMIF(A:A,B5,H:H) -> 0 | H5: =SUMIF(A:A,B5,I:I) -> 0 | I5: =SUMIF(A:A,B5,P:P) -> 0 | J5: =SUMIF(A:A,B5,Q:Q) -> 0 | K5: =SUMIF(A:A,B5,R:R) -> 0 | L5: =SUMIF(A:A,B5,S:S) -> 0 | M5: =SUMIF(A:A,B5,M:M) -> 0 | N5: =SUMIF(A:A,B5,N:N) -> 0 | O5: =SUMIF(A:A,B5,O:O) -> 0 | P5: =SUMIF(A:A,B5,J:J) -> 0 | Q5: =SUMIF(A:A,B5,K:K) -> 0 | R5: =SUMIF(A:A,B5,L:L) -> 1
C6: # of Agents | E6: ALP per sale | F6: Show Rate | G6: Close Ratio | H6: ALP/Agent | J6: POS Close | L6: VET Close | M6: REF Per Sit | O6: REF Close | Q6: OTS Close
C7: =COUNTIFS(A:A,B5) -> 24 | E7: =IFERROR(C5/H5,0) -> 0 | F7: =IFERROR((G5+R5)/F5,0) -> 1 | G7: =IFERROR(H5/G5,0) -> 0 | H7: =(C5/C7) -> 0 | J7: =IFERROR(J5/I5,0) -> 0 | L7: =IFERROR(L5/K5,0) -> 0 | M7: =IFERROR(M5/SUM(R5+G5,0),"") -> 0 | O7: =IFERROR(O5/N5,0) -> 0 | Q7: =IFERROR(Q5/P5,0) -> 0
B8: Jacob Brown | C8: =SUMIF(B:B,B8,T:T) -> 0 | E8: =SUMIFS(T:T,B:B,B8,D:D,"Y") -> 0 | F8: =SUMIF(B37:B1137,B8,G37:G1137) -> 1 | G8: =SUMIF(B37:B1137,B8,H37:H1137) -> 0 | H8: =SUMIF(B37:B1137,B8,I37:I1137) -> 0 | I8: =SUMIF(B37:B1137,B8,P37:P1137) -> 0 | J8: =SUMIF(B37:B1137,B8,Q37:Q1137) -> 0 | K8: =SUMIF(B37:B1137,B8,R37:R1137) -> 0 | L8: =SUMIF(B37:B1137,B8,S37:S1137) -> 0 | M8: =SUMIF(B37:B1137,B8,M37:M1137) -> 0 | N8: =SUMIF(B37:B1137,B8,N37:N1137) -> 0 | O8: =SUMIF(B37:B1137,B8,O37:O1137) -> 0 | P8: =SUMIF(B37:B1137,B8,J37:J1137) -> 0 | Q8: =SUMIF(B37:B1137,B8,K37:K1137) -> 0 | R8: =SUMIF(B37:B1137,B8,L37:L1137) -> 1
C9: # of Agents | E9: ALP per sale | F9: Show Rate | G9: Close Ratio | H9: ALP/Agent | J9: POS Close | L9: VET Close | M9: REF Per Sit | O9: REF Close | Q9: OTS Close
C10: =COUNTIFS(B37:B1137,B8) -> 5 | E10: =IFERROR(C8/H8,0) -> 0 | F10: =IFERROR((G8+R8)/F8,0) -> 1 | G10: =IFERROR(H8/G8,0) -> 0 | H10: =(C8/C10) -> 0 | J10: =IFERROR(J8/I8,0) -> 0 | L10: =IFERROR(L8/K8,0) -> 0 | M10: =IFERROR(M8/SUM(G8+R8,0),"") -> 0 | O10: =IFERROR(O8/N8,0) -> 0 | Q10: =IFERROR(Q8/P8,0) -> 0
B11: Edward Leon | C11: =SUMIF(B:B,B11,T:T) -> 0 | E11: =SUMIFS(T:T,B:B,B11,D:D,"Y") -> 0 | F11: =SUMIF(B39:B1137,B11,G39:G1137) -> 0 | G11: =SUMIF(B39:B1137,B11,H39:H1137) -> 0 | H11: =SUMIF(B39:B1137,B11,I39:I1137) -> 0 | I11: =SUMIF(B39:B1137,B11,P39:P1137) -> 0 | J11: =SUMIF(B39:B1137,B11,Q39:Q1137) -> 0 | K11: =SUMIF(B39:B1137,B11,R39:R1137) -> 0 | L11: =SUMIF(B39:B1137,B11,S39:S1137) -> 0 | M11: =SUMIF(B39:B1137,B11,M39:M1137) -> 0 | N11: =SUMIF(B39:B1137,B11,N39:N1137) -> 0 | O11: =SUMIF(B39:B1137,B11,O39:O1137) -> 0 | P11: =SUMIF(B39:B1137,B11,J39:J1137) -> 0 | Q11: =SUMIF(B39:B1137,B11,K39:K1137) -> 0 | R11: =SUMIF(B39:B1137,B11,L39:L1137) -> 0
C12: # of Agents | E12: ALP per sale | F12: Show Rate | G12: Close Ratio | H12: ALP/Agent | J12: POS Close | L12: VET Close | M12: REF Per Sit | O12: REF Close | Q12: OTS Close
C13: =COUNTIFS(B39:B1137,B11) -> 7 | E13: =IFERROR(C11/H11,0) -> 0 | F13: =IFERROR((G11+R11)/F11,0) -> 0 | G13: =IFERROR(H11/G11,0) -> 0 | H13: =(C11/C13) -> 0 | J13: =IFERROR(J11/I11,0) -> 0 | L13: =IFERROR(L11/K11,0) -> 0 | M13: =IFERROR(M11/SUM(R11+G11,0),"") | O13: =IFERROR(O11/N11,0) -> 0 | Q13: =IFERROR(Q11/P11,0) -> 0
B14: Melissa Elam | C14: =SUMIF(B:B,B14,T:T) -> 0 | E14: =SUMIFS(T:T,B:B,B14,D:D,"Y") -> 0 | F14: =SUMIF(B39:B1137,B14,G39:G1137) -> 0 | G14: =SUMIF(B39:B1137,B14,H39:H1137) -> 0 | H14: =SUMIF(B39:B1137,B14,I39:I1137) -> 0 | I14: =SUMIF(B39:B1137,B14,P39:P1137) -> 0 | J14: =SUMIF(B39:B1137,B14,Q39:Q1137) -> 0 | K14: =SUMIF(B39:B1137,B14,R39:R1137) -> 0 | L14: =SUMIF(B39:B1137,B14,S39:S1137) -> 0 | M14: =SUMIF(B39:B1137,B14,M39:M1137) -> 0 | N14: =SUMIF(B39:B1137,B14,N39:N1137) -> 0 | O14: =SUMIF(B39:B1137,B14,O39:O1137) -> 0 | P14: =SUMIF(B39:B1137,B14,J39:J1137) -> 0 | Q14: =SUMIF(B39:B1137,B14,K39:K1137) -> 0 | R14: =SUMIF(B39:B1137,B14,L39:L1137) -> 0
C15: # of Agents | E15: ALP per sale | F15: Show Rate | G15: Close Ratio | H15: ALP/Agent | J15: POS Close | L15: VET Close | M15: REF Per Sit | O15: REF Close | Q15: OTS Close
C16: =COUNTIFS(B39:B1137,B14) -> 7 | E16: =IFERROR(C14/H14,0) -> 0 | F16: =IFERROR((G14+R14)/F14,0) -> 0 | G16: =IFERROR(H14/G14,0) -> 0 | H16: =(C14/C16) -> 0 | J16: =IFERROR(J14/I14,0) -> 0 | L16: =IFERROR(L14/K14,0) -> 0 | M16: =IFERROR(M14/SUM(R14+G14,0),"") | O16: =IFERROR(O14/N14,0) -> 0 | Q16: =IFERROR(Q14/P14,0) -> 0
B17: Timothy Noe | C17: =SUMIF(B:B,B17,T:T) -> 0 | E17: =SUMIFS(T:T,B:B,B17,D:D,"Y") -> 0 | F17: =SUMIF(B44:B1137,B17,G44:G1137) -> 0 | G17: =SUMIF(B44:B1137,B17,H44:H1137) -> 0 | H17: =SUMIF(B44:B1137,B17,I44:I1137) -> 0 | I17: =SUMIF(B44:B1137,B17,P44:P1137) -> 0 | J17: =SUMIF(B44:B1137,B17,Q44:Q1137) -> 0 | K17: =SUMIF(B44:B1137,B17,R44:R1137) -> 0 | L17: =SUMIF(B44:B1137,B17,S44:S1137) -> 0 | M17: =SUMIF(B44:B1137,B17,M44:M1137) -> 0 | N17: =SUMIF(B44:B1137,B17,N44:N1137) -> 0 | O17: =SUMIF(B44:B1137,B17,O44:O1137) -> 0 | P17: =SUMIF(B44:B1137,B17,J44:J1137) -> 0 | Q17: =SUMIF(B44:B1137,B17,K44:K1137) -> 0 | R17: =SUMIF(B44:B1137,B17,L44:L1137) -> 0
C18: # of Agents | E18: ALP per sale | F18: Show Rate | G18: Close Ratio | H18: ALP/Agent | J18: POS Close | L18: VET Close | M18: REF Per Sit | O18: REF Close | Q18: OTS Close
C19: =COUNTIFS(B44:B1137,B17) -> 4 | E19: =IFERROR(C17/H17,0) -> 0 | F19: =IFERROR((G17+R17)/F17,0) -> 0 | G19: =IFERROR(H17/G17,0) -> 0 | H19: =(C17/C19) -> 0 | J19: =IFERROR(J17/I17,0) -> 0 | L19: =IFERROR(L17/K17,0) -> 0 | M19: =IFERROR(M17/SUM(R17+G17,0),"") | O19: =IFERROR(O17/N17,0) -> 0 | Q19: =IFERROR(Q17/P17,0) -> 0
B20: Javier Sandoval | C20: =SUMIF(A:A,B20,T:T) -> 0 | E20: =SUMIFS(T:T,A:A,B20,D:D,"Y") -> 0 | F20: =SUMIF(A:A,B20,G:G) -> 0 | G20: =SUMIF(A:A,B20,H:H) -> 0 | H20: =SUMIF(A:A,B20,I:I) -> 0 | I20: =SUMIF(A:A,B20,P:P) -> 0 | J20: =SUMIF(A:A,B20,Q:Q) -> 0 | K20: =SUMIF(A:A,B20,R:R) -> 0 | L20: =SUMIF(A:A,B20,S:S) -> 0 | M20: =SUMIF(A:A,B20,M:M) -> 0 | N20: =SUMIF(A:A,B20,N:N) -> 0 | O20: =SUMIF(A:A,B20,O:O) -> 0 | P20: =SUMIF(A:A,B20,J:J) -> 0 | Q20: =SUMIF(A:A,B20,K:K) -> 0 | R20: =SUMIF(A:A,B20,L:L) -> 0
C21: # of Agents | E21: ALP per sale | F21: Show Rate | G21: Close Ratio | H21: ALP/Agent | J21: POS Close | L21: VET Close | M21: REF Per Sit | O21: REF Close | Q21: OTS Close
C22: =COUNTIFS(A:A,B20) -> 5 | E22: =IFERROR(C20/H20,0) -> 0 | F22: =IFERROR((G20+R20)/F20,0) -> 0 | G22: =IFERROR(H20/G20,0) -> 0 | H22: =(C20/C22) -> 0 | J22: =IFERROR(J20/I20,0) -> 0 | L22: =IFERROR(L20/K20,0) -> 0 | M22: =IFERROR(M20/SUM(R20+G20,0),"") | O22: =IFERROR(O20/N20,0) -> 0 | Q22: =IFERROR(Q20/P20,0) -> 0
B23: Derron Alexander | C23: =SUMIF(A:A,B23,T:T) -> 0 | E23: =SUMIFS(T:T,A:A,B23,D:D,"Y") -> 0 | F23: =SUMIF(A:A,B23,G:G) -> 0 | G23: =SUMIF(A:A,B23,H:H) -> 0 | H23: =SUMIF(A:A,B23,I:I) -> 0 | I23: =SUMIF(A:A,B23,P:P) -> 0 | J23: =SUMIF(A:A,B23,Q:Q) -> 0 | K23: =SUMIF(A:A,B23,R:R) -> 0 | L23: =SUMIF(A:A,B23,S:S) -> 0 | M23: =SUMIF(A:A,B23,M:M) -> 0 | N23: =SUMIF(A:A,B23,N:N) -> 0 | O23: =SUMIF(A:A,B23,O:O) -> 0 | P23: =SUMIF(A:A,B23,J:J) -> 0 | Q23: =SUMIF(A:A,B23,K:K) -> 0 | R23: =SUMIF(A:A,B23,L:L) -> 0
C24: # of Agents | E24: ALP per sale | F24: Show Rate | G24: Close Ratio | H24: ALP/Agent | J24: POS Close | L24: VET Close | M24: REF Per Sit | O24: REF Close | Q24: OTS Close
C25: =COUNTIFS(A:A,B23) -> 10 | E25: =IFERROR(C23/H23,0) -> 0 | F25: =IFERROR((G23+R23)/F23,0) -> 0 | G25: =IFERROR(H23/G23,0) -> 0 | H25: =(C23/C25) -> 0 | J25: =IFERROR(J23/I23,0) -> 0 | L25: =IFERROR(L23/K23,0) -> 0 | M25: =IFERROR(M23/SUM(R23+G23,0),"") | O25: =IFERROR(O23/N23,0) -> 0 | Q25: =IFERROR(Q23/P23,0) -> 0
B26: David Fulfer | C26: =SUMIF(A:A,B26,T:T) -> 0 | E26: =SUMIFS(T:T,A:A,B26,D:D,"Y") -> 0 | F26: =SUMIF(A:A,B26,G:G) -> 1 | G26: =SUMIF(A:A,B26,H:H) -> 0 | H26: =SUMIF(A:A,B26,I:I) -> 0 | I26: =SUMIF(A:A,B26,P:P) -> 0 | J26: =SUMIF(A:A,B26,Q:Q) -> 0 | K26: =SUMIF(A:A,B26,R:R) -> 0 | L26: =SUMIF(A:A,B26,S:S) -> 0 | M26: =SUMIF(A:A,B26,M:M) -> 0 | N26: =SUMIF(A:A,B26,N:N) -> 0 | O26: =SUMIF(A:A,B26,O:O) -> 0 | P26: =SUMIF(A:A,B26,J:J) -> 0 | Q26: =SUMIF(A:A,B26,K:K) -> 0 | R26: =SUMIF(A:A,B26,L:L) -> 0
C27: # of Agents | E27: ALP per sale | F27: Show Rate | G27: Close Ratio | H27: ALP/Agent | J27: POS Close | L27: VET Close | M27: REF Per Sit | O27: REF Close | Q27: OTS Close
C28: =COUNTIFS(A:A,B26) -> 5 | E28: =IFERROR(C26/H26,0) -> 0 | F28: =IFERROR((G26+R26)/F26,0) -> 0 | G28: =IFERROR(H26/G26,0) -> 0 | H28: =(C26/C28) -> 0 | J28: =IFERROR(J26/I26,0) -> 0 | L28: =IFERROR(L26/K26,0) -> 0 | M28: =IFERROR(M26/SUM(R26+G26,0),"") | O28: =IFERROR(O26/N26,0) -> 0 | Q28: =IFERROR(Q26/P26,0) -> 0
B29: Ashlynn Orng | C29: =SUMIF(A:A,B29,T:T) -> 6312 | E29: =SUMIFS(T:T,A:A,B29,D:D,"Y") -> 0 | F29: =SUMIF(A:A,B29,G:G) -> 12 | G29: =SUMIF(A:A,B29,H:H) -> 12 | H29: =SUMIF(A:A,B29,I:I) -> 4 | I29: =SUMIF(A:A,B29,P:P) -> 0 | J29: =SUMIF(A:A,B29,Q:Q) -> 0 | K29: =SUMIF(A:A,B29,R:R) -> 1 | L29: =SUMIF(A:A,B29,S:S) -> 1 | M29: =SUMIF(A:A,B29,M:M) -> 43 | N29: =SUMIF(A:A,B29,N:N) -> 10 | O29: =SUMIF(A:A,B29,O:O) -> 3 | P29: =SUMIF(A:A,B29,J:J) -> 5 | Q29: =SUMIF(A:A,B29,K:K) -> 0 | R29: =SUMIF(A:A,B29,L:L) -> 0
C30: # of Agents | E30: ALP per sale | F30: Show Rate | G30: Close Ratio | H30: ALP/Agent | J30: POS Close | L30: VET Close | M30: REF Per Sit | O30: REF Close | Q30: OTS Close
C31: =COUNTIFS(A:A,B29) -> 17 | E31: =IFERROR(C29/H29,0) -> 1578 | F31: =IFERROR((G29+R29)/F29,0) -> 1 | G31: =IFERROR(H29/G29,0) -> 0.33333333 | H31: =(C29/C31) -> 371.29412 | J31: =IFERROR(J29/I29,0) -> 0 | L31: =IFERROR(L29/K29,0) -> 1 | M31: =IFERROR(M29/SUM(R29+G29,0),"") -> 3.5833333 | O31: =IFERROR(O29/N29,0) -> 0.3 | Q31: =IFERROR(Q29/P29,0) -> 0
B32: Kenneth Preston | C32: =SUMIF(A:A,B32,T:T) -> 0 | E32: =SUMIFS(T:T,A:A,B32,D:D,"Y") -> 0 | F32: =SUMIF(A:A,B32,G:G) -> 0 | G32: =SUMIF(A:A,B32,H:H) -> 0 | H32: =SUMIF(A:A,B32,I:I) -> 0 | I32: =SUMIF(A:A,B32,P:P) -> 0 | J32: =SUMIF(A:A,B32,Q:Q) -> 0 | K32: =SUMIF(A:A,B32,R:R) -> 0 | L32: =SUMIF(A:A,B32,S:S) -> 0 | M32: =SUMIF(A:A,B32,M:M) -> 0 | N32: =SUMIF(A:A,B32,N:N) -> 0 | O32: =SUMIF(A:A,B32,O:O) -> 0 | P32: =SUMIF(A:A,B32,J:J) -> 0 | Q32: =SUMIF(A:A,B32,K:K) -> 0 | R32: =SUMIF(A:A,B32,L:L) -> 0
C33: # of Agents | E33: ALP per sale | F33: Show Rate | G33: Close Ratio | H33: ALP/Agent | J33: POS Close | L33: VET Close | M33: REF Per Sit | O33: REF Close | Q33: OTS Close
C34: =COUNTIFS(A:A,B32) -> 2 | E34: =IFERROR(C32/H32,0) -> 0 | F34: =IFERROR((G32+R32)/F32,0) -> 0 | G34: =IFERROR(H32/G32,0) -> 0 | H34: =(C32/C34) -> 0 | J34: =IFERROR(J32/I32,0) -> 0 | L34: =IFERROR(L32/K32,0) -> 0 | M34: =IFERROR(M32/SUM(R32+G32,0),"") | O34: =IFERROR(O32/N32,0) -> 0 | Q34: =IFERROR(Q32/P32,0) -> 0
A36: MGA | B36: GA | C36: SA | E36: State | F36: Agent | G36: SETS | H36: SITS | I36: SALES | J36: OTS SITS | K36: OTS SALES | L36: N1 | M36: REF OBT | N36: REF SITS | O36: REF SALES | P36: POS SITS | Q36: POS SALES | R36: VETS SITS | S36: VET SALES | T36: ALP | U36: Close | V36: Show | W36: Code Date
A37: Joseph Gojcaj | D37: Y | E37: MI | F37: Joseph Gojcaj | U37: =IFERROR(I37/H37,0) -> 0 | V37: =IFERROR(SUM(H37+L37)/G37,0) -> 0
A38: Joseph Gojcaj | B38: Jacob Brown | D38: Y | E38: MI | F38: Jacob Brown | U38: =IFERROR(I38/H38,0) -> 0 | V38: =IFERROR(SUM(H38+L38)/G38,0) -> 0
A39: Joseph Gojcaj | B39: Jacob Brown | C39: Kristen Fox | D39: Y | E39: NC | F39: Kristen Fox | G39: 1 | H39: 0 | I39: 0 | J39: 0 | K39: 0 | L39: 1 | M39: 0 | N39: 0 | O39: 0 | P39: 0 | Q39: 0 | R39: 0 | S39: 0 | T39: 0 | U39: =IFERROR(I39/H39,0) -> 0 | V39: =IFERROR(SUM(H39+L39)/G39,0) -> 1
A40: Joseph Gojcaj | B40: Jacob Brown | C40: Kristen Fox | F40: Marci Dyer | G40: 0 | H40: 0 | I40: 0 | J40: 0 | K40: 0 | L40: 0 | M40: 0 | N40: 0 | O40: 0 | P40: 0 | Q40: 0 | R40: 0 | S40: 0 | T40: 0 | U40: =IFERROR(I40/H40,0) -> 0 | V40: =IFERROR(SUM(H40+L40)/G40,0) -> 0
A41: Joseph Gojcaj | B41: Jacob Brown | C41: Joylynn Harris | D41: Y | E41: CA | F41: Joylynn Harris | G41: 0 | H41: 0 | I41: 0 | J41: 0 | K41: 0 | L41: 0 | M41: 0 | N41: 0 | O41: 0 | P41: 0 | Q41: 0 | R41: 0 | S41: 0 | T41: 0 | U41: =IFERROR(I41/H41,0) -> 0 | V41: =IFERROR(SUM(H41+L41)/G41,0) -> 0
A42: Joseph Gojcaj | B42: Jacob Brown | C42: Joylynn Harris | E42: TX | F42: Shafay Sutton | G42: 0 | H42: 0 | I42: 0 | J42: 0 | K42: 0 | L42: 0 | M42: 0 | N42: 0 | O42: 0 | P42: 0 | Q42: 0 | R42: 0 | S42: 0 | T42: 0 | U42: =IFERROR(I42/H42,0) -> 0 | V42: =IFERROR(SUM(H42+L42)/G42,0) -> 0
A43: Joseph Gojcaj | B43: Edward Leon | D43: Y | E43: MI | F43: Eddie Leon | U43: =IFERROR(I43/H43,0) -> 0 | V43: =IFERROR(SUM(H43+L43)/G43,0) -> 0
A44: Joseph Gojcaj | B44: Edward Leon | E44: CA | F44: Rick Argote | G44: 0 | H44: 0 | I44: 0 | J44: 0 | K44: 0 | L44: 0 | M44: 0 | N44: 0 | O44: 0 | P44: 0 | Q44: 0 | R44: 0 | S44: 0 | T44: 0 | U44: =IFERROR(I44/H44,0) -> 0 | V44: =IFERROR(SUM(H44+L44)/G44,0) -> 0
A45: Joseph Gojcaj | B45: Edward Leon | E45: MI | F45: Julian Hyman | G45: 0 | H45: 0 | I45: 0 | J45: 0 | K45: 0 | L45: 0 | M45: 0 | N45: 0 | O45: 0 | P45: 0 | Q45: 0 | R45: 0 | S45: 0 | T45: 0 | U45: =IFERROR(I45/H45,0) -> 0 | V45: =IFERROR(SUM(H45+L45)/G45,0) -> 0
A46: Joseph Gojcaj | B46: Edward Leon | C46: Marcus Norton | D46: Y | E46: CO | F46: Marcus Norton | G46: 0 | H46: 0 | I46: 0 | J46: 0 | K46: 0 | L46: 0 | M46: 0 | N46: 0 | O46: 0 | P46: 0 | Q46: 0 | R46: 0 | S46: 0 | T46: 0 | U46: =IFERROR(I46/H46,0) -> 0 | V46: =IFERROR(SUM(H46+L46)/G46,0) -> 0
A47: Joseph Gojcaj | B47: Edward Leon | C47: Marcus Norton | F47: Kaliyah Pyles | G47: 0 | H47: 0 | I47: 0 | J47: 0 | K47: 0 | L47: 0 | M47: 0 | N47: 0 | O47: 0 | P47: 0 | Q47: 0 | R47: 0 | S47: 0 | T47: 0 | U47: =IFERROR(I47/H47,0) -> 0 | V47: =IFERROR(SUM(H47+L47)/G47,0) -> 0
A48: Joseph Gojcaj | B48: Edward Leon | C48: Marcus Norton | F48: M'Ellen Jackson | G48: 0 | H48: 0 | I48: 0 | J48: 0 | K48: 0 | L48: 0 | M48: 0 | N48: 0 | O48: 0 | P48: 0 | Q48: 0 | R48: 0 | S48: 0 | T48: 0 | U48: =IFERROR(I48/H48,0) -> 0 | V48: =IFERROR(SUM(H48+L48)/G48,0) -> 0
A49: Joseph Gojcaj | B49: Edward Leon | C49: Marcus Norton | F49: Ethan Lasley | G49: 0 | H49: 0 | I49: 0 | J49: 0 | K49: 0 | L49: 0 | M49: 0 | N49: 0 | O49: 0 | P49: 0 | Q49: 0 | R49: 0 | S49: 0 | T49: 0 | U49: =IFERROR(I49/H49,0) -> 0 | V49: =IFERROR(SUM(H49+L49)/G49,0) -> 0
A50: Joseph Gojcaj | B50: Melissa Elam | D50: Y | E50: MS | F50: Melissa Elam | G50: 0 | H50: 0 | I50: 0 | J50: 0 | K50: 0 | L50: 0 | M50: 0 | N50: 0 | O50: 0 | P50: 0 | Q50: 0 | R50: 0 | S50: 0 | T50: 0 | U50: =IFERROR(I50/H50,0) -> 0 | V50: =IFERROR(SUM(H50+L50)/G50,0) -> 0
A51: Joseph Gojcaj | B51: Melissa Elam | E51: TX | F51: Ronald Montoya | G51: 0 | H51: 0 | I51: 0 | J51: 0 | K51: 0 | L51: 0 | M51: 0 | N51: 0 | O51: 0 | P51: 0 | Q51: 0 | R51: 0 | S51: 0 | T51: 0 | U51: =IFERROR(I51/H51,0) -> 0 | V51: =IFERROR(SUM(H51+L51)/G51,0) -> 0
A52: Joseph Gojcaj | B52: Melissa Elam | E52: MS | F52: Nathan Fast | G52: 0 | H52: 0 | I52: 0 | J52: 0 | K52: 0 | L52: 0 | M52: 0 | N52: 0 | O52: 0 | P52: 0 | Q52: 0 | R52: 0 | S52: 0 | T52: 0 | U52: =IFERROR(I52/H52,0) -> 0 | V52: =IFERROR(SUM(H52+L52)/G52,0) -> 0
A53: Joseph Gojcaj | B53: Melissa Elam | C53: Danielle Loux | D53: Y | E53: MO | F53: Danielle Loux | U53: =IFERROR(I53/H53,0) -> 0 | V53: =IFERROR(SUM(H53+L53)/G53,0) -> 0
A54: Joseph Gojcaj | B54: Melissa Elam | C54: Danielle Loux | E54: TX | F54: Frances Gonzalez | U54: =IFERROR(I54/H54,0) -> 0 | V54: =IFERROR(SUM(H54+L54)/G54,0) -> 0
A55: Joseph Gojcaj | B55: Melissa Elam | C55: Danielle Loux | E55: TX | F55: Chistopher Jacko | U55: =IFERROR(I55/H55,0) -> 0 | V55: =IFERROR(SUM(H55+L55)/G55,0) -> 0
A56: Joseph Gojcaj | B56: Melissa Elam | C56: Danielle Loux | E56: TX | F56: Lacie Herring | U56: =IFERROR(I56/H56,0) -> 0 | V56: =IFERROR(SUM(H56+L56)/G56,0) -> 0
A57: Joseph Gojcaj | B57: Timothy Noe | D57: Y | E57: TN | F57: Timothy Noe | U57: =IFERROR(I57/H57,0) -> 0 | V57: =IFERROR(SUM(H57+L57)/G57,0) -> 0
A58: Joseph Gojcaj | B58: Timothy Noe | C58: Preston Opperman | D58: Y | E58: TN | F58: Preston Opperman | U58: =IFERROR(I58/H58,0) -> 0 | V58: =IFERROR(SUM(H58+L58)/G58,0) -> 0
A59: Joseph Gojcaj | B59: Timothy Noe | C59: Preston Opperman | E59: TN | F59: Bilal Abdullah | U59: =IFERROR(I59/H59,0) -> 0 | V59: =IFERROR(SUM(H59+L59)/G59,0) -> 0
A60: Joseph Gojcaj | B60: Timothy Noe | C60: Preston Opperman | E60: TN | F60: Kain White-Conley | U60: =IFERROR(I60/H60,0) -> 0 | V60: =IFERROR(SUM(H60+L60)/G60,0) -> 0
A61: MGA | B61: GA | C61: SA | E61: State | F61: Agent | G61: SETS | H61: SITS | I61: SALES | J61: OTS SITS | K61: OTS SALES | L61: N1 | M61: REF OBT | N61: REF SITS | O61: REF SALES | P61: POS SITS | Q61: POS SALES | R61: VETS SITS | S61: VET SALES | T61: ALP | U61: Close | V61: Show
A62: Javier Sandoval | D62: Y | E62: NH | F62: Javier Sandoval | U62: =IFERROR(I62/H62,0) -> 0 | V62: =IFERROR(SUM(H62+L62)/G62,0) -> 0
A63: Javier Sandoval | C63: Andre Alire | D63: Y | F63: Andre Alire | U63: =IFERROR(I63/H63,0) -> 0 | V63: =IFERROR(SUM(H63+L63)/G63,0) -> 0
