Workbook

Sheet Weekly Totals
C1: ALP | E1: LEADERSHIP ALP | F1: Appts | G1: Pres | H1: Sales | I1: POS SITS | J1: POS SA | K1: VET SITS | L1: VET SA | M1: REF OBT | N1: REF SITS | O1: REF SA | P1: OTS SITS | Q1: OTS SA | R1: N1
B2: GOJCAJ RGA | C2: =SUM(C5,C17,C20,C23,C26,C29) -> #REF! | E2: =SUM(E5,E17,E20,E23,E26,E29) -> 31015.96 | F2: =SUM(F5,F17,F20,F23,F26,F29) -> 102 | G2: =SUM(G5,G17,G20,G23,G26,G29) -> #REF! | H2: =SUM(H5,H17,H20,H23,H26,H29) -> #REF! | I2: =SUM(I5,I17,I20,I23,I26,I29) -> #REF! | J2: =SUM(J5,J17,J20,J23,J26,J29) -> #REF! | K2: =SUM(K5,K17,K20,K23,K26,K29) -> #REF! | L2: =SUM(L5,L17,L20,L23,L26,L29) -> #REF! | ... R2: =SUM(R5,R17,R20,R23,R26,R29) -> #REF!
C3: # of Agents | E3: ALP per sale | F3: Show Rate | G3: Close Ratio | H3: ALP/Agent | J3: POS Close | L3: VET Close | M3: REF Per Sit | O3: REF Close | Q3: OTS Close
C4: =SUM(C7,C22,C19,C25,C28,C31) -> 64 | E4: =IFERROR(C2/H2,0) -> 0 | F4: =IFERROR((G2+R2)/F2,0) -> 0 | G4: =IFERROR(H2/G2,0) -> 0 | H4: =(C2/C4) -> #REF! | J4: =IFERROR(J2/I2,0) -> 0 | L4: =IFERROR(L2/K2,0) -> 0 | M4: =IFERROR(M2/G2,0) -> 0 | O4: =IFERROR(O2/N2,0) -> 0 | Q4: =IFERROR(Q2/P2,0) -> 0
B5: Joseph Gojcaj | C5: =SUMIF(A:A,B5,T:T) -> 27865 | E5: =SUMIFS(T:T,A:A,B5,D:D,"Y") -> 23485 | F5: =SUMIF(A:A,B5,G:G) -> 60 | G5: =SUMIF(A:A,B5,H:H) -> 29 | H5: =SUMIF(A:A,B5,I:I) -> 18 | I5: =SUMIF(A:A,B5,P:P) -> 3 | J5: =SUMIF(A:A,B5,Q:Q) -> 1 | K5: =SUMIF(A:A,B5,R:R) -> 8 | L5: =SUMIF(A:A,B5,S:S) -> 4 | M5: =SUMIF(A:A,B5,M:M) -> 79 | N5: =SUMIF(A:A,B5,N:N) -> 18 | O5: =SUMIF(A:A,B5,O:O) -> 10 | P5: =SUMIF(A:A,B5,J:J) -> 16 | Q5: =SUMIF(A:A,B5,K:K) -> 12 | R5: =SUMIF(A:A,B5,L:L) -> 7
C6: # of Agents | E6: ALP per sale | F6: Show Rate | G6: Close Ratio | H6: ALP/Agent | J6: POS Close | L6: VET Close | M6: REF Per Sit | O6: REF Close | Q6: OTS Close
C7: =COUNTIFS(A:A,B5) -> 29 | E7: =IFERROR(C5/H5,0) -> 1548.0556 | F7: =IFERROR((G5+R5)/F5,0) -> 0.6 | G7: =IFERROR(H5/G5,0) -> 0.62068966 | H7: =(C5/C7) -> 960.86207 | J7: =IFERROR(J5/I5,0) -> 0.33333333 | L7: =IFERROR(L5/K5,0) -> 0.5 | M7: =IFERROR(M5/SUM(R5+G5,0),"") -> 2.1944444 | O7: =IFERROR(O5/N5,0) -> 0.55555556 | Q7: =IFERROR(Q5/P5,0) -> 0.75
B8: Edward Leon | C8: =SUMIF(B:B,B8,T:T) -> 8108 | E8: =SUMIFS(T:T,B:B,B8,D:D,"Y") -> 6408 | F8: =SUMIF(B28:B1082,B8,G28:G1082) -> 6 | G8: =SUMIF(B28:B1082,B8,H28:H1082) -> 6 | H8: =SUMIF(B28:B1082,B8,I28:I1082) -> 2 | I8: =SUMIF(B28:B1082,B8,P28:P1082) -> 0 | J8: =SUMIF(B28:B1082,B8,Q28:Q1082) -> 0 | K8: =SUMIF(B28:B1082,B8,R28:R1082) -> 2 | L8: =SUMIF(B28:B1082,B8,S28:S1082) -> 1 | M8: =SUMIF(B28:B1082,B8,M28:M1082) -> 23 | N8: =SUMIF(B28:B1082,B8,N28:N1082) -> 3 | O8: =SUMIF(B28:B1082,B8,O28:O1082) -> 1 | P8: =SUMIF(B28:B1082,B8,J28:J1082) -> 1 | Q8: =SUMIF(B28:B1082,B8,K28:K1082) -> 1 | R8: =SUMIF(B28:B1082,B8,L28:L1082) -> 1
C9: # of Agents | E9: ALP per sale | F9: Show Rate | G9: Close Ratio | H9: ALP/Agent | J9: POS Close | L9: VET Close | M9: REF Per Sit | O9: REF Close | Q9: OTS Close
C10: =COUNTIFS(B35:B1082,B8) -> 8 | E10: =IFERROR(C8/H8,0) -> 4054 | F10: =IFERROR((G8+R8)/F8,0) -> 1.1666667 | G10: =IFERROR(H8/G8,0) -> 0.33333333 | H10: =(C8/C10) -> 1013.5 | J10: =IFERROR(J8/I8,0) -> 0 | L10: =IFERROR(L8/K8,0) -> 0.5 | M10: =IFERROR(M8/SUM(R8+G8,0),"") -> 3.2857143 | O10: =IFERROR(O8/N8,0) -> 0.33333333 | Q10: =IFERROR(Q8/P8,0) -> 1
B11: Timothy Noe | C11: =SUMIF(B:B,B11,T:T) -> 5917 | E11: =SUMIFS(T:T,B:B,B11,D:D,"Y") -> 4836 | F11: =SUMIF(B31:B1082,B11,G31:G1082) -> 22 | G11: =SUMIF(B31:B1082,B11,H31:H1082) -> 10 | H11: =SUMIF(B31:B1082,B11,I31:I1082) -> 7 | I11: =SUMIF(B31:B1082,B11,P31:P1082) -> 3 | J11: =SUMIF(B31:B1082,B11,Q31:Q1082) -> 1 | K11: =SUMIF(B31:B1082,B11,R31:R1082) -> 0 | L11: =SUMIF(B31:B1082,B11,S31:S1082) -> 0 | M11: =SUMIF(B31:B1082,B11,M31:M1082) -> 10 | N11: =SUMIF(B31:B1082,B11,N31:N1082) -> 9 | O11: =SUMIF(B31:B1082,B11,O31:O1082) -> 6 | P11: =SUMIF(B31:B1082,B11,J31:J1082) -> 6 | Q11: =SUMIF(B31:B1082,B11,K31:K1082) -> 5 | R11: =SUMIF(B31:B1082,B11,L31:L1082) -> 1
C12: # of Agents | E12: ALP per sale | F12: Show Rate | G12: Close Ratio | H12: ALP/Agent | J12: POS Close | L12: VET Close | M12: REF Per Sit | O12: REF Close | Q12: OTS Close
C13: =COUNTIFS(B36:B1082,B11) -> 4 | E13: =IFERROR(C11/H11,0) -> 845.28571 | F13: =IFERROR((G11+R11)/F11,0) -> 0.5 | G13: =IFERROR(H11/G11,0) -> 0.7 | H13: =(C11/C13) -> 1479.25 | J13: =IFERROR(J11/I11,0) -> 0.33333333 | L13: =IFERROR(L11/K11,0) -> 0 | M13: =IFERROR(M11/SUM(R11+G11,0),"") -> 0.90909091 | O13: =IFERROR(O11/N11,0) -> 0.66666667 | Q13: =IFERROR(Q11/P11,0) -> 0.83333333
B14: Javier Sandoval | C14: =SUMIF(B:B,B14,T:T) -> 13840 | E14: =SUMIFS(T:T,B:B,B14,D:D,"Y") -> 12241 | F14: =SUMIF(B34:B1082,B14,G34:G1082) -> 32 | G14: =SUMIF(B34:B1082,B14,H34:H1082) -> 13 | H14: =SUMIF(B34:B1082,B14,I34:I1082) -> 9 | I14: =SUMIF(B34:B1082,B14,P34:P1082) -> 0 | J14: =SUMIF(B34:B1082,B14,Q34:Q1082) -> 0 | K14: =SUMIF(B34:B1082,B14,R34:R1082) -> 6 | L14: =SUMIF(B34:B1082,B14,S34:S1082) -> 3 | M14: =SUMIF(B34:B1082,B14,M34:M1082) -> 46 | N14: =SUMIF(B34:B1082,B14,N34:N1082) -> 6 | O14: =SUMIF(B34:B1082,B14,O34:O1082) -> 3 | P14: =SUMIF(B34:B1082,B14,J34:J1082) -> 9 | Q14: =SUMIF(B34:B1082,B14,K34:K1082) -> 6 | R14: =SUMIF(B34:B1082,B14,L34:L1082) -> 5
C15: # of Agents | E15: ALP per sale | F15: Show Rate | G15: Close Ratio | H15: ALP/Agent | J15: POS Close | L15: VET Close | M15: REF Per Sit | O15: REF Close | Q15: OTS Close
C16: =COUNTIFS(B34:B1082,B14) -> 16 | E16: =IFERROR(C14/H14,0) -> 1537.7778 | F16: =IFERROR((G14+R14)/F14,0) -> 0.5625 | G16: =IFERROR(H14/G14,0) -> 0.69230769 | H16: =(C14/C16) -> 865 | J16: =IFERROR(J14/I14,0) -> 0 | L16: =IFERROR(L14/K14,0) -> 0.5 | M16: =IFERROR(M14/SUM(G14+R14,0),"") -> 2.5555556 | O16: =IFERROR(O14/N14,0) -> 0.5 | Q16: =IFERROR(Q14/P14,0) -> 0.66666667
B17: Jacob Brown | C17: =SUMIF(A:A,B17,T:T) -> #REF! | E17: =SUMIFS(T:T,A:A,B17,D:D,"Y") -> 0 | F17: =SUMIF(A:A,B17,G:G) -> 7 | G17: =SUMIF(A:A,B17,H:H) -> #REF! | H17: =SUMIF(A:A,B17,I:I) -> #REF! | I17: =SUMIF(A:A,B17,P:P) -> #REF! | J17: =SUMIF(A:A,B17,Q:Q) -> #REF! | K17: =SUMIF(A:A,B17,R:R) -> #REF! | L17: =SUMIF(A:A,B17,S:S) -> #REF! | M17: =SUMIF(A:A,B17,M:M) -> #REF! | N17: =SUMIF(A:A,B17,N:N) -> #REF! | O17: =SUMIF(A:A,B17,O:O) -> #REF! | P17: =SUMIF(A:A,B17,J:J) -> #REF! | Q17: =SUMIF(A:A,B17,K:K) -> #REF! | R17: =SUMIF(A:A,B17,L:L) -> #REF!
C18: # of Agents | E18: ALP per sale | F18: Show Rate | G18: Close Ratio | H18: ALP/Agent | J18: POS Close | L18: VET Close | M18: REF Per Sit | O18: REF Close | Q18: OTS Close
C19: =COUNTIFS(A:A,B17) -> 6 | E19: =IFERROR(C17/H17,0) -> 0 | F19: =IFERROR((G17+R17)/F17,0) -> 0 | G19: =IFERROR(H17/G17,0) -> 0 | H19: =(C17/C19) -> #REF! | J19: =IFERROR(J17/I17,0) -> 0 | L19: =IFERROR(L17/K17,0) -> 0 | M19: =IFERROR(M17/SUM(R17+G17,0),"") | O19: =IFERROR(O17/N17,0) -> 0 | Q19: =IFERROR(Q17/P17,0) -> 0
B20: Derron Alexander | C20: =SUMIF(A:A,B20,T:T) -> 2100 | E20: =SUMIFS(T:T,A:A,B20,D:D,"Y") -> 0 | F20: =SUMIF(A:A,B20,G:G) -> 1 | G20: =SUMIF(A:A,B20,H:H) -> 1 | H20: =SUMIF(A:A,B20,I:I) -> 1 | I20: =SUMIF(A:A,B20,P:P) -> 0 | J20: =SUMIF(A:A,B20,Q:Q) -> 0 | K20: =SUMIF(A:A,B20,R:R) -> 1 | L20: =SUMIF(A:A,B20,S:S) -> 1 | M20: =SUMIF(A:A,B20,M:M) -> 0 | N20: =SUMIF(A:A,B20,N:N) -> 0 | O20: =SUMIF(A:A,B20,O:O) -> 0 | P20: =SUMIF(A:A,B20,J:J) -> 1 | Q20: =SUMIF(A:A,B20,K:K) -> 1 | R20: =SUMIF(A:A,B20,L:L) -> 1
C21: # of Agents | E21: ALP per sale | F21: Show Rate | G21: Close Ratio | H21: ALP/Agent | J21: POS Close | L21: VET Close | M21: REF Per Sit | O21: REF Close | Q21: OTS Close
C22: =COUNTIFS(A:A,B20) -> 9 | E22: =IFERROR(C20/H20,0) -> 2100 | F22: =IFERROR((G20+R20)/F20,0) -> 2 | G22: =IFERROR(H20/G20,0) -> 1 | H22: =(C20/C22) -> 233.33333 | J22: =IFERROR(J20/I20,0) -> 0 | L22: =IFERROR(L20/K20,0) -> 1 | M22: =IFERROR(M20/SUM(R20+G20,0),"") -> 0 | O22: =IFERROR(O20/N20,0) -> 0 | Q22: =IFERROR(Q20/P20,0) -> 1
B23: David Fulfer | C23: =SUMIF(A:A,B23,T:T) -> 1262.76 | E23: =SUMIFS(T:T,A:A,B23,D:D,"Y") -> 1262.76 | F23: =SUMIF(A:A,B23,G:G) -> 3 | G23: =SUMIF(A:A,B23,H:H) -> 4 | H23: =SUMIF(A:A,B23,I:I) -> 1 | I23: =SUMIF(A:A,B23,P:P) -> 0 | J23: =SUMIF(A:A,B23,Q:Q) -> 0 | K23: =SUMIF(A:A,B23,R:R) -> 3 | L23: =SUMIF(A:A,B23,S:S) -> 1 | M23: =SUMIF(A:A,B23,M:M) -> 17 | N23: =SUMIF(A:A,B23,N:N) -> 2 | O23: =SUMIF(A:A,B23,O:O) -> 1 | P23: =SUMIF(A:A,B23,J:J) -> 3 | Q23: =SUMIF(A:A,B23,K:K) -> 1 | R23: =SUMIF(A:A,B23,L:L) -> 1
C24: # of Agents | E24: ALP per sale | F24: Show Rate | G24: Close Ratio | H24: ALP/Agent | J24: POS Close | L24: VET Close | M24: REF Per Sit | O24: REF Close | Q24: OTS Close
C25: =COUNTIFS(A:A,B23) -> 7 | E25: =IFERROR(C23/H23,0) -> 1262.76 | F25: =IFERROR((G23+R23)/F23,0) -> 1.6666667 | G25: =IFERROR(H23/G23,0) -> 0.25 | H25: =(C23/C25) -> 180.39429 | J25: =IFERROR(J23/I23,0) -> 0 | L25: =IFERROR(L23/K23,0) -> 0.33333333 | M25: =IFERROR(M23/SUM(R23+G23,0),"") -> 3.4 | O25: =IFERROR(O23/N23,0) -> 0.5 | Q25: =IFERROR(Q23/P23,0) -> 0.33333333
B26: Ashlynn Orng | C26: =SUMIF(A:A,B26,T:T) -> 11023.2 | E26: =SUMIFS(T:T,A:A,B26,D:D,"Y") -> 6268.2 | F26: =SUMIF(A:A,B26,G:G) -> 31 | G26: =SUMIF(A:A,B26,H:H) -> 27 | H26: =SUMIF(A:A,B26,I:I) -> #VALUE! | I26: =SUMIF(A:A,B26,P:P) -> 1 | J26: =SUMIF(A:A,B26,Q:Q) -> #REF! | K26: =SUMIF(A:A,B26,R:R) -> 5 | L26: =SUMIF(A:A,B26,S:S) -> 2 | M26: =SUMIF(A:A,B26,M:M) -> 88 | N26: =SUMIF(A:A,B26,N:N) -> 20 | O26: =SUMIF(A:A,B26,O:O) -> 6 | P26: =SUMIF(A:A,B26,J:J) -> 0 | Q26: =SUMIF(A:A,B26,K:K) -> 0 | R26: =SUMIF(A:A,B26,L:L) -> 0
C27: # of Agents | E27: ALP per sale | F27: Show Rate | G27: Close Ratio | H27: ALP/Agent | J27: POS Close | L27: VET Close | M27: REF Per Sit | O27: REF Close | Q27: OTS Close
C28: =COUNTIFS(A:A,B26) -> 11 | E28: =IFERROR(C26/H26,0) -> 0 | F28: =IFERROR((G26+R26)/F26,0) -> 0.87096774 | G28: =IFERROR(H26/G26,0) -> 0 | H28: =(C26/C28) -> 1002.1091 | J28: =IFERROR(J26/I26,0) -> 0 | L28: =IFERROR(L26/K26,0) -> 0.4 | M28: =IFERROR(M26/SUM(R26+G26,0),"") -> 3.2592593 | O28: =IFERROR(O26/N26,0) -> 0.3 | Q28: =IFERROR(Q26/P26,0) -> 0
B29: Kenneth Preston | C29: =SUMIF(A:A,B29,T:T) -> 0 | E29: =SUMIFS(T:T,A:A,B29,D:D,"Y") -> 0 | F29: =SUMIF(A:A,B29,G:G) -> 0 | G29: =SUMIF(A:A,B29,H:H) -> 0 | H29: =SUMIF(A:A,B29,I:I) -> 0 | I29: =SUMIF(A:A,B29,P:P) -> 0 | J29: =SUMIF(A:A,B29,Q:Q) -> 0 | K29: =SUMIF(A:A,B29,R:R) -> 0 | L29: =SUMIF(A:A,B29,S:S) -> 0 | M29: =SUMIF(A:A,B29,M:M) -> 0 | N29: =SUMIF(A:A,B29,N:N) -> 0 | O29: =SUMIF(A:A,B29,O:O) -> 0 | P29: =SUMIF(A:A,B29,J:J) -> 0 | Q29: =SUMIF(A:A,B29,K:K) -> 0 | R29: =SUMIF(A:A,B29,L:L) -> 0
C30: # of Agents | E30: ALP per sale | F30: Show Rate | G30: Close Ratio | H30: ALP/Agent | J30: POS Close | L30: VET Close | M30: REF Per Sit | O30: REF Close | Q30: OTS Close
C31: =COUNTIFS(A:A,B29) -> 2 | E31: =IFERROR(C29/H29,0) -> 0 | F31: =IFERROR((G29+R29)/F29,0) -> 0 | G31: =IFERROR(H29/G29,0) -> 0 | H31: =(C29/C31) -> 0 | J31: =IFERROR(J29/I29,0) -> 0 | L31: =IFERROR(L29/K29,0) -> 0 | M31: =IFERROR(M29/SUM(R29+G29,0),"") | O31: =IFERROR(O29/N29,0) -> 0 | Q31: =IFERROR(Q29/P29,0) -> 0
A33: MGA | B33: GA | C33: SA | E33: State | F33: Agent | G33: SETS | H33: SITS | I33: SALES | J33: OTS SITS | K33: OTS SALES | L33: N1 | M33: REF OBT | N33: REF SITS | O33: REF SALES | P33: POS SITS | Q33: POS SALES | R33: VETS SITS | S33: VET SALES | T33: ALP | U33: Close | V33: Show | W33: Code Date
A34: Joseph Gojcaj | D34: Y | E34: MI | F34: Joseph Gojcaj | G34: =('Thurs (2)'!G34+Thurs!G34+'Tues '!G34+Wed!G34+Fri!G34+'Mon '!G34+'Wed (2)'!G34+Sun!G34+Sat!G34) -> 0 | H34: =('Thurs (2)'!H34+Thurs!H34+'Tues '!H34+Wed!H34+Fri!H34+'Mon '!H34+'Wed (2)'!H34+Sun!H34+Sat!H34) -> 0 | I34: =('Thurs (2)'!I34+Thurs!I34+'Tues '!I34+Wed!I34+Fri!I34+'Mon '!I34+'Wed (2)'!I34+Sun!I34+Sat!I34) -> 0 | J34: =('Thurs (2)'!J34+Thurs!J34+'Tues '!J34+Wed!J34+Fri!J34+'Mon '!J34+'Wed (2)'!J34+Sun!J34+Sat!J34) -> 0 | K34: =('Thurs (2)'!K34+Thurs!K34+'Tues '!K34+Wed!K34+Fri!K34+'Mon '!K34+'Wed (2)'!K34+Sun!K34+Sat!K34) -> 0 | L34: =('Thurs (2)'!L34+Thurs!L34+'Tues '!L34+Wed!L34+Fri!L34+'Mon '!L34+'Wed (2)'!L34+Sun!L34+Sat!L34) -> 0 | M34: =('Thurs (2)'!M34+Thurs!M34+'Tues '!M34+Wed!M34+Fri!M34+'Mon '!M34+'Wed (2)'!M34+Sun!M34+Sat!M34) -> 0 | N34: =('Thurs (2)'!N34+Thurs!N34+'Tues '!N34+Wed!N34+Fri!N34+'Mon '!N34+'Wed (2)'!N34+Sun!N34+Sat!N34) -> 0 | ... T34: =('Thurs (2)'!T34+Thurs!T34+'Tues '!T34+Wed!T34+Fri!T34+'Mon '!T34+'Wed (2)'!T34+Sun!T34+Sat!T34) -> 0 | U34: =IFERROR(I34/H34,0) -> 0 | V34: =IFERROR(SUM(H34+L34)/G34,0) -> 0
A35: Joseph Gojcaj | B35: Edward Leon | D35: Y | E35: MI | F35: Eddie Leon | G35: =('Thurs (2)'!G35+Thurs!G35+'Tues '!G35+Wed!G35+Fri!G35+'Mon '!G35+'Wed (2)'!G35+Sun!G35+Sat!G35) -> 0 | H35: =('Thurs (2)'!H35+Thurs!H35+'Tues '!H35+Wed!H35+Fri!H35+'Mon '!H35+'Wed (2)'!H35+Sun!H35+Sat!H35) -> 0 | I35: =('Thurs (2)'!I35+Thurs!I35+'Tues '!I35+Wed!I35+Fri!I35+'Mon '!I35+'Wed (2)'!I35+Sun!I35+Sat!I35) -> 0 | J35: =('Thurs (2)'!J35+Thurs!J35+'Tues '!J35+Wed!J35+Fri!J35+'Mon '!J35+'Wed (2)'!J35+Sun!J35+Sat!J35) -> 0 | K35: =('Thurs (2)'!K35+Thurs!K35+'Tues '!K35+Wed!K35+Fri!K35+'Mon '!K35+'Wed (2)'!K35+Sun!K35+Sat!K35) -> 0 | L35: =('Thurs (2)'!L35+Thurs!L35+'Tues '!L35+Wed!L35+Fri!L35+'Mon '!L35+'Wed (2)'!L35+Sun!L35+Sat!L35) -> 0 | M35: =('Thurs (2)'!M35+Thurs!M35+'Tues '!M35+Wed!M35+Fri!M35+'Mon '!M35+'Wed (2)'!M35+Sun!M35+Sat!M35) -> 0 | N35: =('Thurs (2)'!N35+Thurs!N35+'Tues '!N35+Wed!N35+Fri!N35+'Mon '!N35+'Wed (2)'!N35+Sun!N35+Sat!N35) -> 0 | ... T35: =('Thurs (2)'!T35+Thurs!T35+'Tues '!T35+Wed!T35+Fri!T35+'Mon '!T35+'Wed (2)'!T35+Sun!T35+Sat!T35) -> 0 | U35: =IFERROR(I35/H35,0) -> 0 | V35: =IFERROR(SUM(H35+L35)/G35,0) -> 0
A36: Joseph Gojcaj | B36: Edward Leon | E36: CA | F36: Rick Argote | G36: =('Thurs (2)'!G36+Thurs!G36+'Tues '!G36+Wed!G36+Fri!G36+'Mon '!G36+'Wed (2)'!G36+Sun!G36+Sat!G36) -> 0 | H36: =('Thurs (2)'!H36+Thurs!H36+'Tues '!H36+Wed!H36+Fri!H36+'Mon '!H36+'Wed (2)'!H36+Sun!H36+Sat!H36) -> 0 | I36: =('Thurs (2)'!I36+Thurs!I36+'Tues '!I36+Wed!I36+Fri!I36+'Mon '!I36+'Wed (2)'!I36+Sun!I36+Sat!I36) -> 0 | J36: =('Thurs (2)'!J36+Thurs!J36+'Tues '!J36+Wed!J36+Fri!J36+'Mon '!J36+'Wed (2)'!J36+Sun!J36+Sat!J36) -> 0 | K36: =('Thurs (2)'!K36+Thurs!K36+'Tues '!K36+Wed!K36+Fri!K36+'Mon '!K36+'Wed (2)'!K36+Sun!K36+Sat!K36) -> 0 | L36: =('Thurs (2)'!L36+Thurs!L36+'Tues '!L36+Wed!L36+Fri!L36+'Mon '!L36+'Wed (2)'!L36+Sun!L36+Sat!L36) -> 0 | M36: =('Thurs (2)'!M36+Thurs!M36+'Tues '!M36+Wed!M36+Fri!M36+'Mon '!M36+'Wed (2)'!M36+Sun!M36+Sat!M36) -> 0 | N36: =('Thurs (2)'!N36+Thurs!N36+'Tues '!N36+Wed!N36+Fri!N36+'Mon '!N36+'Wed (2)'!N36+Sun!N36+Sat!N36) -> 0 | ... T36: =('Thurs (2)'!T36+Thurs!T36+'Tues '!T36+Wed!T36+Fri!T36+'Mon '!T36+'Wed (2)'!T36+Sun!T36+Sat!T36) -> 0 | U36: =IFERROR(I36/H36,0) -> 0 | V36: =IFERROR(SUM(H36+L36)/G36,0) -> 0
A37: Joseph Gojcaj | B37: Edward Leon | C37: Julian Hyman | D37: Y | E37: MI | F37: Julian Hyman | G37: =('Thurs (2)'!G37+Thurs!G37+'Tues '!G37+Wed!G37+Fri!G37+'Mon '!G37+'Wed (2)'!G37+Sun!G37+Sat!G37) -> 0 | H37: =('Thurs (2)'!H37+Thurs!H37+'Tues '!H37+Wed!H37+Fri!H37+'Mon '!H37+'Wed (2)'!H37+Sun!H37+Sat!H37) -> 1 | I37: =('Thurs (2)'!I37+Thurs!I37+'Tues '!I37+Wed!I37+Fri!I37+'Mon '!I37+'Wed (2)'!I37+Sun!I37+Sat!I37) -> 1 | J37: =('Thurs (2)'!J37+Thurs!J37+'Tues '!J37+Wed!J37+Fri!J37+'Mon '!J37+'Wed (2)'!J37+Sun!J37+Sat!J37) -> 1 | K37: =('Thurs (2)'!K37+Thurs!K37+'Tues '!K37+Wed!K37+Fri!K37+'Mon '!K37+'Wed (2)'!K37+Sun!K37+Sat!K37) -> 1 | L37: =('Thurs (2)'!L37+Thurs!L37+'Tues '!L37+Wed!L37+Fri!L37+'Mon '!L37+'Wed (2)'!L37+Sun!L37+Sat!L37) -> 0 | M37: =('Thurs (2)'!M37+Thurs!M37+'Tues '!M37+Wed!M37+Fri!M37+'Mon '!M37+'Wed (2)'!M37+Sun!M37+Sat!M37) -> 7 | N37: =('Thurs (2)'!N37+Thurs!N37+'Tues '!N37+Wed!N37+Fri!N37+'Mon '!N37+'Wed (2)'!N37+Sun!N37+Sat!N37) -> 0 | ... T37: =('Thurs (2)'!T37+Thurs!T37+'Tues '!T37+Wed!T37+Fri!T37+'Mon '!T37+'Wed (2)'!T37+Sun!T37+Sat!T37) -> 6408 | U37: =IFERROR(I37/H37,0) -> 1 | V37: =IFERROR(SUM(H37+L37)/G37,0) -> 0
A38: Joseph Gojcaj | B38: Edward Leon | C38: Julian Hyman | F38: Kaliyah Pyles | G38: =('Thurs (2)'!G38+Thurs!G38+'Tues '!G38+Wed!G38+Fri!G38+'Mon '!G38+'Wed (2)'!G38+Sun!G38+Sat!G38) -> 5 | H38: =('Thurs (2)'!H38+Thurs!H38+'Tues '!H38+Wed!H38+Fri!H38+'Mon '!H38+'Wed (2)'!H38+Sun!H38+Sat!H38) -> 4 | I38: =('Thurs (2)'!I38+Thurs!I38+'Tues '!I38+Wed!I38+Fri!I38+'Mon '!I38+'Wed (2)'!I38+Sun!I38+Sat!I38) -> 1 | J38: =('Thurs (2)'!J38+Thurs!J38+'Tues '!J38+Wed!J38+Fri!J38+'Mon '!J38+'Wed (2)'!J38+Sun!J38+Sat!J38) -> 0 | K38: =('Thurs (2)'!K38+Thurs!K38+'Tues '!K38+Wed!K38+Fri!K38+'Mon '!K38+'Wed (2)'!K38+Sun!K38+Sat!K38) -> 0 | L38: =('Thurs (2)'!L38+Thurs!L38+'Tues '!L38+Wed!L38+Fri!L38+'Mon '!L38+'Wed (2)'!L38+Sun!L38+Sat!L38) -> 1 | M38: =('Thurs (2)'!M38+Thurs!M38+'Tues '!M38+Wed!M38+Fri!M38+'Mon '!M38+'Wed (2)'!M38+Sun!M38+Sat!M38) -> 16 | N38: =('Thurs (2)'!N38+Thurs!N38+'Tues '!N38+Wed!N38+Fri!N38+'Mon '!N38+'Wed (2)'!N38+Sun!N38+Sat!N38) -> 3 | ... T38: =('Thurs (2)'!T38+Thurs!T38+'Tues '!T38+Wed!T38+Fri!T38+'Mon '!T38+'Wed (2)'!T38+Sun!T38+Sat!T38) -> 1700 | U38: =IFERROR(I38/H38,0) -> 0.25 | V38: =IFERROR(SUM(H38+L38)/G38,0) -> 1
A39: Joseph Gojcaj | B39: Edward Leon | C39: Julian Hyman | F39: Ethan Lasley | G39: =('Thurs (2)'!G39+Thurs!G39+'Tues '!G39+Wed!G39+Fri!G39+'Mon '!G39+'Wed (2)'!G39+Sun!G39+Sat!G39) -> 0 | H39: =('Thurs (2)'!H39+Thurs!H39+'Tues '!H39+Wed!H39+Fri!H39+'Mon '!H39+'Wed (2)'!H39+Sun!H39+Sat!H39) -> 0 | I39: =('Thurs (2)'!I39+Thurs!I39+'Tues '!I39+Wed!I39+Fri!I39+'Mon '!I39+'Wed (2)'!I39+Sun!I39+Sat!I39) -> 0 | J39: =('Thurs (2)'!J39+Thurs!J39+'Tues '!J39+Wed!J39+Fri!J39+'Mon '!J39+'Wed (2)'!J39+Sun!J39+Sat!J39) -> 0 | K39: =('Thurs (2)'!K39+Thurs!K39+'Tues '!K39+Wed!K39+Fri!K39+'Mon '!K39+'Wed (2)'!K39+Sun!K39+Sat!K39) -> 0 | L39: =('Thurs (2)'!L39+Thurs!L39+'Tues '!L39+Wed!L39+Fri!L39+'Mon '!L39+'Wed (2)'!L39+Sun!L39+Sat!L39) -> 0 | M39: =('Thurs (2)'!M39+Thurs!M39+'Tues '!M39+Wed!M39+Fri!M39+'Mon '!M39+'Wed (2)'!M39+Sun!M39+Sat!M39) -> 0 | N39: =('Thurs (2)'!N39+Thurs!N39+'Tues '!N39+Wed!N39+Fri!N39+'Mon '!N39+'Wed (2)'!N39+Sun!N39+Sat!N39) -> 0 | ... T39: =('Thurs (2)'!T39+Thurs!T39+'Tues '!T39+Wed!T39+Fri!T39+'Mon '!T39+'Wed (2)'!T39+Sun!T39+Sat!T39) -> 0 | U39: =IFERROR(I39/H39,0) -> 0 | V39: =IFERROR(SUM(H39+L39)/G39,0) -> 0
A40: Joseph Gojcaj | B40: Edward Leon | C40: Julian Hyman | E40: MI | F40: Keith Chmiel | G40: =('Thurs (2)'!G40+Thurs!G40+'Tues '!G40+Wed!G40+Fri!G40+'Mon '!G40+'Wed (2)'!G40+Sun!G40+Sat!G40) -> 1 | H40: =('Thurs (2)'!H40+Thurs!H40+'Tues '!H40+Wed!H40+Fri!H40+'Mon '!H40+'Wed (2)'!H40+Sun!H40+Sat!H40) -> 1 | I40: =('Thurs (2)'!I40+Thurs!I40+'Tues '!I40+Wed!I40+Fri!I40+'Mon '!I40+'Wed (2)'!I40+Sun!I40+Sat!I40) -> 0 | J40: =('Thurs (2)'!J40+Thurs!J40+'Tues '!J40+Wed!J40+Fri!J40+'Mon '!J40+'Wed (2)'!J40+Sun!J40+Sat!J40) -> 0 | K40: =('Thurs (2)'!K40+Thurs!K40+'Tues '!K40+Wed!K40+Fri!K40+'Mon '!K40+'Wed (2)'!K40+Sun!K40+Sat!K40) -> 0 | L40: =('Thurs (2)'!L40+Thurs!L40+'Tues '!L40+Wed!L40+Fri!L40+'Mon '!L40+'Wed (2)'!L40+Sun!L40+Sat!L40) -> 0 | M40: =('Thurs (2)'!M40+Thurs!M40+'Tues '!M40+Wed!M40+Fri!M40+'Mon '!M40+'Wed (2)'!M40+Sun!M40+Sat!M40) -> 0 | N40: =('Thurs (2)'!N40+Thurs!N40+'Tues '!N40+Wed!N40+Fri!N40+'Mon '!N40+'Wed (2)'!N40+Sun!N40+Sat!N40) -> 0 | ... T40: =('Thurs (2)'!T40+Thurs!T40+'Tues '!T40+Wed!T40+Fri!T40+'Mon '!T40+'Wed (2)'!T40+Sun!T40+Sat!T40) -> 0 | U40: =IFERROR(I40/H40,0) -> 0 | V40: =IFERROR(SUM(H40+L40)/G40,0) -> 1
A41: Joseph Gojcaj | B41: Edward Leon | C41: Julian Hyman | E41: TX | F41: Veronica Sanchez | G41: =('Thurs (2)'!G41+Thurs!G41+'Tues '!G41+Wed!G41+Fri!G41+'Mon '!G41+'Wed (2)'!G41+Sun!G41+Sat!G41) -> 0 | H41: =('Thurs (2)'!H41+Thurs!H41+'Tues '!H41+Wed!H41+Fri!H41+'Mon '!H41+'Wed (2)'!H41+Sun!H41+Sat!H41) -> 0 | I41: =('Thurs (2)'!I41+Thurs!I41+'Tues '!I41+Wed!I41+Fri!I41+'Mon '!I41+'Wed (2)'!I41+Sun!I41+Sat!I41) -> 0 | J41: =('Thurs (2)'!J41+Thurs!J41+'Tues '!J41+Wed!J41+Fri!J41+'Mon '!J41+'Wed (2)'!J41+Sun!J41+Sat!J41) -> 0 | K41: =('Thurs (2)'!K41+Thurs!K41+'Tues '!K41+Wed!K41+Fri!K41+'Mon '!K41+'Wed (2)'!K41+Sun!K41+Sat!K41) -> 0 | L41: =('Thurs (2)'!L41+Thurs!L41+'Tues '!L41+Wed!L41+Fri!L41+'Mon '!L41+'Wed (2)'!L41+Sun!L41+Sat!L41) -> 0 | M41: =('Thurs (2)'!M41+Thurs!M41+'Tues '!M41+Wed!M41+Fri!M41+'Mon '!M41+'Wed (2)'!M41+Sun!M41+Sat!M41) -> 0 | N41: =('Thurs (2)'!N41+Thurs!N41+'Tues '!N41+Wed!N41+Fri!N41+'Mon '!N41+'Wed (2)'!N41+Sun!N41+Sat!N41) -> 0 | ... T41: =('Thurs (2)'!T41+Thurs!T41+'Tues '!T41+Wed!T41+Fri!T41+'Mon '!T41+'Wed (2)'!T41+Sun!T41+Sat!T41) -> 0 | U41: =IFERROR(I41/H41,0) -> 0 | V41: =IFERROR(SUM(H41+L41)/G41,0) -> 0
A42: Joseph Gojcaj | B42: Edward Leon | C42: Julian Hyman | E42: AZ | F42: Brittany Luke | G42: =('Thurs (2)'!G42+Thurs!G42+'Tues '!G42+Wed!G42+Fri!G42+'Mon '!G42+'Wed (2)'!G42+Sun!G42+Sat!G42) -> 0 | H42: =('Thurs (2)'!H42+Thurs!H42+'Tues '!H42+Wed!H42+Fri!H42+'Mon '!H42+'Wed (2)'!H42+Sun!H42+Sat!H42) -> 0 | I42: =('Thurs (2)'!I42+Thurs!I42+'Tues '!I42+Wed!I42+Fri!I42+'Mon '!I42+'Wed (2)'!I42+Sun!I42+Sat!I42) -> 0 | J42: =('Thurs (2)'!J42+Thurs!J42+'Tues '!J42+Wed!J42+Fri!J42+'Mon '!J42+'Wed (2)'!J42+Sun!J42+Sat!J42) -> 0 | K42: =('Thurs (2)'!K42+Thurs!K42+'Tues '!K42+Wed!K42+Fri!K42+'Mon '!K42+'Wed (2)'!K42+Sun!K42+Sat!K42) -> 0 | L42: =('Thurs (2)'!L42+Thurs!L42+'Tues '!L42+Wed!L42+Fri!L42+'Mon '!L42+'Wed (2)'!L42+Sun!L42+Sat!L42) -> 0 | M42: =('Thurs (2)'!M42+Thurs!M42+'Tues '!M42+Wed!M42+Fri!M42+'Mon '!M42+'Wed (2)'!M42+Sun!M42+Sat!M42) -> 0 | N42: =('Thurs (2)'!N42+Thurs!N42+'Tues '!N42+Wed!N42+Fri!N42+'Mon '!N42+'Wed (2)'!N42+Sun!N42+Sat!N42) -> 0 | ... T42: =('Thurs (2)'!T42+Thurs!T42+'Tues '!T42+Wed!T42+Fri!T42+'Mon '!T42+'Wed (2)'!T42+Sun!T42+Sat!T42) -> 0 | U42: =IFERROR(I42/H42,0) -> 0 | V42: =IFERROR(SUM(H42+L42)/G42,0) -> 0
A43: Joseph Gojcaj | B43: Timothy Noe | D43: Y | E43: TN | F43: Timothy Noe | G43: =('Thurs (2)'!G43+Thurs!G43+'Tues '!G43+Wed!G43+Fri!G43+'Mon '!G43+'Wed (2)'!G43+Sun!G43+Sat!G43) -> 19 | H43: =('Thurs (2)'!H43+Thurs!H43+'Tues '!H43+Wed!H43+Fri!H43+'Mon '!H43+'Wed (2)'!H43+Sun!H43+Sat!H43) -> 7 | I43: =('Thurs (2)'!I43+Thurs!I43+'Tues '!I43+Wed!I43+Fri!I43+'Mon '!I43+'Wed (2)'!I43+Sun!I43+Sat!I43) -> 5 | J43: =('Thurs (2)'!J43+Thurs!J43+'Tues '!J43+Wed!J43+Fri!J43+'Mon '!J43+'Wed (2)'!J43+Sun!J43+Sat!J43) -> 3 | K43: =('Thurs (2)'!K43+Thurs!K43+'Tues '!K43+Wed!K43+Fri!K43+'Mon '!K43+'Wed (2)'!K43+Sun!K43+Sat!K43) -> 3 | L43: =('Thurs (2)'!L43+Thurs!L43+'Tues '!L43+Wed!L43+Fri!L43+'Mon '!L43+'Wed (2)'!L43+Sun!L43+Sat!L43) -> 1 | M43: =('Thurs (2)'!M43+Thurs!M43+'Tues '!M43+Wed!M43+Fri!M43+'Mon '!M43+'Wed (2)'!M43+Sun!M43+Sat!M43) -> 10 | N43: =('Thurs (2)'!N43+Thurs!N43+'Tues '!N43+Wed!N43+Fri!N43+'Mon '!N43+'Wed (2)'!N43+Sun!N43+Sat!N43) -> 6 | ... T43: =('Thurs (2)'!T43+Thurs!T43+'Tues '!T43+Wed!T43+Fri!T43+'Mon '!T43+'Wed (2)'!T43+Sun!T43+Sat!T43) -> 4836 | U43: =IFERROR(I43/H43,0) -> 0.71428571 | V43: =IFERROR(SUM(H43+L43)/G43,0) -> 0.42105263
A44: Joseph Gojcaj | B44: Timothy Noe | C44: Preston Opperman | D44: Y | E44: TN | F44: Preston Opperman | G44: =('Thurs (2)'!G44+Thurs!G44+'Tues '!G44+Wed!G44+Fri!G44+'Mon '!G44+'Wed (2)'!G44+Sun!G44+Sat!G44) -> 0 | H44: =('Thurs (2)'!H44+Thurs!H44+'Tues '!H44+Wed!H44+Fri!H44+'Mon '!H44+'Wed (2)'!H44+Sun!H44+Sat!H44) -> 0 | I44: =('Thurs (2)'!I44+Thurs!I44+'Tues '!I44+Wed!I44+Fri!I44+'Mon '!I44+'Wed (2)'!I44+Sun!I44+Sat!I44) -> 0 | J44: =('Thurs (2)'!J44+Thurs!J44+'Tues '!J44+Wed!J44+Fri!J44+'Mon '!J44+'Wed (2)'!J44+Sun!J44+Sat!J44) -> 0 | K44: =('Thurs (2)'!K44+Thurs!K44+'Tues '!K44+Wed!K44+Fri!K44+'Mon '!K44+'Wed (2)'!K44+Sun!K44+Sat!K44) -> 0 | L44: =('Thurs (2)'!L44+Thurs!L44+'Tues '!L44+Wed!L44+Fri!L44+'Mon '!L44+'Wed (2)'!L44+Sun!L44+Sat!L44) -> 0 | M44: =('Thurs (2)'!M44+Thurs!M44+'Tues '!M44+Wed!M44+Fri!M44+'Mon '!M44+'Wed (2)'!M44+Sun!M44+Sat!M44) -> 0 | N44: =('Thurs (2)'!N44+Thurs!N44+'Tues '!N44+Wed!N44+Fri!N44+'Mon '!N44+'Wed (2)'!N44+Sun!N44+Sat!N44) -> 0 | ... T44: =('Thurs (2)'!T44+Thurs!T44+'Tues '!T44+Wed!T44+Fri!T44+'Mon '!T44+'Wed (2)'!T44+Sun!T44+Sat!T44) -> 0 | U44: =IFERROR(I44/H44,0) -> 0 | V44: =IFERROR(SUM(H44+L44)/G44,0) -> 0
A45: Joseph Gojcaj | B45: Timothy Noe | C45: Preston Opperman | E45: TN | F45: Bilal Abdullah | G45: =('Thurs (2)'!G45+Thurs!G45+'Tues '!G45+Wed!G45+Fri!G45+'Mon '!G45+'Wed (2)'!G45+Sun!G45+Sat!G45) -> 3 | H45: =('Thurs (2)'!H45+Thurs!H45+'Tues '!H45+Wed!H45+Fri!H45+'Mon '!H45+'Wed (2)'!H45+Sun!H45+Sat!H45) -> 3 | I45: =('Thurs (2)'!I45+Thurs!I45+'Tues '!I45+Wed!I45+Fri!I45+'Mon '!I45+'Wed (2)'!I45+Sun!I45+Sat!I45) -> 2 | J45: =('Thurs (2)'!J45+Thurs!J45+'Tues '!J45+Wed!J45+Fri!J45+'Mon '!J45+'Wed (2)'!J45+Sun!J45+Sat!J45) -> 3 | K45: =('Thurs (2)'!K45+Thurs!K45+'Tues '!K45+Wed!K45+Fri!K45+'Mon '!K45+'Wed (2)'!K45+Sun!K45+Sat!K45) -> 2 | L45: =('Thurs (2)'!L45+Thurs!L45+'Tues '!L45+Wed!L45+Fri!L45+'Mon '!L45+'Wed (2)'!L45+Sun!L45+Sat!L45) -> 0 | M45: =('Thurs (2)'!M45+Thurs!M45+'Tues '!M45+Wed!M45+Fri!M45+'Mon '!M45+'Wed (2)'!M45+Sun!M45+Sat!M45) -> 0 | N45: =('Thurs (2)'!N45+Thurs!N45+'Tues '!N45+Wed!N45+Fri!N45+'Mon '!N45+'Wed (2)'!N45+Sun!N45+Sat!N45) -> 3 | ... T45: =('Thurs (2)'!T45+Thurs!T45+'Tues '!T45+Wed!T45+Fri!T45+'Mon '!T45+'Wed (2)'!T45+Sun!T45+Sat!T45) -> 1081 | U45: =IFERROR(I45/H45,0) -> 0.66666667 | V45: =IFERROR(SUM(H45+L45)/G45,0) -> 1
A46: Joseph Gojcaj | B46: Timothy Noe | C46: Preston Opperman | E46: TN | F46: Kain White-Conley | G46: =('Thurs (2)'!G46+Thurs!G46+'Tues '!G46+Wed!G46+Fri!G46+'Mon '!G46+'Wed (2)'!G46+Sun!G46+Sat!G46) -> 0 | H46: =('Thurs (2)'!H46+Thurs!H46+'Tues '!H46+Wed!H46+Fri!H46+'Mon '!H46+'Wed (2)'!H46+Sun!H46+Sat!H46) -> 0 | I46: =('Thurs (2)'!I46+Thurs!I46+'Tues '!I46+Wed!I46+Fri!I46+'Mon '!I46+'Wed (2)'!I46+Sun!I46+Sat!I46) -> 0 | J46: =('Thurs (2)'!J46+Thurs!J46+'Tues '!J46+Wed!J46+Fri!J46+'Mon '!J46+'Wed (2)'!J46+Sun!J46+Sat!J46) -> 0 | K46: =('Thurs (2)'!K46+Thurs!K46+'Tues '!K46+Wed!K46+Fri!K46+'Mon '!K46+'Wed (2)'!K46+Sun!K46+Sat!K46) -> 0 | L46: =('Thurs (2)'!L46+Thurs!L46+'Tues '!L46+Wed!L46+Fri!L46+'Mon '!L46+'Wed (2)'!L46+Sun!L46+Sat!L46) -> 0 | M46: =('Thurs (2)'!M46+Thurs!M46+'Tues '!M46+Wed!M46+Fri!M46+'Mon '!M46+'Wed (2)'!M46+Sun!M46+Sat!M46) -> 0 | N46: =('Thurs (2)'!N46+Thurs!N46+'Tues '!N46+Wed!N46+Fri!N46+'Mon '!N46+'Wed (2)'!N46+Sun!N46+Sat!N46) -> 0 | ... T46: =('Thurs (2)'!T46+Thurs!T46+'Tues '!T46+Wed!T46+Fri!T46+'Mon '!T46+'Wed (2)'!T46+Sun!T46+Sat!T46) -> 0 | U46: =IFERROR(I46/H46,0) -> 0 | V46: =IFERROR(SUM(H46+L46)/G46,0) -> 0
A47: Joseph Gojcaj | B47: Javier Sandoval | D47: Y | E47: NH | F47: Javier Sandoval | G47: =('Thurs (2)'!G47+Thurs!G47+'Tues '!G47+Wed!G47+Fri!G47+'Mon '!G47+'Wed (2)'!G47+Sun!G47+Sat!G47) -> 0 | H47: =('Thurs (2)'!H47+Thurs!H47+'Tues '!H47+Wed!H47+Fri!H47+'Mon '!H47+'Wed (2)'!H47+Sun!H47+Sat!H47) -> 0 | I47: =('Thurs (2)'!I47+Thurs!I47+'Tues '!I47+Wed!I47+Fri!I47+'Mon '!I47+'Wed (2)'!I47+Sun!I47+Sat!I47) -> 0 | J47: =('Thurs (2)'!J47+Thurs!J47+'Tues '!J47+Wed!J47+Fri!J47+'Mon '!J47+'Wed (2)'!J47+Sun!J47+Sat!J47) -> 0 | K47: =('Thurs (2)'!K47+Thurs!K47+'Tues '!K47+Wed!K47+Fri!K47+'Mon '!K47+'Wed (2)'!K47+Sun!K47+Sat!K47) -> 0 | L47: =('Thurs (2)'!L47+Thurs!L47+'Tues '!L47+Wed!L47+Fri!L47+'Mon '!L47+'Wed (2)'!L47+Sun!L47+Sat!L47) -> 0 | M47: =('Thurs (2)'!M47+Thurs!M47+'Tues '!M47+Wed!M47+Fri!M47+'Mon '!M47+'Wed (2)'!M47+Sun!M47+Sat!M47) -> 0 | N47: =('Thurs (2)'!N47+Thurs!N47+'Tues '!N47+Wed!N47+Fri!N47+'Mon '!N47+'Wed (2)'!N47+Sun!N47+Sat!N47) -> 0 | ... T47: =('Thurs (2)'!T47+Thurs!T47+'Tues '!T47+Wed!T47+Fri!T47+'Mon '!T47+'Wed (2)'!T47+Sun!T47+Sat!T47) -> 0 | U47: =IFERROR(I47/H47,0) -> 0 | V47: =IFERROR(SUM(H47+L47)/G47,0) -> 0
A48: Joseph Gojcaj | B48: Javier Sandoval | F48: Cheri DiPiero | G48: =('Thurs (2)'!G48+Thurs!G48+'Tues '!G48+Wed!G48+Fri!G48+'Mon '!G48+'Wed (2)'!G48+Sun!G48+Sat!G48) -> 0 | H48: =('Thurs (2)'!H48+Thurs!H48+'Tues '!H48+Wed!H48+Fri!H48+'Mon '!H48+'Wed (2)'!H48+Sun!H48+Sat!H48) -> 0 | I48: =('Thurs (2)'!I48+Thurs!I48+'Tues '!I48+Wed!I48+Fri!I48+'Mon '!I48+'Wed (2)'!I48+Sun!I48+Sat!I48) -> 0 | J48: =('Thurs (2)'!J48+Thurs!J48+'Tues '!J48+Wed!J48+Fri!J48+'Mon '!J48+'Wed (2)'!J48+Sun!J48+Sat!J48) -> 0 | K48: =('Thurs (2)'!K48+Thurs!K48+'Tues '!K48+Wed!K48+Fri!K48+'Mon '!K48+'Wed (2)'!K48+Sun!K48+Sat!K48) -> 0 | L48: =('Thurs (2)'!L48+Thurs!L48+'Tues '!L48+Wed!L48+Fri!L48+'Mon '!L48+'Wed (2)'!L48+Sun!L48+Sat!L48) -> 0 | M48: =('Thurs (2)'!M48+Thurs!M48+'Tues '!M48+Wed!M48+Fri!M48+'Mon '!M48+'Wed (2)'!M48+Sun!M48+Sat!M48) -> 0 | N48: =('Thurs (2)'!N48+Thurs!N48+'Tues '!N48+Wed!N48+Fri!N48+'Mon '!N48+'Wed (2)'!N48+Sun!N48+Sat!N48) -> 0 | ... T48: =('Thurs (2)'!T48+Thurs!T48+'Tues '!T48+Wed!T48+Fri!T48+'Mon '!T48+'Wed (2)'!T48+Sun!T48+Sat!T48) -> 0 | U48: =IFERROR(I48/H48,0) -> 0 | V48: =IFERROR(SUM(H48+L48)/G48,0) -> 0
A49: Joseph Gojcaj | B49: Javier Sandoval | E49: MI | F49: Regina Gumma | G49: =('Thurs (2)'!G49+Thurs!G49+'Tues '!G49+Wed!G49+Fri!G49+'Mon '!G49+'Wed (2)'!G49+Sun!G49+Sat!G49) -> 0 | H49: =('Thurs (2)'!H49+Thurs!H49+'Tues '!H49+Wed!H49+Fri!H49+'Mon '!H49+'Wed (2)'!H49+Sun!H49+Sat!H49) -> 0 | I49: =('Thurs (2)'!I49+Thurs!I49+'Tues '!I49+Wed!I49+Fri!I49+'Mon '!I49+'Wed (2)'!I49+Sun!I49+Sat!I49) -> 0 | J49: =('Thurs (2)'!J49+Thurs!J49+'Tues '!J49+Wed!J49+Fri!J49+'Mon '!J49+'Wed (2)'!J49+Sun!J49+Sat!J49) -> 0 | K49: =('Thurs (2)'!K49+Thurs!K49+'Tues '!K49+Wed!K49+Fri!K49+'Mon '!K49+'Wed (2)'!K49+Sun!K49+Sat!K49) -> 0 | L49: =('Thurs (2)'!L49+Thurs!L49+'Tues '!L49+Wed!L49+Fri!L49+'Mon '!L49+'Wed (2)'!L49+Sun!L49+Sat!L49) -> 0 | M49: =('Thurs (2)'!M49+Thurs!M49+'Tues '!M49+Wed!M49+Fri!M49+'Mon '!M49+'Wed (2)'!M49+Sun!M49+Sat!M49) -> 0 | N49: =('Thurs (2)'!N49+Thurs!N49+'Tues '!N49+Wed!N49+Fri!N49+'Mon '!N49+'Wed (2)'!N49+Sun!N49+Sat!N49) -> 0 | ... T49: =('Thurs (2)'!T49+Thurs!T49+'Tues '!T49+Wed!T49+Fri!T49+'Mon '!T49+'Wed (2)'!T49+Sun!T49+Sat!T49) -> 0 | U49: =IFERROR(I49/H49,0) -> 0 | V49: =IFERROR(SUM(H49+L49)/G49,0) -> 0
A50: Joseph Gojcaj | B50: Javier Sandoval | C50: Andre Alire | D50: Y | F50: Andre Alire | G50: =('Thurs (2)'!G50+Thurs!G50+'Tues '!G50+Wed!G50+Fri!G50+'Mon '!G50+'Wed (2)'!G50+Sun!G50+Sat!G50) -> 0 | H50: =('Thurs (2)'!H50+Thurs!H50+'Tues '!H50+Wed!H50+Fri!H50+'Mon '!H50+'Wed (2)'!H50+Sun!H50+Sat!H50) -> 0 | I50: =('Thurs (2)'!I50+Thurs!I50+'Tues '!I50+Wed!I50+Fri!I50+'Mon '!I50+'Wed (2)'!I50+Sun!I50+Sat!I50) -> 0 | J50: =('Thurs (2)'!J50+Thurs!J50+'Tues '!J50+Wed!J50+Fri!J50+'Mon '!J50+'Wed (2)'!J50+Sun!J50+Sat!J50) -> 0 | K50: =('Thurs (2)'!K50+Thurs!K50+'Tues '!K50+Wed!K50+Fri!K50+'Mon '!K50+'Wed (2)'!K50+Sun!K50+Sat!K50) -> 0 | L50: =('Thurs (2)'!L50+Thurs!L50+'Tues '!L50+Wed!L50+Fri!L50+'Mon '!L50+'Wed (2)'!L50+Sun!L50+Sat!L50) -> 0 | M50: =('Thurs (2)'!M50+Thurs!M50+'Tues '!M50+Wed!M50+Fri!M50+'Mon '!M50+'Wed (2)'!M50+Sun!M50+Sat!M50) -> 0 | N50: =('Thurs (2)'!N50+Thurs!N50+'Tues '!N50+Wed!N50+Fri!N50+'Mon '!N50+'Wed (2)'!N50+Sun!N50+Sat!N50) -> 0 | ... T50: =('Thurs (2)'!T50+Thurs!T50+'Tues '!T50+Wed!T50+Fri!T50+'Mon '!T50+'Wed (2)'!T50+Sun!T50+Sat!T50) -> 0 | U50: =IFERROR(I50/H50,0) -> 0 | V50: =IFERROR(SUM(H50+L50)/G50,0) -> 0
A51: Joseph Gojcaj | B51: Javier Sandoval | C51: Andre Alire | F51: Kelvin Claney | G51: =('Thurs (2)'!G51+Thurs!G51+'Tues '!G51+Wed!G51+Fri!G51+'Mon '!G51+'Wed (2)'!G51+Sun!G51+Sat!G51) -> 0 | H51: =('Thurs (2)'!H51+Thurs!H51+'Tues '!H51+Wed!H51+Fri!H51+'Mon '!H51+'Wed (2)'!H51+Sun!H51+Sat!H51) -> 0 | I51: =('Thurs (2)'!I51+Thurs!I51+'Tues '!I51+Wed!I51+Fri!I51+'Mon '!I51+'Wed (2)'!I51+Sun!I51+Sat!I51) -> 0 | J51: =('Thurs (2)'!J51+Thurs!J51+'Tues '!J51+Wed!J51+Fri!J51+'Mon '!J51+'Wed (2)'!J51+Sun!J51+Sat!J51) -> 0 | K51: =('Thurs (2)'!K51+Thurs!K51+'Tues '!K51+Wed!K51+Fri!K51+'Mon '!K51+'Wed (2)'!K51+Sun!K51+Sat!K51) -> 0 | L51: =('Thurs (2)'!L51+Thurs!L51+'Tues '!L51+Wed!L51+Fri!L51+'Mon '!L51+'Wed (2)'!L51+Sun!L51+Sat!L51) -> 0 | M51: =('Thurs (2)'!M51+Thurs!M51+'Tues '!M51+Wed!M51+Fri!M51+'Mon '!M51+'Wed (2)'!M51+Sun!M51+Sat!M51) -> 0 | N51: =('Thurs (2)'!N51+Thurs!N51+'Tues '!N51+Wed!N51+Fri!N51+'Mon '!N51+'Wed (2)'!N51+Sun!N51+Sat!N51) -> 0 | ... T51: =('Thurs (2)'!T51+Thurs!T51+'Tues '!T51+Wed!T51+Fri!T51+'Mon '!T51+'Wed (2)'!T51+Sun!T51+Sat!T51) -> 0 | U51: =IFERROR(I51/H51,0) -> 0 | V51: =IFERROR(SUM(H51+L51)/G51,0) -> 0
A52: Joseph Gojcaj | B52: Javier Sandoval | C52: Andre Alire | F52: Patty Kilburn | G52: =('Thurs (2)'!G52+Thurs!G52+'Tues '!G52+Wed!G52+Fri!G52+'Mon '!G52+'Wed (2)'!G52+Sun!G52+Sat!G52) -> 0 | H52: =('Thurs (2)'!H52+Thurs!H52+'Tues '!H52+Wed!H52+Fri!H52+'Mon '!H52+'Wed (2)'!H52+Sun!H52+Sat!H52) -> 0 | I52: =('Thurs (2)'!I52+Thurs!I52+'Tues '!I52+Wed!I52+Fri!I52+'Mon '!I52+'Wed (2)'!I52+Sun!I52+Sat!I52) -> 0 | J52: =('Thurs (2)'!J52+Thurs!J52+'Tues '!J52+Wed!J52+Fri!J52+'Mon '!J52+'Wed (2)'!J52+Sun!J52+Sat!J52) -> 0 | K52: =('Thurs (2)'!K52+Thurs!K52+'Tues '!K52+Wed!K52+Fri!K52+'Mon '!K52+'Wed (2)'!K52+Sun!K52+Sat!K52) -> 0 | L52: =('Thurs (2)'!L52+Thurs!L52+'Tues '!L52+Wed!L52+Fri!L52+'Mon '!L52+'Wed (2)'!L52+Sun!L52+Sat!L52) -> 0 | M52: =('Thurs (2)'!M52+Thurs!M52+'Tues '!M52+Wed!M52+Fri!M52+'Mon '!M52+'Wed (2)'!M52+Sun!M52+Sat!M52) -> 0 | N52: =('Thurs (2)'!N52+Thurs!N52+'Tues '!N52+Wed!N52+Fri!N52+'Mon '!N52+'Wed (2)'!N52+Sun!N52+Sat!N52) -> 0 | ... T52: =('Thurs (2)'!T52+Thurs!T52+'Tues '!T52+Wed!T52+Fri!T52+'Mon '!T52+'Wed (2)'!T52+Sun!T52+Sat!T52) -> 0 | U52: =IFERROR(I52/H52,0) -> 0 | V52: =IFERROR(SUM(H52+L52)/G52,0) -> 0
A53: Joseph Gojcaj | B53: Javier Sandoval | C53: Jacob Bandyk | D53: Y | F53: Jacob Bandyk | G53: =('Thurs (2)'!G53+Thurs!G53+'Tues '!G53+Wed!G53+Fri!G53+'Mon '!G53+'Wed (2)'!G53+Sun!G53+Sat!G53) -> 13 | H53: =('Thurs (2)'!H53+Thurs!H53+'Tues '!H53+Wed!H53+Fri!H53+'Mon '!H53+'Wed (2)'!H53+Sun!H53+Sat!H53) -> 4 | I53: =('Thurs (2)'!I53+Thurs!I53+'Tues '!I53+Wed!I53+Fri!I53+'Mon '!I53+'Wed (2)'!I53+Sun!I53+Sat!I53) -> 4 | J53: =('Thurs (2)'!J53+Thurs!J53+'Tues '!J53+Wed!J53+Fri!J53+'Mon '!J53+'Wed (2)'!J53+Sun!J53+Sat!J53) -> 3 | K53: =('Thurs (2)'!K53+Thurs!K53+'Tues '!K53+Wed!K53+Fri!K53+'Mon '!K53+'Wed (2)'!K53+Sun!K53+Sat!K53) -> 3 | L53: =('Thurs (2)'!L53+Thurs!L53+'Tues '!L53+Wed!L53+Fri!L53+'Mon '!L53+'Wed (2)'!L53+Sun!L53+Sat!L53) -> 0 | M53: =('Thurs (2)'!M53+Thurs!M53+'Tues '!M53+Wed!M53+Fri!M53+'Mon '!M53+'Wed (2)'!M53+Sun!M53+Sat!M53) -> 15 | N53: =('Thurs (2)'!N53+Thurs!N53+'Tues '!N53+Wed!N53+Fri!N53+'Mon '!N53+'Wed (2)'!N53+Sun!N53+Sat!N53) -> 2 | ... T53: =('Thurs (2)'!T53+Thurs!T53+'Tues '!T53+Wed!T53+Fri!T53+'Mon '!T53+'Wed (2)'!T53+Sun!T53+Sat!T53) -> 8383 | U53: =IFERROR(I53/H53,0) -> 1 | V53: =IFERROR(SUM(H53+L53)/G53,0) -> 0.30769231
A54: Joseph Gojcaj | B54: Javier Sandoval | C54: Jacob Bandyk | F54: Angelo Perez | G54: =('Thurs (2)'!G54+Thurs!G54+'Tues '!G54+Wed!G54+Fri!G54+'Mon '!G54+'Wed (2)'!G54+Sun!G54+Sat!G54) -> 0 | H54: =('Thurs (2)'!H54+Thurs!H54+'Tues '!H54+Wed!H54+Fri!H54+'Mon '!H54+'Wed (2)'!H54+Sun!H54+Sat!H54) -> 0 | I54: =('Thurs (2)'!I54+Thurs!I54+'Tues '!I54+Wed!I54+Fri!I54+'Mon '!I54+'Wed (2)'!I54+Sun!I54+Sat!I54) -> 0 | J54: =('Thurs (2)'!J54+Thurs!J54+'Tues '!J54+Wed!J54+Fri!J54+'Mon '!J54+'Wed (2)'!J54+Sun!J54+Sat!J54) -> 0 | K54: =('Thurs (2)'!K54+Thurs!K54+'Tues '!K54+Wed!K54+Fri!K54+'Mon '!K54+'Wed (2)'!K54+Sun!K54+Sat!K54) -> 0 | L54: =('Thurs (2)'!L54+Thurs!L54+'Tues '!L54+Wed!L54+Fri!L54+'Mon '!L54+'Wed (2)'!L54+Sun!L54+Sat!L54) -> 0 | M54: =('Thurs (2)'!M54+Thurs!M54+'Tues '!M54+Wed!M54+Fri!M54+'Mon '!M54+'Wed (2)'!M54+Sun!M54+Sat!M54) -> 0 | N54: =('Thurs (2)'!N54+Thurs!N54+'Tues '!N54+Wed!N54+Fri!N54+'Mon '!N54+'Wed (2)'!N54+Sun!N54+Sat!N54) -> 0 | ... T54: =('Thurs (2)'!T54+Thurs!T54+'Tues '!T54+Wed!T54+Fri!T54+'Mon '!T54+'Wed (2)'!T54+Sun!T54+Sat!T54) -> 0 | U54: =IFERROR(I54/H54,0) -> 0 | V54: =IFERROR(SUM(H54+L54)/G54,0) -> 0
A55: Joseph Gojcaj | B55: Javier Sandoval | C55: Jacob Bandyk | F55: Megan Cannon | G55: =('Thurs (2)'!G55+Thurs!G55+'Tues '!G55+Wed!G55+Fri!G55+'Mon '!G55+'Wed (2)'!G55+Sun!G55+Sat!G55) -> 0 | H55: =('Thurs (2)'!H55+Thurs!H55+'Tues '!H55+Wed!H55+Fri!H55+'Mon '!H55+'Wed (2)'!H55+Sun!H55+Sat!H55) -> 0 | I55: =('Thurs (2)'!I55+Thurs!I55+'Tues '!I55+Wed!I55+Fri!I55+'Mon '!I55+'Wed (2)'!I55+Sun!I55+Sat!I55) -> 0 | J55: =('Thurs (2)'!J55+Thurs!J55+'Tues '!J55+Wed!J55+Fri!J55+'Mon '!J55+'Wed (2)'!J55+Sun!J55+Sat!J55) -> 0 | K55: =('Thurs (2)'!K55+Thurs!K55+'Tues '!K55+Wed!K55+Fri!K55+'Mon '!K55+'Wed (2)'!K55+Sun!K55+Sat!K55) -> 0 | L55: =('Thurs (2)'!L55+Thurs!L55+'Tues '!L55+Wed!L55+Fri!L55+'Mon '!L55+'Wed (2)'!L55+Sun!L55+Sat!L55) -> 0 | M55: =('Thurs (2)'!M55+Thurs!M55+'Tues '!M55+Wed!M55+Fri!M55+'Mon '!M55+'Wed (2)'!M55+Sun!M55+Sat!M55) -> 0 | N55: =('Thurs (2)'!N55+Thurs!N55+'Tues '!N55+Wed!N55+Fri!N55+'Mon '!N55+'Wed (2)'!N55+Sun!N55+Sat!N55) -> 0 | ... T55: =('Thurs (2)'!T55+Thurs!T55+'Tues '!T55+Wed!T55+Fri!T55+'Mon '!T55+'Wed (2)'!T55+Sun!T55+Sat!T55) -> 0 | U55: =IFERROR(I55/H55,0) -> 0 | V55: =IFERROR(SUM(H55+L55)/G55,0) -> 0
A56: Joseph Gojcaj | B56: Javier Sandoval | C56: Melissa Elam | D56: Y | E56: MS | F56: Melissa Elam | G56: =('Thurs (2)'!G56+Thurs!G56+'Tues '!G56+Wed!G56+Fri!G56+'Mon '!G56+'Wed (2)'!G56+Sun!G56+Sat!G56) -> 6 | H56: =('Thurs (2)'!H56+Thurs!H56+'Tues '!H56+Wed!H56+Fri!H56+'Mon '!H56+'Wed (2)'!H56+Sun!H56+Sat!H56) -> 3 | I56: =('Thurs (2)'!I56+Thurs!I56+'Tues '!I56+Wed!I56+Fri!I56+'Mon '!I56+'Wed (2)'!I56+Sun!I56+Sat!I56) -> 3 | J56: =('Thurs (2)'!J56+Thurs!J56+'Tues '!J56+Wed!J56+Fri!J56+'Mon '!J56+'Wed (2)'!J56+Sun!J56+Sat!J56) -> 1 | K56: =('Thurs (2)'!K56+Thurs!K56+'Tues '!K56+Wed!K56+Fri!K56+'Mon '!K56+'Wed (2)'!K56+Sun!K56+Sat!K56) -> 1 | L56: =('Thurs (2)'!L56+Thurs!L56+'Tues '!L56+Wed!L56+Fri!L56+'Mon '!L56+'Wed (2)'!L56+Sun!L56+Sat!L56) -> 1 | M56: =('Thurs (2)'!M56+Thurs!M56+'Tues '!M56+Wed!M56+Fri!M56+'Mon '!M56+'Wed (2)'!M56+Sun!M56+Sat!M56) -> 12 | N56: =('Thurs (2)'!N56+Thurs!N56+'Tues '!N56+Wed!N56+Fri!N56+'Mon '!N56+'Wed (2)'!N56+Sun!N56+Sat!N56) -> 1 | ... T56: =('Thurs (2)'!T56+Thurs!T56+'Tues '!T56+Wed!T56+Fri!T56+'Mon '!T56+'Wed (2)'!T56+Sun!T56+Sat!T56) -> 3858 | U56: =IFERROR(I56/H56,0) -> 1 | V56: =IFERROR(SUM(H56+L56)/G56,0) -> 0.66666667
A57: Joseph Gojcaj | B57: Javier Sandoval | C57: Melissa Elam | E57: TX | F57: Ronald Montoya | G57: =('Thurs (2)'!G57+Thurs!G57+'Tues '!G57+Wed!G57+Fri!G57+'Mon '!G57+'Wed (2)'!G57+Sun!G57+Sat!G57) -> 1 | H57: =('Thurs (2)'!H57+Thurs!H57+'Tues '!H57+Wed!H57+Fri!H57+'Mon '!H57+'Wed (2)'!H57+Sun!H57+Sat!H57) -> 1 | I57: =('Thurs (2)'!I57+Thurs!I57+'Tues '!I57+Wed!I57+Fri!I57+'Mon '!I57+'Wed (2)'!I57+Sun!I57+Sat!I57) -> 0 | J57: =('Thurs (2)'!J57+Thurs!J57+'Tues '!J57+Wed!J57+Fri!J57+'Mon '!J57+'Wed (2)'!J57+Sun!J57+Sat!J57) -> 0 | K57: =('Thurs (2)'!K57+Thurs!K57+'Tues '!K57+Wed!K57+Fri!K57+'Mon '!K57+'Wed (2)'!K57+Sun!K57+Sat!K57) -> 0 | L57: =('Thurs (2)'!L57+Thurs!L57+'Tues '!L57+Wed!L57+Fri!L57+'Mon '!L57+'Wed (2)'!L57+Sun!L57+Sat!L57) -> 0 | M57: =('Thurs (2)'!M57+Thurs!M57+'Tues '!M57+Wed!M57+Fri!M57+'Mon '!M57+'Wed (2)'!M57+Sun!M57+Sat!M57) -> 0 | N57: =('Thurs (2)'!N57+Thurs!N57+'Tues '!N57+Wed!N57+Fri!N57+'Mon '!N57+'Wed (2)'!N57+Sun!N57+Sat!N57) -> 1 | ... T57: =('Thurs (2)'!T57+Thurs!T57+'Tues '!T57+Wed!T57+Fri!T57+'Mon '!T57+'Wed (2)'!T57+Sun!T57+Sat!T57) -> 0 | U57: =IFERROR(I57/H57,0) -> 0 | V57: =IFERROR(SUM(H57+L57)/G57,0) -> 1
A58: Joseph Gojcaj | B58: Javier Sandoval | C58: Melissa Elam | E58: TX | F58: Frances Gonzalez | G58: =('Thurs (2)'!G58+Thurs!G58+'Tues '!G58+Wed!G58+Fri!G58+'Mon '!G58+'Wed (2)'!G58+Sun!G58+Sat!G58) -> 3 | H58: =('Thurs (2)'!H58+Thurs!H58+'Tues '!H58+Wed!H58+Fri!H58+'Mon '!H58+'Wed (2)'!H58+Sun!H58+Sat!H58) -> 2 | I58: =('Thurs (2)'!I58+Thurs!I58+'Tues '!I58+Wed!I58+Fri!I58+'Mon '!I58+'Wed (2)'!I58+Sun!I58+Sat!I58) -> 0 | J58: =('Thurs (2)'!J58+Thurs!J58+'Tues '!J58+Wed!J58+Fri!J58+'Mon '!J58+'Wed (2)'!J58+Sun!J58+Sat!J58) -> 1 | K58: =('Thurs (2)'!K58+Thurs!K58+'Tues '!K58+Wed!K58+Fri!K58+'Mon '!K58+'Wed (2)'!K58+Sun!K58+Sat!K58) -> 0 | L58: =('Thurs (2)'!L58+Thurs!L58+'Tues '!L58+Wed!L58+Fri!L58+'Mon '!L58+'Wed (2)'!L58+Sun!L58+Sat!L58) -> 0 | M58: =('Thurs (2)'!M58+Thurs!M58+'Tues '!M58+Wed!M58+Fri!M58+'Mon '!M58+'Wed (2)'!M58+Sun!M58+Sat!M58) -> 5 | N58: =('Thurs (2)'!N58+Thurs!N58+'Tues '!N58+Wed!N58+Fri!N58+'Mon '!N58+'Wed (2)'!N58+Sun!N58+Sat!N58) -> 1 | ... T58: =('Thurs (2)'!T58+Thurs!T58+'Tues '!T58+Wed!T58+Fri!T58+'Mon '!T58+'Wed (2)'!T58+Sun!T58+Sat!T58) -> 0 | U58: =IFERROR(I58/H58,0) -> 0 | V58: =IFERROR(SUM(H58+L58)/G58,0) -> 0.66666667
A59: Joseph Gojcaj | B59: Javier Sandoval | C59: Melissa Elam | E59: TX | F59: Karina Picado | G59: =('Thurs (2)'!G59+Thurs!G59+'Tues '!G59+Wed!G59+Fri!G59+'Mon '!G59+'Wed (2)'!G59+Sun!G59+Sat!G59) -> 3 | H59: =('Thurs (2)'!H59+Thurs!H59+'Tues '!H59+Wed!H59+Fri!H59+'Mon '!H59+'Wed (2)'!H59+Sun!H59+Sat!H59) -> 1 | I59: =('Thurs (2)'!I59+Thurs!I59+'Tues '!I59+Wed!I59+Fri!I59+'Mon '!I59+'Wed (2)'!I59+Sun!I59+Sat!I59) -> 0 | J59: =('Thurs (2)'!J59+Thurs!J59+'Tues '!J59+Wed!J59+Fri!J59+'Mon '!J59+'Wed (2)'!J59+Sun!J59+Sat!J59) -> 2 | K59: =('Thurs (2)'!K59+Thurs!K59+'Tues '!K59+Wed!K59+Fri!K59+'Mon '!K59+'Wed (2)'!K59+Sun!K59+Sat!K59) -> 0 | L59: =('Thurs (2)'!L59+Thurs!L59+'Tues '!L59+Wed!L59+Fri!L59+'Mon '!L59+'Wed (2)'!L59+Sun!L59+Sat!L59) -> 2 | M59: =('Thurs (2)'!M59+Thurs!M59+'Tues '!M59+Wed!M59+Fri!M59+'Mon '!M59+'Wed (2)'!M59+Sun!M59+Sat!M59) -> 8 | N59: =('Thurs (2)'!N59+Thurs!N59+'Tues '!N59+Wed!N59+Fri!N59+'Mon '!N59+'Wed (2)'!N59+Sun!N59+Sat!N59) -> 0 | ... T59: =('Thurs (2)'!T59+Thurs!T59+'Tues '!T59+Wed!T59+Fri!T59+'Mon '!T59+'Wed (2)'!T59+Sun!T59+Sat!T59) -> 0 | U59: =IFERROR(I59/H59,0) -> 0 | V59: =IFERROR(SUM(H59+L59)/G59,0) -> 1
A60: Joseph Gojcaj | B60: Javier Sandoval | C60: Melissa Elam | E60: MO | F60: Danielle Loux | G60: =('Thurs (2)'!G60+Thurs!G60+'Tues '!G60+Wed!G60+Fri!G60+'Mon '!G60+'Wed (2)'!G60+Sun!G60+Sat!G60) -> 6 | H60: =('Thurs (2)'!H60+Thurs!H60+'Tues '!H60+Wed!H60+Fri!H60+'Mon '!H60+'Wed (2)'!H60+Sun!H60+Sat!H60) -> 2 | I60: =('Thurs (2)'!I60+Thurs!I60+'Tues '!I60+Wed!I60+Fri!I60+'Mon '!I60+'Wed (2)'!I60+Sun!I60+Sat!I60) -> 2 | J60: =('Thurs (2)'!J60+Thurs!J60+'Tues '!J60+Wed!J60+Fri!J60+'Mon '!J60+'Wed (2)'!J60+Sun!J60+Sat!J60) -> 2 | K60: =('Thurs (2)'!K60+Thurs!K60+'Tues '!K60+Wed!K60+Fri!K60+'Mon '!K60+'Wed (2)'!K60+Sun!K60+Sat!K60) -> 2 | L60: =('Thurs (2)'!L60+Thurs!L60+'Tues '!L60+Wed!L60+Fri!L60+'Mon '!L60+'Wed (2)'!L60+Sun!L60+Sat!L60) -> 2 | M60: =('Thurs (2)'!M60+Thurs!M60+'Tues '!M60+Wed!M60+Fri!M60+'Mon '!M60+'Wed (2)'!M60+Sun!M60+Sat!M60) -> 6 | N60: =('Thurs (2)'!N60+Thurs!N60+'Tues '!N60+Wed!N60+Fri!N60+'Mon '!N60+'Wed (2)'!N60+Sun!N60+Sat!N60) -> 1 | ... T60: =('Thurs (2)'!T60+Thurs!T60+'Tues '!T60+Wed!T60+Fri!T60+'Mon '!T60+'Wed (2)'!T60+Sun!T60+Sat!T60) -> 1599 | U60: =IFERROR(I60/H60,0) -> 1 | V60: =IFERROR(SUM(H60+L60)/G60,0) -> 0.66666667
A61: Joseph Gojcaj | B61: Javier Sandoval | C61: Melissa Elam | F61: Tiera Williams | G61: =('Thurs (2)'!G61+Thurs!G61+'Tues '!G61+Wed!G61+Fri!G61+'Mon '!G61+'Wed (2)'!G61+Sun!G61+Sat!G61) -> 0 | H61: =('Thurs (2)'!H61+Thurs!H61+'Tues '!H61+Wed!H61+Fri!H61+'Mon '!H61+'Wed (2)'!H61+Sun!H61+Sat!H61) -> 0 | I61: =('Thurs (2)'!I61+Thurs!I61+'Tues '!I61+Wed!I61+Fri!I61+'Mon '!I61+'Wed (2)'!I61+Sun!I61+Sat!I61) -> 0 | J61: =('Thurs (2)'!J61+Thurs!J61+'Tues '!J61+Wed!J61+Fri!J61+'Mon '!J61+'Wed (2)'!J61+Sun!J61+Sat!J61) -> 0 | K61: =('Thurs (2)'!K61+Thurs!K61+'Tues '!K61+Wed!K61+Fri!K61+'Mon '!K61+'Wed (2)'!K61+Sun!K61+Sat!K61) -> 0 | L61: =('Thurs (2)'!L61+Thurs!L61+'Tues '!L61+Wed!L61+Fri!L61+'Mon '!L61+'Wed (2)'!L61+Sun!L61+Sat!L61) -> 0 | M61: =('Thurs (2)'!M61+Thurs!M61+'Tues '!M61+Wed!M61+Fri!M61+'Mon '!M61+'Wed (2)'!M61+Sun!M61+Sat!M61) -> 0 | N61: =('Thurs (2)'!N61+Thurs!N61+'Tues '!N61+Wed!N61+Fri!N61+'Mon '!N61+'Wed (2)'!N61+Sun!N61+Sat!N61) -> 0 | ... T61: =('Thurs (2)'!T61+Thurs!T61+'Tues '!T61+Wed!T61+Fri!T61+'Mon '!T61+'Wed (2)'!T61+Sun!T61+Sat!T61) -> 0 | U61: =IFERROR(I61/H61,0) -> 0 | V61: =IFERROR(SUM(H61+L61)/G61,0) -> 0
A62: Joseph Gojcaj | B62: Javier Sandoval | C62: Melissa Elam | E62: GA | F62: Romona Armstead | G62: =('Thurs (2)'!G62+Thurs!G62+'Tues '!G62+Wed!G62+Fri!G62+'Mon '!G62+'Wed (2)'!G62+Sun!G62+Sat!G62) -> 0 | H62: =('Thurs (2)'!H62+Thurs!H62+'Tues '!H62+Wed!H62+Fri!H62+'Mon '!H62+'Wed (2)'!H62+Sun!H62+Sat!H62) -> 0 | I62: =('Thurs (2)'!I62+Thurs!I62+'Tues '!I62+Wed!I62+Fri!I62+'Mon '!I62+'Wed (2)'!I62+Sun!I62+Sat!I62) -> 0 | J62: =('Thurs (2)'!J62+Thurs!J62+'Tues '!J62+Wed!J62+Fri!J62+'Mon '!J62+'Wed (2)'!J62+Sun!J62+Sat!J62) -> 0 | K62: =('Thurs (2)'!K62+Thurs!K62+'Tues '!K62+Wed!K62+Fri!K62+'Mon '!K62+'Wed (2)'!K62+Sun!K62+Sat!K62) -> 0 | L62: =('Thurs (2)'!L62+Thurs!L62+'Tues '!L62+Wed!L62+Fri!L62+'Mon '!L62+'Wed (2)'!L62+Sun!L62+Sat!L62) -> 0 | M62: =('Thurs (2)'!M62+Thurs!M62+'Tues '!M62+Wed!M62+Fri!M62+'Mon '!M62+'Wed (2)'!M62+Sun!M62+Sat!M62) -> 0 | N62: =('Thurs (2)'!N62+Thurs!N62+'Tues '!N62+Wed!N62+Fri!N62+'Mon '!N62+'Wed (2)'!N62+Sun!N62+Sat!N62) -> 0 | ... T62: =('Thurs (2)'!T62+Thurs!T62+'Tues '!T62+Wed!T62+Fri!T62+'Mon '!T62+'Wed (2)'!T62+Sun!T62+Sat!T62) -> 0 | U62: =IFERROR(I62/H62,0) -> 0 | V62: =IFERROR(SUM(H62+L62)/G62,0) -> 0
A63: MGA | B63: GA | C63: SA | E63: State | F63: Agent | G63: SETS | H63: SITS | I63: SALES | J63: OTS SITS | K63: OTS SALES | L63: N1 | M63: REF OBT | N63: REF SITS | O63: REF SALES | P63: POS SITS | Q63: POS SALES | R63: VETS SITS | S63: VET SALES | T63: ALP | U63: Close | V63: Show
A64: Jacob Brown | D64: Y | E64: MI | F64: Jacob Brown | G64: =('Thurs (2)'!G64+Thurs!G64+'Tues '!G64+Wed!G64+Fri!G64+'Mon '!G64+'Wed (2)'!G64+Sun!G64+Sat!G64) -> 0 | H64: =('Thurs (2)'!H64+Thurs!H64+'Tues '!H64+Wed!H64+Fri!H64+'Mon '!H64+'Wed (2)'!H64+Sun!H64+Sat!H64) -> 0 | I64: =('Thurs (2)'!I64+Thurs!I64+'Tues '!I64+Wed!I64+Fri!I64+'Mon '!I64+'Wed (2)'!I64+Sun!I64+Sat!I64) -> 0 | J64: =('Thurs (2)'!J64+Thurs!J64+'Tues '!J64+Wed!J64+Fri!J64+'Mon '!J64+'Wed (2)'!J64+Sun!J64+Sat!J64) -> 0 | K64: =('Thurs (2)'!K64+Thurs!K64+'Tues '!K64+Wed!K64+Fri!K64+'Mon '!K64+'Wed (2)'!K64+Sun!K64+Sat!K64) -> 0 | L64: =('Thurs (2)'!L64+Thurs!L64+'Tues '!L64+Wed!L64+Fri!L64+'Mon '!L64+'Wed (2)'!L64+Sun!L64+Sat!L64) -> 0 | M64: =('Thurs (2)'!M64+Thurs!M64+'Tues '!M64+Wed!M64+Fri!M64+'Mon '!M64+'Wed (2)'!M64+Sun!M64+Sat!M64) -> 0 | N64: =('Thurs (2)'!N64+Thurs!N64+'Tues '!N64+Wed!N64+Fri!N64+'Mon '!N64+'Wed (2)'!N64+Sun!N64+Sat!N64) -> 0 | ... T64: =('Thurs (2)'!T64+Thurs!T64+'Tues '!T64+Wed!T64+Fri!T64+'Mon '!T64+'Wed (2)'!T64+Sun!T64+Sat!T64) -> 0 | U64: =IFERROR(I64/H64,0) -> 0 | V64: =IFERROR(SUM(H64+L64)/G64,0) -> 0
A65: Jacob Brown | C65: Kristen Fox | D65: Y | E65: NC | F65: Kristen Fox | G65: =('Thurs (2)'!G65+Thurs!G65+'Tues '!G65+Wed!G65+Fri!G65+'Mon '!G65+'Wed (2)'!G65+Sun!G65+Sat!G65) -> 1 | H65: =('Thurs (2)'!H65+Thurs!H65+'Tues '!H65+Wed!H65+Fri!H65+'Mon '!H65+'Wed (2)'!H65+Sun!H65+Sat!H65) -> 1 | I65: =('Thurs (2)'!I65+Thurs!I65+'Tues '!I65+Wed!I65+Fri!I65+'Mon '!I65+'Wed (2)'!I65+Sun!I65+Sat!I65) -> 0 | J65: =('Thurs (2)'!J65+Thurs!J65+'Tues '!J65+Wed!J65+Fri!J65+'Mon '!J65+'Wed (2)'!J65+Sun!J65+Sat!J65) -> 1 | K65: =('Thurs (2)'!K65+Thurs!K65+'Tues '!K65+Wed!K65+Fri!K65+'Mon '!K65+'Wed (2)'!K65+Sun!K65+Sat!K65) -> 0 | L65: =('Thurs (2)'!L65+Thurs!L65+'Tues '!L65+Wed!L65+Fri!L65+'Mon '!L65+'Wed (2)'!L65+Sun!L65+Sat!L65) -> 0 | M65: =('Thurs (2)'!M65+Thurs!M65+'Tues '!M65+Wed!M65+Fri!M65+'Mon '!M65+'Wed (2)'!M65+Sun!M65+Sat!M65) -> 3 | N65: =('Thurs (2)'!N65+Thurs!N65+'Tues '!N65+Wed!N65+Fri!N65+'Mon '!N65+'Wed (2)'!N65+Sun!N65+Sat!N65) -> 1 | ... T65: =('Thurs (2)'!T65+Thurs!T65+'Tues '!T65+Wed!T65+Fri!T65+'Mon '!T65+'Wed (2)'!T65+Sun!T65+Sat!T65) -> 0 | U65: =IFERROR(I65/H65,0) -> 0 | V65: =IFERROR(SUM(H65+L65)/G65,0) -> 1
A66: Jacob Brown | C66: Kristen Fox | F66: Marci Dyer | G66: =('Thurs (2)'!G66+Thurs!G66+'Tues '!G66+Wed!G66+Fri!G66+'Mon '!G66+'Wed (2)'!G66+Sun!G66+Sat!G66) -> 0 | H66: =('Thurs (2)'!H66+Thurs!H66+'Tues '!H66+Wed!H66+Fri!H66+'Mon '!H66+'Wed (2)'!H66+Sun!H66+Sat!H66) -> 0 | I66: =('Thurs (2)'!I66+Thurs!I66+'Tues '!I66+Wed!I66+Fri!I66+'Mon '!I66+'Wed (2)'!I66+Sun!I66+Sat!I66) -> 0 | J66: =('Thurs (2)'!J66+Thurs!J66+'Tues '!J66+Wed!J66+Fri!J66+'Mon '!J66+'Wed (2)'!J66+Sun!J66+Sat!J66) -> 0 | K66: =('Thurs (2)'!K66+Thurs!K66+'Tues '!K66+Wed!K66+Fri!K66+'Mon '!K66+'Wed (2)'!K66+Sun!K66+Sat!K66) -> 0 | L66: =('Thurs (2)'!L66+Thurs!L66+'Tues '!L66+Wed!L66+Fri!L66+'Mon '!L66+'Wed (2)'!L66+Sun!L66+Sat!L66) -> 0 | M66: =('Thurs (2)'!M66+Thurs!M66+'Tues '!M66+Wed!M66+Fri!M66+'Mon '!M66+'Wed (2)'!M66+Sun!M66+Sat!M66) -> 0 | N66: =('Thurs (2)'!N66+Thurs!N66+'Tues '!N66+Wed!N66+Fri!N66+'Mon '!N66+'Wed (2)'!N66+Sun!N66+Sat!N66) -> 0 | ... T66: =('Thurs (2)'!T66+Thurs!T66+'Tues '!T66+Wed!T66+Fri!T66+'Mon '!T66+'Wed (2)'!T66+Sun!T66+Sat!T66) -> 0 | U66: =IFERROR(I66/H66,0) -> 0 | V66: =IFERROR(SUM(H66+L66)/G66,0) -> 0
A67: Jacob Brown | C67: Joylynn Harris | D67: Y | E67: CA | F67: Joylynn Harris | G67: =('Thurs (2)'!G67+Thurs!G67+'Tues '!G67+Wed!G67+Fri!G67+'Mon '!G67+'Wed (2)'!G67+Sun!G67+Sat!G67) -> 3 | H67: =('Thurs (2)'!H67+Thurs!H67+'Tues '!H67+Wed!H67+Fri!H67+'Mon '!H67+'Wed (2)'!H67+Sun!H67+Sat!H67) -> 3 | I67: =('Thurs (2)'!I67+Thurs!I67+'Tues '!I67+Wed!I67+Fri!I67+'Mon '!I67+'Wed (2)'!I67+Sun!I67+Sat!I67) -> 0 | J67: =('Thurs (2)'!J67+Thurs!J67+'Tues '!J67+Wed!J67+Fri!J67+'Mon '!J67+'Wed (2)'!J67+Sun!J67+Sat!J67) -> 3 | K67: =('Thurs (2)'!K67+Thurs!K67+'Tues '!K67+Wed!K67+Fri!K67+'Mon '!K67+'Wed (2)'!K67+Sun!K67+Sat!K67) -> 0 | L67: =('Thurs (2)'!L67+Thurs!L67+'Tues '!L67+Wed!L67+Fri!L67+'Mon '!L67+'Wed (2)'!L67+Sun!L67+Sat!L67) -> 1 | M67: =('Thurs (2)'!M67+Thurs!M67+'Tues '!M67+Wed!M67+Fri!M67+'Mon '!M67+'Wed (2)'!M67+Sun!M67+Sat!M67) -> 23 | N67: =('Thurs (2)'!N67+Thurs!N67+'Tues '!N67+Wed!N67+Fri!N67+'Mon '!N67+'Wed (2)'!N67+Sun!N67+Sat!N67) -> 1 | ... T67: =('Thurs (2)'!T67+Thurs!T67+'Tues '!T67+Wed!T67+Fri!T67+'Mon '!T67+'Wed (2)'!T67+Sun!T67+Sat!T67) -> 0 | U67: =IFERROR(I67/H67,0) -> 0 | V67: =IFERROR(SUM(H67+L67)/G67,0) -> 1.3333333
A68: Jacob Brown | C68: Joylynn Harris | E68: TX | F68: Shafay Sutton | G68: =('Thurs (2)'!G68+Thurs!G68+'Tues '!G68+Wed!G68+Fri!G68+'Mon '!H69+'Wed (2)'!G68+Sun!G68+Sat!G68) -> 1 | H68: =('Thurs (2)'!H68+Thurs!H68+'Tues '!H68+Wed!H68+Fri!H68+'Mon '!I69+'Wed (2)'!H68+Sun!H68+Sat!H68) -> 1 | I68: =('Thurs (2)'!I68+Thurs!I68+'Tues '!I68+Wed!I68+Fri!I68+'Mon '!J69+'Wed (2)'!I68+Sun!I68+Sat!I68) -> 0 | J68: =('Thurs (2)'!J68+Thurs!J68+'Tues '!J68+Wed!J68+Fri!J68+'Mon '!K69+'Wed (2)'!J68+Sun!J68+Sat!J68) -> 1 | K68: =('Thurs (2)'!K68+Thurs!K68+'Tues '!K68+Wed!K68+Fri!K68+'Mon '!L69+'Wed (2)'!K68+Sun!K68+Sat!K68) -> 0 | L68: =('Thurs (2)'!L68+Thurs!L68+'Tues '!L68+Wed!L68+Fri!L68+'Mon '!M69+'Wed (2)'!L68+Sun!L68+Sat!L68) -> 1 | M68: =('Thurs (2)'!M68+Thurs!M68+'Tues '!M68+Wed!M68+Fri!M68+'Mon '!N69+'Wed (2)'!M68+Sun!M68+Sat!M68) -> 2 | N68: =('Thurs (2)'!N68+Thurs!N68+'Tues '!N68+Wed!N68+Fri!N68+'Mon '!O69+'Wed (2)'!N68+Sun!N68+Sat!N68) -> 0 | ... S68: =('Thurs (2)'!S68+Thurs!S68+'Tues '!S68+Wed!S68+Fri!S68+'Mon '!T69+'Wed (2)'!S68+Sun!S68+Sat!S68) -> 0 | T68: =('Thurs (2)'!T68+Thurs!T68+'Tues '!T68+Wed!T68+Fri!T68+'Mon '!T68+'Wed (2)'!T68+Sun!T68+Sat!T68) -> 0 | U68: =IFERROR(I68/H68,0) -> 0 | V68: =IFERROR(SUM(H68+L68)/G68,0) -> 2
A69: Jacob Brown | C69: Joylynn Harris | E69: IL | F69: Michael Hall | G69: =('Thurs (2)'!G69+Thurs!G69+'Tues '!G69+Wed!G69+Fri!G69+'Mon '!G69+'Wed (2)'!G69+Sun!G69+Sat!G69) -> 2 | H69: =('Thurs (2)'!H69+Thurs!H69+'Tues '!H69+Wed!H69+Fri!H69+#REF!+'Wed (2)'!H69+Sun!H69+Sat!H69) -> #REF! | I69: =('Thurs (2)'!I69+Thurs!I69+'Tues '!I69+Wed!I69+Fri!I69+#REF!+'Wed (2)'!I69+Sun!I69+Sat!I69) -> #REF! | J69: =('Thurs (2)'!J69+Thurs!J69+'Tues '!J69+Wed!J69+Fri!J69+#REF!+'Wed (2)'!J69+Sun!J69+Sat!J69) -> #REF! | K69: =('Thurs (2)'!K69+Thurs!K69+'Tues '!K69+Wed!K69+Fri!K69+#REF!+'Wed (2)'!K69+Sun!K69+Sat!K69) -> #REF! | L69: =('Thurs (2)'!L69+Thurs!L69+'Tues '!L69+Wed!L69+Fri!L69+#REF!+'Wed (2)'!L69+Sun!L69+Sat!L69) -> #REF! | M69: =('Thurs (2)'!M69+Thurs!M69+'Tues '!M69+Wed!M69+Fri!M69+#REF!+'Wed (2)'!M69+Sun!M69+Sat!M69) -> #REF! | N69: =('Thurs (2)'!N69+Thurs!N69+'Tues '!N69+Wed!N69+Fri!N69+#REF!+'Wed (2)'!N69+Sun!N69+Sat!N69) -> #REF! | O69: =('Thurs (2)'!O69+Thurs!O69+'Tues '!O69+Wed!O69+Fri!O69+#REF!+'Wed (2)'!O69+Sun!O69+Sat!O69) -> #REF! | ... T69: =('Thurs (2)'!T69+Thurs!T69+'Tues '!T69+Wed!T69+Fri!T69+#REF!+'Wed (2)'!T69+Sun!T69+Sat!T69) -> #REF! | U69: =IFERROR(I69/H69,0) -> 0 | V69: =IFERROR(SUM(H69+L69)/G69,0) -> 0
A70: MGA | B70: GA | C70: SA | E70: State | F70: Agent | G70: SETS | H70: SITS | I70: SALES | J70: OTS SITS | K70: OTS SALES | L70: N1 | M70: REF OBT | N70: REF SITS | O70: REF SALES | P70: POS SITS | Q70: POS SALES | R70: VETS SITS | S70: VET SALES | T70: ALP | U70: Close | V70: Show
A71: Derron Alexander | D71: Y | E71: NY | F71: Derron Alexander | G71: =('Thurs (2)'!G71+Thurs!G71+'Tues '!G71+Wed!G71+Fri!G71+'Mon '!G71+'Wed (2)'!G71+Sun!G71+Sat!G71) -> 0 | H71: =('Thurs (2)'!H71+Thurs!H71+'Tues '!H71+Wed!H71+Fri!H71+'Mon '!H71+'Wed (2)'!H71+Sun!H71+Sat!H71) -> 0 | I71: =('Thurs (2)'!I71+Thurs!I71+'Tues '!I71+Wed!I71+Fri!I71+'Mon '!I71+'Wed (2)'!I71+Sun!I71+Sat!I71) -> 0 | J71: =('Thurs (2)'!J71+Thurs!J71+'Tues '!J71+Wed!J71+Fri!J71+'Mon '!J71+'Wed (2)'!J71+Sun!J71+Sat!J71) -> 0 | K71: =('Thurs (2)'!K71+Thurs!K71+'Tues '!K71+Wed!K71+Fri!K71+'Mon '!K71+'Wed (2)'!K71+Sun!K71+Sat!K71) -> 0 | L71: =('Thurs (2)'!L71+Thurs!L71+'Tues '!L71+Wed!L71+Fri!L71+'Mon '!L71+'Wed (2)'!L71+Sun!L71+Sat!L71) -> 0 | M71: =('Thurs (2)'!M71+Thurs!M71+'Tues '!M71+Wed!M71+Fri!M71+'Mon '!M71+'Wed (2)'!M71+Sun!M71+Sat!M71) -> 0 | N71: =('Thurs (2)'!N71+Thurs!N71+'Tues '!N71+Wed!N71+Fri!N71+'Mon '!N71+'Wed (2)'!N71+Sun!N71+Sat!N71) -> 0 | ... T71: =('Thurs (2)'!T71+Thurs!T71+'Tues '!T71+Wed!T71+Fri!T71+'Mon '!T71+'Wed (2)'!T71+Sun!T71+Sat!T71) -> 0 | U71: =IFERROR(I71/H71,0) -> 0 | V71: =IFERROR(SUM(H71+L71)/G71,0) -> 0
A72: Derron Alexander | E72: MD | F72: Makeisha Allen | G72: =('Thurs (2)'!G72+Thurs!G72+'Tues '!G72+Wed!G72+Fri!G72+'Mon '!G72+'Wed (2)'!G72+Sun!G72+Sat!G72) -> 0 | H72: =('Thurs (2)'!H72+Thurs!H72+'Tues '!H72+Wed!H72+Fri!H72+'Mon '!H72+'Wed (2)'!H72+Sun!H72+Sat!H72) -> 0 | I72: =('Thurs (2)'!I72+Thurs!I72+'Tues '!I72+Wed!I72+Fri!I72+'Mon '!I72+'Wed (2)'!I72+Sun!I72+Sat!I72) -> 0 | J72: =('Thurs (2)'!J72+Thurs!J72+'Tues '!J72+Wed!J72+Fri!J72+'Mon '!J72+'Wed (2)'!J72+Sun!J72+Sat!J72) -> 0 | K72: =('Thurs (2)'!K72+Thurs!K72+'Tues '!K72+Wed!K72+Fri!K72+'Mon '!K72+'Wed (2)'!K72+Sun!K72+Sat!K72) -> 0 | L72: =('Thurs (2)'!L72+Thurs!L72+'Tues '!L72+Wed!L72+Fri!L72+'Mon '!L72+'Wed (2)'!L72+Sun!L72+Sat!L72) -> 0 | M72: =('Thurs (2)'!M72+Thurs!M72+'Tues '!M72+Wed!M72+Fri!M72+'Mon '!M72+'Wed (2)'!M72+Sun!M72+Sat!M72) -> 0 | N72: =('Thurs (2)'!N72+Thurs!N72+'Tues '!N72+Wed!N72+Fri!N72+'Mon '!N72+'Wed (2)'!N72+Sun!N72+Sat!N72) -> 0 | ... T72: =('Thurs (2)'!T72+Thurs!T72+'Tues '!T72+Wed!T72+Fri!T72+'Mon '!T72+'Wed (2)'!T72+Sun!T72+Sat!T72) -> 0 | U72: =IFERROR(I72/H72,0) -> 0 | V72: =IFERROR(SUM(H72+L72)/G72,0) -> 0
A73: Derron Alexander | E73: NY | F73: Kisha Darby | G73: =('Thurs (2)'!G73+Thurs!G73+'Tues '!G73+Wed!G73+Fri!G73+'Mon '!G73+'Wed (2)'!G73+Sun!G73+Sat!G73) -> 0 | H73: =('Thurs (2)'!H73+Thurs!H73+'Tues '!H73+Wed!H73+Fri!H73+'Mon '!H73+'Wed (2)'!H73+Sun!H73+Sat!H73) -> 0 | I73: =('Thurs (2)'!I73+Thurs!I73+'Tues '!I73+Wed!I73+Fri!I73+'Mon '!I73+'Wed (2)'!I73+Sun!I73+Sat!I73) -> 0 | J73: =('Thurs (2)'!J73+Thurs!J73+'Tues '!J73+Wed!J73+Fri!J73+'Mon '!J73+'Wed (2)'!J73+Sun!J73+Sat!J73) -> 0 | K73: =('Thurs (2)'!K73+Thurs!K73+'Tues '!K73+Wed!K73+Fri!K73+'Mon '!K73+'Wed (2)'!K73+Sun!K73+Sat!K73) -> 0 | L73: =('Thurs (2)'!L73+Thurs!L73+'Tues '!L73+Wed!L73+Fri!L73+'Mon '!L73+'Wed (2)'!L73+Sun!L73+Sat!L73) -> 0 | M73: =('Thurs (2)'!M73+Thurs!M73+'Tues '!M73+Wed!M73+Fri!M73+'Mon '!M73+'Wed (2)'!M73+Sun!M73+Sat!M73) -> 0 | N73: =('Thurs (2)'!N73+Thurs!N73+'Tues '!N73+Wed!N73+Fri!N73+'Mon '!N73+'Wed (2)'!N73+Sun!N73+Sat!N73) -> 0 | ... T73: =('Thurs (2)'!T73+Thurs!T73+'Tues '!T73+Wed!T73+Fri!T73+'Mon '!T73+'Wed (2)'!T73+Sun!T73+Sat!T73) -> 0 | U73: =IFERROR(I73/H73,0) -> 0 | V73: =IFERROR(SUM(H73+L73)/G73,0) -> 0
A74: Derron Alexander | E74: NY | F74: Michael Dolin | G74: =('Thurs (2)'!G74+Thurs!G74+'Tues '!G74+Wed!G74+Fri!G74+'Mon '!G74+'Wed (2)'!G74+Sun!G74+Sat!G74) -> 0 | H74: =('Thurs (2)'!H74+Thurs!H74+'Tues '!H74+Wed!H74+Fri!H74+'Mon '!H74+'Wed (2)'!H74+Sun!H74+Sat!H74) -> 0 | I74: =('Thurs (2)'!I74+Thurs!I74+'Tues '!I74+Wed!I74+Fri!I74+'Mon '!I74+'Wed (2)'!I74+Sun!I74+Sat!I74) -> 0 | J74: =('Thurs (2)'!J74+Thurs!J74+'Tues '!J74+Wed!J74+Fri!J74+'Mon '!J74+'Wed (2)'!J74+Sun!J74+Sat!J74) -> 0 | K74: =('Thurs (2)'!K74+Thurs!K74+'Tues '!K74+Wed!K74+Fri!K74+'Mon '!K74+'Wed (2)'!K74+Sun!K74+Sat!K74) -> 0 | L74: =('Thurs (2)'!L74+Thurs!L74+'Tues '!L74+Wed!L74+Fri!L74+'Mon '!L74+'Wed (2)'!L74+Sun!L74+Sat!L74) -> 0 | M74: =('Thurs (2)'!M74+Thurs!M74+'Tues '!M74+Wed!M74+Fri!M74+'Mon '!M74+'Wed (2)'!M74+Sun!M74+Sat!M74) -> 0 | N74: =('Thurs (2)'!N74+Thurs!N74+'Tues '!N74+Wed!N74+Fri!N74+'Mon '!N74+'Wed (2)'!N74+Sun!N74+Sat!N74) -> 0 | ... T74: =('Thurs (2)'!T74+Thurs!T74+'Tues '!T74+Wed!T74+Fri!T74+'Mon '!T74+'Wed (2)'!T74+Sun!T74+Sat!T74) -> 0 | U74: =IFERROR(I74/H74,0) -> 0 | V74: =IFERROR(SUM(H74+L74)/G74,0) -> 0
A75: Derron Alexander | E75: NY | F75: Toel Jefferson | G75: =('Thurs (2)'!G75+Thurs!G75+'Tues '!G75+Wed!G75+Fri!G75+'Mon '!G75+'Wed (2)'!G75+Sun!G75+Sat!G75) -> 0 | H75: =('Thurs (2)'!H75+Thurs!H75+'Tues '!H75+Wed!H75+Fri!H75+'Mon '!H75+'Wed (2)'!H75+Sun!H75+Sat!H75) -> 0 | I75: =('Thurs (2)'!I75+Thurs!I75+'Tues '!I75+Wed!I75+Fri!I75+'Mon '!I75+'Wed (2)'!I75+Sun!I75+Sat!I75) -> 0 | J75: =('Thurs (2)'!J75+Thurs!J75+'Tues '!J75+Wed!J75+Fri!J75+'Mon '!J75+'Wed (2)'!J75+Sun!J75+Sat!J75) -> 0 | K75: =('Thurs (2)'!K75+Thurs!K75+'Tues '!K75+Wed!K75+Fri!K75+'Mon '!K75+'Wed (2)'!K75+Sun!K75+Sat!K75) -> 0 | L75: =('Thurs (2)'!L75+Thurs!L75+'Tues '!L75+Wed!L75+Fri!L75+'Mon '!L75+'Wed (2)'!L75+Sun!L75+Sat!L75) -> 0 | M75: =('Thurs (2)'!M75+Thurs!M75+'Tues '!M75+Wed!M75+Fri!M75+'Mon '!M75+'Wed (2)'!M75+Sun!M75+Sat!M75) -> 0 | N75: =('Thurs (2)'!N75+Thurs!N75+'Tues '!N75+Wed!N75+Fri!N75+'Mon '!N75+'Wed (2)'!N75+Sun!N75+Sat!N75) -> 0 | ... T75: =('Thurs (2)'!T75+Thurs!T75+'Tues '!T75+Wed!T75+Fri!T75+'Mon '!T75+'Wed (2)'!T75+Sun!T75+Sat!T75) -> 0 | U75: =IFERROR(I75/H75,0) -> 0 | V75: =IFERROR(SUM(H75+L75)/G75,0) -> 0
A76: Derron Alexander | E76: NY | F76: Zev Bienenstock | G76: =('Thurs (2)'!G76+Thurs!G76+'Tues '!G76+Wed!G76+Fri!G76+'Mon '!G76+'Wed (2)'!G76+Sun!G76+Sat!G76) -> 0 | H76: =('Thurs (2)'!H76+Thurs!H76+'Tues '!H76+Wed!H76+Fri!H76+'Mon '!H76+'Wed (2)'!H76+Sun!H76+Sat!H76) -> 0 | I76: =('Thurs (2)'!I76+Thurs!I76+'Tues '!I76+Wed!I76+Fri!I76+'Mon '!I76+'Wed (2)'!I76+Sun!I76+Sat!I76) -> 0 | J76: =('Thurs (2)'!J76+Thurs!J76+'Tues '!J76+Wed!J76+Fri!J76+'Mon '!J76+'Wed (2)'!J76+Sun!J76+Sat!J76) -> 0 | K76: =('Thurs (2)'!K76+Thurs!K76+'Tues '!K76+Wed!K76+Fri!K76+'Mon '!K76+'Wed (2)'!K76+Sun!K76+Sat!K76) -> 0 | L76: =('Thurs (2)'!L76+Thurs!L76+'Tues '!L76+Wed!L76+Fri!L76+'Mon '!L76+'Wed (2)'!L76+Sun!L76+Sat!L76) -> 0 | M76: =('Thurs (2)'!M76+Thurs!M76+'Tues '!M76+Wed!M76+Fri!M76+'Mon '!M76+'Wed (2)'!M76+Sun!M76+Sat!M76) -> 0 | N76: =('Thurs (2)'!N76+Thurs!N76+'Tues '!N76+Wed!N76+Fri!N76+'Mon '!N76+'Wed (2)'!N76+Sun!N76+Sat!N76) -> 0 | ... T76: =('Thurs (2)'!T76+Thurs!T76+'Tues '!T76+Wed!T76+Fri!T76+'Mon '!T76+'Wed (2)'!T76+Sun!T76+Sat!T76) -> 0 | U76: =IFERROR(I76/H76,0) -> 0 | V76: =IFERROR(SUM(H76+L76)/G76,0) -> 0
A77: Derron Alexander | E77: NY | F77: Marie Cano | G77: =('Thurs (2)'!G77+Thurs!G77+'Tues '!G77+Wed!G77+Fri!G77+'Mon '!G77+'Wed (2)'!G77+Sun!G77+Sat!G77) -> 0 | H77: =('Thurs (2)'!H77+Thurs!H77+'Tues '!H77+Wed!H77+Fri!H77+'Mon '!H77+'Wed (2)'!H77+Sun!H77+Sat!H77) -> 0 | I77: =('Thurs (2)'!I77+Thurs!I77+'Tues '!I77+Wed!I77+Fri!I77+'Mon '!I77+'Wed (2)'!I77+Sun!I77+Sat!I77) -> 0 | J77: =('Thurs (2)'!J77+Thurs!J77+'Tues '!J77+Wed!J77+Fri!J77+'Mon '!J77+'Wed (2)'!J77+Sun!J77+Sat!J77) -> 0 | K77: =('Thurs (2)'!K77+Thurs!K77+'Tues '!K77+Wed!K77+Fri!K77+'Mon '!K77+'Wed (2)'!K77+Sun!K77+Sat!K77) -> 0 | L77: =('Thurs (2)'!L77+Thurs!L77+'Tues '!L77+Wed!L77+Fri!L77+'Mon '!L77+'Wed (2)'!L77+Sun!L77+Sat!L77) -> 0 | M77: =('Thurs (2)'!M77+Thurs!M77+'Tues '!M77+Wed!M77+Fri!M77+'Mon '!M77+'Wed (2)'!M77+Sun!M77+Sat!M77) -> 0 | N77: =('Thurs (2)'!N77+Thurs!N77+'Tues '!N77+Wed!N77+Fri!N77+'Mon '!N77+'Wed (2)'!N77+Sun!N77+Sat!N77) -> 0 | ... T77: =('Thurs (2)'!T77+Thurs!T77+'Tues '!T77+Wed!T77+Fri!T77+'Mon '!T77+'Wed (2)'!T77+Sun!T77+Sat!T77) -> 0 | U77: =IFERROR(I77/H77,0) -> 0 | V77: =IFERROR(SUM(H77+L77)/G77,0) -> 0
A78: Derron Alexander | E78: NY | F78: Jordan McFarlane | G78: =('Thurs (2)'!G78+Thurs!G78+'Tues '!G78+Wed!G78+Fri!G78+'Mon '!G78+'Wed (2)'!G78+Sun!G78+Sat!G78) -> 1 | H78: =('Thurs (2)'!H78+Thurs!H78+'Tues '!H78+Wed!H78+Fri!H78+'Mon '!H78+'Wed (2)'!H78+Sun!H78+Sat!H78) -> 1 | I78: =('Thurs (2)'!I78+Thurs!I78+'Tues '!I78+Wed!I78+Fri!I78+'Mon '!I78+'Wed (2)'!I78+Sun!I78+Sat!I78) -> 1 | J78: =('Thurs (2)'!J78+Thurs!J78+'Tues '!J78+Wed!J78+Fri!J78+'Mon '!J78+'Wed (2)'!J78+Sun!J78+Sat!J78) -> 1 | K78: =('Thurs (2)'!K78+Thurs!K78+'Tues '!K78+Wed!K78+Fri!K78+'Mon '!K78+'Wed (2)'!K78+Sun!K78+Sat!K78) -> 1 | L78: =('Thurs (2)'!L78+Thurs!L78+'Tues '!L78+Wed!L78+Fri!L78+'Mon '!L78+'Wed (2)'!L78+Sun!L78+Sat!L78) -> 1 | M78: =('Thurs (2)'!M78+Thurs!M78+'Tues '!M78+Wed!M78+Fri!M78+'Mon '!M78+'Wed (2)'!M78+Sun!M78+Sat!M78) -> 0 | N78: =('Thurs (2)'!N78+Thurs!N78+'Tues '!N78+Wed!N78+Fri!N78+'Mon '!N78+'Wed (2)'!N78+Sun!N78+Sat!N78) -> 0 | ... T78: =('Thurs (2)'!T78+Thurs!T78+'Tues '!T78+Wed!T78+Fri!T78+'Mon '!T78+'Wed (2)'!T78+Sun!T78+Sat!T78) -> 2100 | U78: =IFERROR(I78/H78,0) -> 1 | V78: =IFERROR(SUM(H78+L78)/G78,0) -> 2
A79: Derron Alexander | E79: NY | F79: LaToya Clark | G79: =('Thurs (2)'!G79+Thurs!G79+'Tues '!G79+Wed!G79+Fri!G79+'Mon '!G79+'Wed (2)'!G79+Sun!G79+Sat!G79) -> 0 | H79: =('Thurs (2)'!H79+Thurs!H79+'Tues '!H79+Wed!H79+Fri!H79+'Mon '!H79+'Wed (2)'!H79+Sun!H79+Sat!H79) -> 0 | I79: =('Thurs (2)'!I79+Thurs!I79+'Tues '!I79+Wed!I79+Fri!I79+'Mon '!I79+'Wed (2)'!I79+Sun!I79+Sat!I79) -> 0 | J79: =('Thurs (2)'!J79+Thurs!J79+'Tues '!J79+Wed!J79+Fri!J79+'Mon '!J79+'Wed (2)'!J79+Sun!J79+Sat!J79) -> 0 | K79: =('Thurs (2)'!K79+Thurs!K79+'Tues '!K79+Wed!K79+Fri!K79+'Mon '!K79+'Wed (2)'!K79+Sun!K79+Sat!K79) -> 0 | L79: =('Thurs (2)'!L79+Thurs!L79+'Tues '!L79+Wed!L79+Fri!L79+'Mon '!L79+'Wed (2)'!L79+Sun!L79+Sat!L79) -> 0 | M79: =('Thurs (2)'!M79+Thurs!M79+'Tues '!M79+Wed!M79+Fri!M79+'Mon '!M79+'Wed (2)'!M79+Sun!M79+Sat!M79) -> 0 | N79: =('Thurs (2)'!N79+Thurs!N79+'Tues '!N79+Wed!N79+Fri!N79+'Mon '!N79+'Wed (2)'!N79+Sun!N79+Sat!N79) -> 0 | ... T79: =('Thurs (2)'!T79+Thurs!T79+'Tues '!T79+Wed!T79+Fri!T79+'Mon '!T79+'Wed (2)'!T79+Sun!T79+Sat!T79) -> 0 | U79: =IFERROR(I79/H79,0) -> 0 | V79: =IFERROR(SUM(H79+L79)/G79,0) -> 0
A80: MGA | B80: GA | C80: SA | E80: State | F80: Agent | G80: SETS | H80: SITS | I80: SALES | J80: OTS SITS | K80: OTS SALES | L80: N1 | M80: REF OBT | N80: REF SITS | O80: REF SALES | P80: POS SITS | Q80: POS SALES | R80: VETS SITS | S80: VET SALES | T80: ALP | U80: Close | V80: Show
A81: David Fulfer | D81: Y | E81: SC | F81: David Fulfer | G81: =('Thurs (2)'!G81+Thurs!G81+'Tues '!G81+Wed!G81+Fri!G81+'Mon '!G81+'Wed (2)'!G81+Sun!G81+Sat!G81) -> 0 | H81: =('Thurs (2)'!H81+Thurs!H81+'Tues '!H81+Wed!H81+Fri!H81+'Mon '!H81+'Wed (2)'!H81+Sun!H81+Sat!H81) -> 0 | I81: =('Thurs (2)'!I81+Thurs!I81+'Tues '!I81+Wed!I81+Fri!I81+'Mon '!I81+'Wed (2)'!I81+Sun!I81+Sat!I81) -> 0 | J81: =('Thurs (2)'!J81+Thurs!J81+'Tues '!J81+Wed!J81+Fri!J81+'Mon '!J81+'Wed (2)'!J81+Sun!J81+Sat!J81) -> 0 | K81: =('Thurs (2)'!K81+Thurs!K81+'Tues '!K81+Wed!K81+Fri!K81+'Mon '!K81+'Wed (2)'!K81+Sun!K81+Sat!K81) -> 0 | L81: =('Thurs (2)'!L81+Thurs!L81+'Tues '!L81+Wed!L81+Fri!L81+'Mon '!L81+'Wed (2)'!L81+Sun!L81+Sat!L81) -> 0 | M81: =('Thurs (2)'!M81+Thurs!M81+'Tues '!M81+Wed!M81+Fri!M81+'Mon '!M81+'Wed (2)'!M81+Sun!M81+Sat!M81) -> 0 | N81: =('Thurs (2)'!N81+Thurs!N81+'Tues '!N81+Wed!N81+Fri!N81+'Mon '!N81+'Wed (2)'!N81+Sun!N81+Sat!N81) -> 0 | ... T81: =('Thurs (2)'!T81+Thurs!T81+'Tues '!T81+Wed!T81+Fri!T81+'Mon '!T81+'Wed (2)'!T81+Sun!T81+Sat!T81) -> 0 | U81: =IFERROR(I81/H81,0) -> 0 | V81: =IFERROR(SUM(H81+L81)/G81,0) -> 0
A82: David Fulfer | E82: MO | F82: William Benline | G82: =('Thurs (2)'!G82+Thurs!G82+'Tues '!G82+Wed!G82+Fri!G82+'Mon '!G82+'Wed (2)'!G82+Sun!G82+Sat!G82) -> 0 | H82: =('Thurs (2)'!H82+Thurs!H82+'Tues '!H82+Wed!H82+Fri!H82+'Mon '!H82+'Wed (2)'!H82+Sun!H82+Sat!H82) -> 0 | I82: =('Thurs (2)'!I82+Thurs!I82+'Tues '!I82+Wed!I82+Fri!I82+'Mon '!I82+'Wed (2)'!I82+Sun!I82+Sat!I82) -> 0 | J82: =('Thurs (2)'!J82+Thurs!J82+'Tues '!J82+Wed!J82+Fri!J82+'Mon '!J82+'Wed (2)'!J82+Sun!J82+Sat!J82) -> 0 | K82: =('Thurs (2)'!K82+Thurs!K82+'Tues '!K82+Wed!K82+Fri!K82+'Mon '!K82+'Wed (2)'!K82+Sun!K82+Sat!K82) -> 0 | L82: =('Thurs (2)'!L82+Thurs!L82+'Tues '!L82+Wed!L82+Fri!L82+'Mon '!L82+'Wed (2)'!L82+Sun!L82+Sat!L82) -> 0 | M82: =('Thurs (2)'!M82+Thurs!M82+'Tues '!M82+Wed!M82+Fri!M82+'Mon '!M82+'Wed (2)'!M82+Sun!M82+Sat!M82) -> 0 | N82: =('Thurs (2)'!N82+Thurs!N82+'Tues '!N82+Wed!N82+Fri!N82+'Mon '!N82+'Wed (2)'!N82+Sun!N82+Sat!N82) -> 0 | ... T82: =('Thurs (2)'!T82+Thurs!T82+'Tues '!T82+Wed!T82+Fri!T82+'Mon '!T82+'Wed (2)'!T82+Sun!T82+Sat!T82) -> 0 | U82: =IFERROR(I82/H82,0) -> 0 | V82: =IFERROR(SUM(H82+L82)/G82,0) -> 0
A83: David Fulfer | C83: Ken Hermann | D83: Y | E83: TX | F83: Ken Hermann | G83: =('Thurs (2)'!G83+Thurs!G83+'Tues '!G83+Wed!G83+Fri!G83+'Mon '!G83+'Wed (2)'!G83+Sun!G83+Sat!G83) -> 3 | H83: =('Thurs (2)'!H83+Thurs!H83+'Tues '!H83+Wed!H83+Fri!H83+'Mon '!H83+'Wed (2)'!H83+Sun!H83+Sat!H83) -> 4 | I83: =('Thurs (2)'!I83+Thurs!I83+'Tues '!I83+Wed!I83+Fri!I83+'Mon '!I83+'Wed (2)'!I83+Sun!I83+Sat!I83) -> 1 | J83: =('Thurs (2)'!J83+Thurs!J83+'Tues '!J83+Wed!J83+Fri!J83+'Mon '!J83+'Wed (2)'!J83+Sun!J83+Sat!J83) -> 3 | K83: =('Thurs (2)'!K83+Thurs!K83+'Tues '!K83+Wed!K83+Fri!K83+'Mon '!K83+'Wed (2)'!K83+Sun!K83+Sat!K83) -> 1 | L83: =('Thurs (2)'!L83+Thurs!L83+'Tues '!L83+Wed!L83+Fri!L83+'Mon '!L83+'Wed (2)'!L83+Sun!L83+Sat!L83) -> 1 | M83: =('Thurs (2)'!M83+Thurs!M83+'Tues '!M83+Wed!M83+Fri!M83+'Mon '!M83+'Wed (2)'!M83+Sun!M83+Sat!M83) -> 17 | N83: =('Thurs (2)'!N83+Thurs!N83+'Tues '!N83+Wed!N83+Fri!N83+'Mon '!N83+'Wed (2)'!N83+Sun!N83+Sat!N83) -> 2 | ... T83: =('Thurs (2)'!T83+Thurs!T83+'Tues '!T83+Wed!T83+Fri!T83+'Mon '!T83+'Wed (2)'!T83+Sun!T83+Sat!T83) -> 1262.76 | U83: =IFERROR(I83/H83,0) -> 0.25 | V83: =IFERROR(SUM(H83+L83)/G83,0) -> 1.6666667
A84: David Fulfer | C84: Ken Hermann | F84: Emmy Phipps | G84: =('Thurs (2)'!G84+Thurs!G84+'Tues '!G84+Wed!G84+Fri!G84+'Mon '!G84+'Wed (2)'!G84+Sun!G84+Sat!G84) -> 0 | H84: =('Thurs (2)'!H84+Thurs!H84+'Tues '!H84+Wed!H84+Fri!H84+'Mon '!H84+'Wed (2)'!H84+Sun!H84+Sat!H84) -> 0 | I84: =('Thurs (2)'!I84+Thurs!I84+'Tues '!I84+Wed!I84+Fri!I84+'Mon '!I84+'Wed (2)'!I84+Sun!I84+Sat!I84) -> 0 | J84: =('Thurs (2)'!J84+Thurs!J84+'Tues '!J84+Wed!J84+Fri!J84+'Mon '!J84+'Wed (2)'!J84+Sun!J84+Sat!J84) -> 0 | K84: =('Thurs (2)'!K84+Thurs!K84+'Tues '!K84+Wed!K84+Fri!K84+'Mon '!K84+'Wed (2)'!K84+Sun!K84+Sat!K84) -> 0 | L84: =('Thurs (2)'!L84+Thurs!L84+'Tues '!L84+Wed!L84+Fri!L84+'Mon '!L84+'Wed (2)'!L84+Sun!L84+Sat!L84) -> 0 | M84: =('Thurs (2)'!M84+Thurs!M84+'Tues '!M84+Wed!M84+Fri!M84+'Mon '!M84+'Wed (2)'!M84+Sun!M84+Sat!M84) -> 0 | N84: =('Thurs (2)'!N84+Thurs!N84+'Tues '!N84+Wed!N84+Fri!N84+'Mon '!N84+'Wed (2)'!N84+Sun!N84+Sat!N84) -> 0 | ... T84: =('Thurs (2)'!T84+Thurs!T84+'Tues '!T84+Wed!T84+Fri!T84+'Mon '!T84+'Wed (2)'!T84+Sun!T84+Sat!T84) -> 0 | U84: =IFERROR(I84/H84,0) -> 0 | V84: =IFERROR(SUM(H84+L84)/G84,0) -> 0
A85: David Fulfer | C85: Ken Hermann | F85: Sasha Blake | G85: =('Thurs (2)'!G85+Thurs!G85+'Tues '!G85+Wed!G85+Fri!G85+'Mon '!G85+'Wed (2)'!G85+Sun!G85+Sat!G85) -> 0 | H85: =('Thurs (2)'!H85+Thurs!H85+'Tues '!H85+Wed!H85+Fri!H85+'Mon '!H85+'Wed (2)'!H85+Sun!H85+Sat!H85) -> 0 | I85: =('Thurs (2)'!I85+Thurs!I85+'Tues '!I85+Wed!I85+Fri!I85+'Mon '!I85+'Wed (2)'!I85+Sun!I85+Sat!I85) -> 0 | J85: =('Thurs (2)'!J85+Thurs!J85+'Tues '!J85+Wed!J85+Fri!J85+'Mon '!J85+'Wed (2)'!J85+Sun!J85+Sat!J85) -> 0 | K85: =('Thurs (2)'!K85+Thurs!K85+'Tues '!K85+Wed!K85+Fri!K85+'Mon '!K85+'Wed (2)'!K85+Sun!K85+Sat!K85) -> 0 | L85: =('Thurs (2)'!L85+Thurs!L85+'Tues '!L85+Wed!L85+Fri!L85+'Mon '!L85+'Wed (2)'!L85+Sun!L85+Sat!L85) -> 0 | M85: =('Thurs (2)'!M85+Thurs!M85+'Tues '!M85+Wed!M85+Fri!M85+'Mon '!M85+'Wed (2)'!M85+Sun!M85+Sat!M85) -> 0 | N85: =('Thurs (2)'!N85+Thurs!N85+'Tues '!N85+Wed!N85+Fri!N85+'Mon '!N85+'Wed (2)'!N85+Sun!N85+Sat!N85) -> 0 | ... T85: =('Thurs (2)'!T85+Thurs!T85+'Tues '!T85+Wed!T85+Fri!T85+'Mon '!T85+'Wed (2)'!T85+Sun!T85+Sat!T85) -> 0 | U85: =IFERROR(I85/H85,0) -> 0 | V85: =IFERROR(SUM(H85+L85)/G85,0) -> 0
A86: David Fulfer | C86: Annie Ransom | D86: Y | E86: OR | F86: Annie Ransom | G86: =('Thurs (2)'!G86+Thurs!G86+'Tues '!G86+Wed!G86+Fri!G86+'Mon '!G86+'Wed (2)'!G86+Sun!G86+Sat!G86) -> 0 | H86: =('Thurs (2)'!H86+Thurs!H86+'Tues '!H86+Wed!H86+Fri!H86+'Mon '!H86+'Wed (2)'!H86+Sun!H86+Sat!H86) -> 0 | I86: =('Thurs (2)'!I86+Thurs!I86+'Tues '!I86+Wed!I86+Fri!I86+'Mon '!I86+'Wed (2)'!I86+Sun!I86+Sat!I86) -> 0 | J86: =('Thurs (2)'!J86+Thurs!J86+'Tues '!J86+Wed!J86+Fri!J86+'Mon '!J86+'Wed (2)'!J86+Sun!J86+Sat!J86) -> 0 | K86: =('Thurs (2)'!K86+Thurs!K86+'Tues '!K86+Wed!K86+Fri!K86+'Mon '!K86+'Wed (2)'!K86+Sun!K86+Sat!K86) -> 0 | L86: =('Thurs (2)'!L86+Thurs!L86+'Tues '!L86+Wed!L86+Fri!L86+'Mon '!L86+'Wed (2)'!L86+Sun!L86+Sat!L86) -> 0 | M86: =('Thurs (2)'!M86+Thurs!M86+'Tues '!M86+Wed!M86+Fri!M86+'Mon '!M86+'Wed (2)'!M86+Sun!M86+Sat!M86) -> 0 | N86: =('Thurs (2)'!N86+Thurs!N86+'Tues '!N86+Wed!N86+Fri!N86+'Mon '!N86+'Wed (2)'!N86+Sun!N86+Sat!N86) -> 0 | ... T86: =('Thurs (2)'!T86+Thurs!T86+'Tues '!T86+Wed!T86+Fri!T86+'Mon '!T86+'Wed (2)'!T86+Sun!T86+Sat!T86) -> 0 | U86: =IFERROR(I86/H86,0) -> 0 | V86: =IFERROR(SUM(H86+L86)/G86,0) -> 0
A87: David Fulfer | C87: Annie Ransom | E87: TX | F87: Caroline Sanazaro | G87: =('Thurs (2)'!G87+Thurs!G87+'Tues '!G87+Wed!G87+Fri!G87+'Mon '!G87+'Wed (2)'!G87+Sun!G87+Sat!G87) -> 0 | H87: =('Thurs (2)'!H87+Thurs!H87+'Tues '!H87+Wed!H87+Fri!H87+'Mon '!H87+'Wed (2)'!H87+Sun!H87+Sat!H87) -> 0 | I87: =('Thurs (2)'!I87+Thurs!I87+'Tues '!I87+Wed!I87+Fri!I87+'Mon '!I87+'Wed (2)'!I87+Sun!I87+Sat!I87) -> 0 | J87: =('Thurs (2)'!J87+Thurs!J87+'Tues '!J87+Wed!J87+Fri!J87+'Mon '!J87+'Wed (2)'!J87+Sun!J87+Sat!J87) -> 0 | K87: =('Thurs (2)'!K87+Thurs!K87+'Tues '!K87+Wed!K87+Fri!K87+'Mon '!K87+'Wed (2)'!K87+Sun!K87+Sat!K87) -> 0 | L87: =('Thurs (2)'!L87+Thurs!L87+'Tues '!L87+Wed!L87+Fri!L87+'Mon '!L87+'Wed (2)'!L87+Sun!L87+Sat!L87) -> 0 | M87: =('Thurs (2)'!M87+Thurs!M87+'Tues '!M87+Wed!M87+Fri!M87+'Mon '!M87+'Wed (2)'!M87+Sun!M87+Sat!M87) -> 0 | N87: =('Thurs (2)'!N87+Thurs!N87+'Tues '!N87+Wed!N87+Fri!N87+'Mon '!N87+'Wed (2)'!N87+Sun!N87+Sat!N87) -> 0 | ... T87: =('Thurs (2)'!T87+Thurs!T87+'Tues '!T87+Wed!T87+Fri!T87+'Mon '!T87+'Wed (2)'!T87+Sun!T87+Sat!T87) -> 0 | U87: =IFERROR(I87/H87,0) -> 0 | V87: =IFERROR(SUM(H87+L87)/G87,0) -> 0
A88: MGA | B88: GA | C88: SA | E88: State | F88: Agent | G88: SETS | H88: SITS | I88: SALES | J88: OTS SITS | K88: OTS SALES | L88: N1 | M88: REF OBT | N88: REF SITS | O88: REF SALES | P88: POS SITS | Q88: POS SALES | R88: VETS SITS | S88: VET SALES | T88: ALP | U88: Close | V88: Show
A89: Ashlynn Orng | D89: Y | E89: CA | F89: Ashlynn Orng | G89: =('Thurs (2)'!G89+Thurs!G89+'Tues '!G89+Wed!G89+Fri!G89+'Mon '!G89+'Wed (2)'!G89+Sun!G89+Sat!G89) -> 0 | H89: =('Thurs (2)'!H89+Thurs!H89+'Tues '!H89+Wed!H89+Fri!H89+'Mon '!H89+'Wed (2)'!H89+Sun!H89+Sat!H89) -> 0 | I89: =('Thurs (2)'!I89+Thurs!I89+'Tues '!I89+Wed!I89+Fri!I89+'Mon '!I89+'Wed (2)'!I89+Sun!I89+Sat!I89) -> 0 | J89: =('Thurs (2)'!J89+Thurs!J89+'Tues '!J89+Wed!J89+Fri!J89+'Mon '!J89+'Wed (2)'!J89+Sun!J89+Sat!J89) -> 0 | K89: =('Thurs (2)'!K89+Thurs!K89+'Tues '!K89+Wed!K89+Fri!K89+'Mon '!K89+'Wed (2)'!K89+Sun!K89+Sat!K89) -> 0 | L89: =('Thurs (2)'!L89+Thurs!L89+'Tues '!L89+Wed!L89+Fri!L89+'Mon '!L89+'Wed (2)'!L89+Sun!L89+Sat!L89) -> 0 | M89: =('Thurs (2)'!M89+Thurs!M89+'Tues '!M89+Wed!M89+Fri!M89+'Mon '!M89+'Wed (2)'!M89+Sun!M89+Sat!M89) -> 0 | N89: =('Thurs (2)'!N89+Thurs!N89+'Tues '!N89+Wed!N89+Fri!N89+'Mon '!N89+'Wed (2)'!N89+Sun!N89+Sat!N89) -> 0 | ... T89: =('Thurs (2)'!T89+Thurs!T89+'Tues '!T89+Wed!T89+Fri!T89+'Mon '!T89+'Wed (2)'!T89+Sun!T89+Sat!T89) -> 0 | U89: =IFERROR(I89/H89,0) -> 0 | V89: =IFERROR(SUM(H89+L89)/G89,0) -> 0
A90: Ashlynn Orng | E90: TX | F90: O'Neil Mbakwe | G90: =('Thurs (2)'!G90+Thurs!G90+'Tues '!G90+Wed!G90+Fri!G90+'Mon '!G90+'Wed (2)'!G90+Sun!G90+Sat!G90) -> 12 | H90: =('Thurs (2)'!H90+Thurs!H90+'Tues '!H90+Wed!H90+Fri!H90+'Mon '!H90+'Wed (2)'!H90+Sun!H90+Sat!H90) -> 11 | I90: =('Thurs (2)'!I90+Thurs!I90+'Tues '!I90+Wed!I90+Fri!I90+'Mon '!I90+'Wed (2)'!I90+Sun!I90+Sat!I90) -> 4 | J90: =('Thurs (2)'!J90+Thurs!J90+'Tues '!J90+Wed!J90+Fri!J90+'Mon '!J90+'Wed (2)'!J90+Sun!J90+Sat!J90) -> 0 | K90: =('Thurs (2)'!K90+Thurs!K90+'Tues '!K90+Wed!K90+Fri!K90+'Mon '!K90+'Wed (2)'!K90+Sun!K90+Sat!K90) -> 0 | L90: =('Thurs (2)'!L90+Thurs!L90+'Tues '!L90+Wed!L90+Fri!L90+'Mon '!L90+'Wed (2)'!L90+Sun!L90+Sat!L90) -> 0 | M90: =('Thurs (2)'!M90+Thurs!M90+'Tues '!M90+Wed!M90+Fri!M90+'Mon '!M90+'Wed (2)'!M90+Sun!M90+Sat!M90) -> 50 | N90: =('Thurs (2)'!N90+Thurs!N90+'Tues '!N90+Wed!N90+Fri!N90+'Mon '!N90+'Wed (2)'!N90+Sun!N90+Sat!N90) -> 8 | ... T90: =('Thurs (2)'!T90+Thurs!T90+'Tues '!T90+Wed!T90+Fri!T90+'Mon '!T90+'Wed (2)'!T90+Sun!T90+Sat!T90) -> 4755 | U90: =IFERROR(I90/H90,0) -> 0.36363636 | V90: =IFERROR(SUM(H90+L90)/G90,0) -> 0.91666667
A91: Ashlynn Orng | E91: MO | F91: Alexa Legg | G91: =('Thurs (2)'!G91+Thurs!G91+'Tues '!G91+Wed!G91+Fri!G91+'Mon '!G91+'Wed (2)'!G91+Sun!G91+Sat!G91) -> 0 | H91: =('Thurs (2)'!H91+Thurs!H91+'Tues '!H91+Wed!H91+Fri!H91+'Mon '!H91+'Wed (2)'!H91+Sun!H91+Sat!H91) -> 0 | I91: =('Thurs (2)'!I91+Thurs!I91+'Tues '!I91+Wed!I91+Fri!I91+'Mon '!I91+'Wed (2)'!I91+Sun!I91+Sat!I91) -> 0 | J91: =('Thurs (2)'!J91+Thurs!J91+'Tues '!J91+Wed!J91+Fri!J91+'Mon '!J91+'Wed (2)'!J91+Sun!J91+Sat!J91) -> 0 | K91: =('Thurs (2)'!K91+Thurs!K91+'Tues '!K91+Wed!K91+Fri!K91+'Mon '!K91+'Wed (2)'!K91+Sun!K91+Sat!K91) -> 0 | L91: =('Thurs (2)'!L91+Thurs!L91+'Tues '!L91+Wed!L91+Fri!L91+'Mon '!L91+'Wed (2)'!L91+Sun!L91+Sat!L91) -> 0 | M91: =('Thurs (2)'!M91+Thurs!M91+'Tues '!M91+Wed!M91+Fri!M91+'Mon '!M91+'Wed (2)'!M91+Sun!M91+Sat!M91) -> 0 | N91: =('Thurs (2)'!N91+Thurs!N91+'Tues '!N91+Wed!N91+Fri!N91+'Mon '!N91+'Wed (2)'!N91+Sun!N91+Sat!N91) -> 0 | ... T91: =('Thurs (2)'!T91+Thurs!T91+'Tues '!T91+Wed!T91+Fri!T91+'Mon '!T91+'Wed (2)'!T91+Sun!T91+Sat!T91) -> 0 | U91: =IFERROR(I91/H91,0) -> 0 | V91: =IFERROR(SUM(H91+L91)/G91,0) -> 0
A92: Ashlynn Orng | F92: Crystal Mekdarasack | G92: =('Thurs (2)'!G92+Thurs!G92+'Tues '!G92+Wed!G92+Fri!G92+'Mon '!G92+'Wed (2)'!G92+Sun!G92+Sat!G92) -> 0 | H92: =('Thurs (2)'!H92+Thurs!H92+'Tues '!H92+Wed!H92+Fri!H92+'Mon '!H92+'Wed (2)'!H92+Sun!H92+Sat!H92) -> 0 | I92: =('Thurs (2)'!I92+Thurs!I92+'Tues '!I92+Wed!I92+Fri!I92+'Mon '!I92+'Wed (2)'!I92+Sun!I92+Sat!I92) -> 0 | J92: =('Thurs (2)'!J92+Thurs!J92+'Tues '!J92+Wed!J92+Fri!J92+'Mon '!J92+'Wed (2)'!J92+Sun!J92+Sat!J92) -> 0 | K92: =('Thurs (2)'!K92+Thurs!K92+'Tues '!K92+Wed!K92+Fri!K92+'Mon '!K92+'Wed (2)'!K92+Sun!K92+Sat!K92) -> 0 | L92: =('Thurs (2)'!L92+Thurs!L92+'Tues '!L92+Wed!L92+Fri!L92+'Mon '!L92+'Wed (2)'!L92+Sun!L92+Sat!L92) -> 0 | M92: =('Thurs (2)'!M92+Thurs!M92+'Tues '!M92+Wed!M92+Fri!M92+'Mon '!M92+'Wed (2)'!M92+Sun!M92+Sat!M92) -> 0 | N92: =('Thurs (2)'!N92+Thurs!N92+'Tues '!N92+Wed!N92+Fri!N92+'Mon '!N92+'Wed (2)'!N92+Sun!N92+Sat!N92) -> 0 | ... P92: =('Thurs (2)'!P92+Thurs!P92+'Tues '!P92+Wed!P92+Fri!P92+'Mon '!P92+'Wed (2)'!P92+Sun!P92+Sat!P92) -> 0 | Q92: =('Thurs (2)'!Q92+Thurs!Q92+'Tues '!Q92+Wed!Q92+Fri!Q92+'Mon '!Q92+'Wed (2)'!Q92+Sun!Q93+Sat!Q92) -> 0 | R92: =('Thurs (2)'!R92+Thurs!R92+'Tues '!R92+Wed!R92+Fri!R92+'Mon '!R92+'Wed (2)'!R92+Sun!R92+Sat!R92) -> 0 | S92: =('Thurs (2)'!S92+Thurs!S92+'Tues '!S92+Wed!S92+Fri!S92+'Mon '!S92+'Wed (2)'!S92+Sun!S92+Sat!S92) -> 0 | T92: =('Thurs (2)'!T92+Thurs!T92+'Tues '!T92+Wed!T92+Fri!T92+'Mon '!T92+'Wed (2)'!T92+Sun!T92+Sat!T92) -> 0 | U92: =IFERROR(I92/H92,0) -> 0 | V92: =IFERROR(SUM(H92+L92)/G92,0) -> 0
A93: Ashlynn Orng | C93: Wendy Huber | D93: Y | E93: OR | F93: Wendy Huber | G93: =('Thurs (2)'!G93+Thurs!G93+'Tues '!G93+Wed!G93+Fri!G93+'Mon '!G93+'Wed (2)'!G93+Sun!G93+Sat!G93) -> 6 | H93: =('Thurs (2)'!H93+Thurs!H93+'Tues '!H93+Wed!H93+Fri!H93+'Mon '!H93+'Wed (2)'!H93+Sun!H93+Sat!H93) -> 6 | I93: =('Thurs (2)'!I93+Thurs!I93+'Tues '!I93+Wed!I93+Fri!I93+'Mon '!I93+'Wed (2)'!I93+Sun!I93+Sat!I93) -> 4 | J93: =('Thurs (2)'!J93+Thurs!J93+'Tues '!J93+Wed!J93+Fri!J93+'Mon '!J93+'Wed (2)'!J93+Sun!J93+Sat!J93) -> 0 | K93: =('Thurs (2)'!K93+Thurs!K93+'Tues '!K93+Wed!K93+Fri!K93+'Mon '!K93+'Wed (2)'!K93+Sun!K93+Sat!K93) -> 0 | L93: =('Thurs (2)'!L93+Thurs!L93+'Tues '!L93+Wed!L93+Fri!L93+'Mon '!L93+'Wed (2)'!L93+Sun!L93+Sat!L93) -> 0 | M93: =('Thurs (2)'!M93+Thurs!M93+'Tues '!M93+Wed!M93+Fri!M93+'Mon '!M93+'Wed (2)'!M93+Sun!M93+Sat!M93) -> 19 | N93: =('Thurs (2)'!N93+Thurs!N93+'Tues '!N93+Wed!N93+Fri!N93+'Mon '!N93+'Wed (2)'!N93+Sun!N93+Sat!N93) -> 6 | ... P93: =('Thurs (2)'!P93+Thurs!P93+'Tues '!P93+Wed!P93+Fri!P93+'Mon '!P93+'Wed (2)'!P93+Sun!P93+Sat!P93) -> 0 | Q93: =('Thurs (2)'!Q93+Thurs!Q93+'Tues '!Q93+Wed!Q93+Fri!Q93+'Mon '!Q93+'Wed (2)'!Q93+#REF!+Sat!Q93) -> #REF! | R93: =('Thurs (2)'!R93+Thurs!R93+'Tues '!R93+Wed!R93+Fri!R93+'Mon '!R93+'Wed (2)'!R93+Sun!R93+Sat!R93) -> 0 | S93: =('Thurs (2)'!S93+Thurs!S93+'Tues '!S93+Wed!S93+Fri!S93+'Mon '!S93+'Wed (2)'!S93+Sun!S93+Sat!S93) -> 0 | T93: =('Thurs (2)'!T93+Thurs!T93+'Tues '!T93+Wed!T93+Fri!T93+'Mon '!T93+'Wed (2)'!T93+Sun!T93+Sat!T93) -> 2293.2 | U93: =IFERROR(I93/H93,0) -> 0.66666667 | V93: =IFERROR(SUM(H93+L93)/G93,0) -> 1
A94: Ashlynn Orng | C94: Wendy Huber | E94: FL | F94: Alissa Charles | G94: =('Thurs (2)'!G94+Thurs!G94+'Tues '!G94+Wed!G94+Fri!G94+'Mon '!G94+'Wed (2)'!G94+Sun!G94+Sat!G94) -> 10 | H94: =('Thurs (2)'!H94+Thurs!H94+'Tues '!H94+Wed!H94+Fri!H94+'Mon '!H94+'Wed (2)'!H94+Sun!H94+Sat!H94) -> 7 | I94: =('Thurs (2)'!I94+Thurs!I94+'Tues '!I94+Wed!I94+Fri!I94+'Mon '!I94+'Wed (2)'!I94+Sun!I94+Sat!I94) -> #VALUE! | J94: =('Thurs (2)'!J94+Thurs!J94+'Tues '!J94+Wed!J94+Fri!J94+'Mon '!J94+'Wed (2)'!J94+Sun!J94+Sat!J94) -> 0 | K94: =('Thurs (2)'!K94+Thurs!K94+'Tues '!K94+Wed!K94+Fri!K94+'Mon '!K94+'Wed (2)'!K94+Sun!K94+Sat!K94) -> 0 | L94: =('Thurs (2)'!L94+Thurs!L94+'Tues '!L94+Wed!L94+Fri!L94+'Mon '!L94+'Wed (2)'!L94+Sun!L94+Sat!L94) -> 0 | M94: =('Thurs (2)'!M94+Thurs!M94+'Tues '!M94+Wed!M94+Fri!M94+'Mon '!M94+'Wed (2)'!M94+Sun!M94+Sat!M94) -> 18 | N94: =('Thurs (2)'!N94+Thurs!N94+'Tues '!N94+Wed!N94+Fri!N94+'Mon '!N94+'Wed (2)'!N94+Sun!N94+Sat!N94) -> 4 | ... T94: =('Thurs (2)'!T94+Thurs!T94+'Tues '!T94+Wed!T94+Fri!T94+'Mon '!T94+'Wed (2)'!T94+Sun!T94+Sat!T94) -> 0 | U94: =IFERROR(I94/H94,0) -> 0 | V94: =IFERROR(SUM(H94+L94)/G94,0) -> 0.7
A95: Ashlynn Orng | C95: Wendy Huber | E95: VA | F95: Tasheka Hill | G95: =('Thurs (2)'!G95+Thurs!G95+'Tues '!G95+Wed!G95+Fri!G95+'Mon '!G95+'Wed (2)'!G95+Sun!G95+Sat!G95) -> 0 | H95: =('Thurs (2)'!H95+Thurs!H95+'Tues '!H95+Wed!H95+Fri!H95+'Mon '!H95+'Wed (2)'!H95+Sun!H95+Sat!H95) -> 0 | I95: =('Thurs (2)'!I95+Thurs!I95+'Tues '!I95+Wed!I95+Fri!I95+'Mon '!I95+'Wed (2)'!I95+Sun!I95+Sat!I95) -> 0 | J95: =('Thurs (2)'!J95+Thurs!J95+'Tues '!J95+Wed!J95+Fri!J95+'Mon '!J95+'Wed (2)'!J95+Sun!J95+Sat!J95) -> 0 | K95: =('Thurs (2)'!K95+Thurs!K95+'Tues '!K95+Wed!K95+Fri!K95+'Mon '!K95+'Wed (2)'!K95+Sun!K95+Sat!K95) -> 0 | L95: =('Thurs (2)'!L95+Thurs!L95+'Tues '!L95+Wed!L95+Fri!L95+'Mon '!L95+'Wed (2)'!L95+Sun!L95+Sat!L95) -> 0 | M95: =('Thurs (2)'!M95+Thurs!M95+'Tues '!M95+Wed!M95+Fri!M95+'Mon '!M95+'Wed (2)'!M95+Sun!M95+Sat!M95) -> 0 | N95: =('Thurs (2)'!N95+Thurs!N95+'Tues '!N95+Wed!N95+Fri!N95+'Mon '!N95+'Wed (2)'!N95+Sun!N95+Sat!N95) -> 0 | ... T95: =('Thurs (2)'!T95+Thurs!T95+'Tues '!T95+Wed!T95+Fri!T95+'Mon '!T95+'Wed (2)'!T95+Sun!T95+Sat!T95) -> 0 | U95: =IFERROR(I95/H95,0) -> 0 | V95: =IFERROR(SUM(H95+L95)/G95,0) -> 0
A96: Ashlynn Orng | C96: Wendy Huber | F96: Alissa Charles | G96: =('Thurs (2)'!G96+Thurs!G96+'Tues '!G96+Wed!G96+Fri!G96+'Mon '!G96+'Wed (2)'!G96+Sun!G96+Sat!G96) -> 0 | H96: =('Thurs (2)'!H96+Thurs!H96+'Tues '!H96+Wed!H96+Fri!H96+'Mon '!H96+'Wed (2)'!H96+Sun!H96+Sat!H96) -> 0 | I96: =('Thurs (2)'!I96+Thurs!I96+'Tues '!I96+Wed!I96+Fri!I96+'Mon '!I96+'Wed (2)'!I96+Sun!I96+Sat!I96) -> 0 | J96: =('Thurs (2)'!J96+Thurs!J96+'Tues '!J96+Wed!J96+Fri!J96+'Mon '!J96+'Wed (2)'!J96+Sun!J96+Sat!J96) -> 0 | K96: =('Thurs (2)'!K96+Thurs!K96+'Tues '!K96+Wed!K96+Fri!K96+'Mon '!K96+'Wed (2)'!K96+Sun!K96+Sat!K96) -> 0 | L96: =('Thurs (2)'!L96+Thurs!L96+'Tues '!L96+Wed!L96+Fri!L96+'Mon '!L96+'Wed (2)'!L96+Sun!L96+Sat!L96) -> 0 | M96: =('Thurs (2)'!M96+Thurs!M96+'Tues '!M96+Wed!M96+Fri!M96+'Mon '!M96+'Wed (2)'!M96+Sun!M96+Sat!M96) -> 0 | N96: =('Thurs (2)'!N96+Thurs!N96+'Tues '!N96+Wed!N96+Fri!N96+'Mon '!N96+'Wed (2)'!N96+Sun!N96+Sat!N96) -> 0 | ... T96: =('Thurs (2)'!T96+Thurs!T96+'Tues '!T96+Wed!T96+Fri!T96+'Mon '!T96+'Wed (2)'!T96+Sun!T96+Sat!T96) -> 0 | U96: =IFERROR(I96/H96,0) -> 0 | V96: =IFERROR(SUM(H96+L96)/G96,0) -> 0
A97: Ashlynn Orng | C97: Wendy Huber | F97: Jennifer Munson | G97: =('Thurs (2)'!G97+Thurs!G97+'Tues '!G97+Wed!G97+Fri!G97+'Mon '!G97+'Wed (2)'!G97+Sun!G97+Sat!G97) -> 0 | H97: =('Thurs (2)'!H97+Thurs!H97+'Tues '!H97+Wed!H97+Fri!H97+'Mon '!H97+'Wed (2)'!H97+Sun!H97+Sat!H97) -> 0 | I97: =('Thurs (2)'!I97+Thurs!I97+'Tues '!I97+Wed!I97+Fri!I97+'Mon '!I97+'Wed (2)'!I97+Sun!I97+Sat!I97) -> 0 | J97: =('Thurs (2)'!J97+Thurs!J97+'Tues '!J97+Wed!J97+Fri!J97+'Mon '!J97+'Wed (2)'!J97+Sun!J97+Sat!J97) -> 0 | K97: =('Thurs (2)'!K97+Thurs!K97+'Tues '!K97+Wed!K97+Fri!K97+'Mon '!K97+'Wed (2)'!K97+Sun!K97+Sat!K97) -> 0 | L97: =('Thurs (2)'!L97+Thurs!L97+'Tues '!L97+Wed!L97+Fri!L97+'Mon '!L97+'Wed (2)'!L97+Sun!L97+Sat!L97) -> 0 | M97: =('Thurs (2)'!M97+Thurs!M97+'Tues '!M97+Wed!M97+Fri!M97+'Mon '!M97+'Wed (2)'!M97+Sun!M97+Sat!M97) -> 0 | N97: =('Thurs (2)'!N97+Thurs!N97+'Tues '!N97+Wed!N97+Fri!N97+'Mon '!N97+'Wed (2)'!N97+Sun!N97+Sat!N97) -> 0 | ... T97: =('Thurs (2)'!T97+Thurs!T97+'Tues '!T97+Wed!T97+Fri!T97+'Mon '!T97+'Wed (2)'!T97+Sun!T97+Sat!T97) -> 0 | U97: =IFERROR(I97/H97,0) -> 0 | V97: =IFERROR(SUM(H97+L97)/G97,0) -> 0
A98: Ashlynn Orng | C98: Bryanna Wagner | D98: Y | E98: WI | F98: Bryanna Wagner | G98: =('Thurs (2)'!G98+Thurs!G98+'Tues '!G98+Wed!G98+Fri!G98+'Mon '!G98+'Wed (2)'!G98+Sun!G98+Sat!G98) -> 3 | H98: =('Thurs (2)'!H98+Thurs!H98+'Tues '!H98+Wed!H98+Fri!H98+'Mon '!H98+'Wed (2)'!H98+Sun!H98+Sat!H98) -> 3 | I98: =('Thurs (2)'!I98+Thurs!I98+'Tues '!I98+Wed!I98+Fri!I98+'Mon '!I98+'Wed (2)'!I98+Sun!I98+Sat!I98) -> 2 | J98: =('Thurs (2)'!J98+Thurs!J98+'Tues '!J98+Wed!J98+Fri!J98+'Mon '!J98+'Wed (2)'!J98+Sun!J98+Sat!J98) -> 0 | K98: =('Thurs (2)'!K98+Thurs!K98+'Tues '!K98+Wed!K98+Fri!K98+'Mon '!K98+'Wed (2)'!K98+Sun!K98+Sat!K98) -> 0 | L98: =('Thurs (2)'!L98+Thurs!L98+'Tues '!L98+Wed!L98+Fri!L98+'Mon '!L98+'Wed (2)'!L98+Sun!L98+Sat!L98) -> 0 | M98: =('Thurs (2)'!M98+Thurs!M98+'Tues '!M98+Wed!M98+Fri!M98+'Mon '!M98+'Wed (2)'!M98+Sun!M98+Sat!M98) -> 1 | N98: =('Thurs (2)'!N98+Thurs!N98+'Tues '!N98+Wed!N98+Fri!N98+'Mon '!N98+'Wed (2)'!N98+Sun!N98+Sat!N98) -> 2 | ... T98: =('Thurs (2)'!T98+Thurs!T98+'Tues '!T98+Wed!T98+Fri!T98+'Mon '!T98+'Wed (2)'!T98+Sun!T98+Sat!T98) -> 3975 | U98: =IFERROR(I98/H98,0) -> 0.66666667 | V98: =IFERROR(SUM(H98+L98)/G98,0) -> 1
A99: Ashlynn Orng | C99: Bryanna Wagner | F99: Juan Ortega | G99: =('Thurs (2)'!G99+Thurs!G99+'Tues '!G99+Wed!G99+Fri!G99+'Mon '!G99+'Wed (2)'!G99+Sun!G99+Sat!G99) -> 0 | H99: =('Thurs (2)'!H99+Thurs!H99+'Tues '!H99+Wed!H99+Fri!H99+'Mon '!H99+'Wed (2)'!H99+Sun!H99+Sat!H99) -> 0 | I99: =('Thurs (2)'!I99+Thurs!I99+'Tues '!I99+Wed!I99+Fri!I99+'Mon '!I99+'Wed (2)'!I99+Sun!I99+Sat!I99) -> 0 | J99: =('Thurs (2)'!J99+Thurs!J99+'Tues '!J99+Wed!J99+Fri!J99+'Mon '!J99+'Wed (2)'!J99+Sun!J99+Sat!J99) -> 0 | K99: =('Thurs (2)'!K99+Thurs!K99+'Tues '!K99+Wed!K99+Fri!K99+'Mon '!K99+'Wed (2)'!K99+Sun!K99+Sat!K99) -> 0 | L99: =('Thurs (2)'!L99+Thurs!L99+'Tues '!L99+Wed!L99+Fri!L99+'Mon '!L99+'Wed (2)'!L99+Sun!L99+Sat!L99) -> 0 | M99: =('Thurs (2)'!M99+Thurs!M99+'Tues '!M99+Wed!M99+Fri!M99+'Mon '!M99+'Wed (2)'!M99+Sun!M99+Sat!M99) -> 0 | N99: =('Thurs (2)'!N99+Thurs!N99+'Tues '!N99+Wed!N99+Fri!N99+'Mon '!N99+'Wed (2)'!N99+Sun!N99+Sat!N99) -> 0 | ... T99: =('Thurs (2)'!T99+Thurs!T99+'Tues '!T99+Wed!T99+Fri!T99+'Mon '!T99+'Wed (2)'!T99+Sun!T99+Sat!T99) -> 0 | U99: =IFERROR(I99/H99,0) -> 0 | V99: =IFERROR(SUM(H99+L99)/G99,0) -> 0
A100: MGA | B100: GA | C100: SA | E100: State | F100: Agent | G100: SETS | H100: SITS | I100: SALES | J100: OTS SITS | K100: OTS SALES | L100: N1 | M100: REF OBT | N100: REF SITS | O100: REF SALES | P100: POS SITS | Q100: POS SALES | R100: VETS SITS | S100: VET SALES | T100: ALP | U100: Close | V100: Show
A101: Kenneth Preston | D101: Y | E101: TX | F101: Kenneth Preston | G101: =('Thurs (2)'!G101+Thurs!G101+'Tues '!G101+Wed!G101+Fri!G101+'Mon '!G101+'Wed (2)'!G101+Sun!G101+Sat!G101) -> 0 | H101: =('Thurs (2)'!H101+Thurs!H101+'Tues '!H101+Wed!H101+Fri!H101+'Mon '!H101+'Wed (2)'!H101+Sun!H101+Sat!H101) -> 0 | I101: =('Thurs (2)'!I101+Thurs!I101+'Tues '!I101+Wed!I101+Fri!I101+'Mon '!I101+'Wed (2)'!I101+Sun!I101+Sat!I101) -> 0 | J101: =('Thurs (2)'!J101+Thurs!J101+'Tues '!J101+Wed!J101+Fri!J101+'Mon '!J101+'Wed (2)'!J101+Sun!J101+Sat!J101) -> 0 | K101: =('Thurs (2)'!K101+Thurs!K101+'Tues '!K101+Wed!K101+Fri!K101+'Mon '!K101+'Wed (2)'!K101+Sun!K101+Sat!K101) -> 0 | L101: =('Thurs (2)'!L101+Thurs!L101+'Tues '!L101+Wed!L101+Fri!L101+'Mon '!L101+'Wed (2)'!L101+Sun!L101+Sat!L101) -> 0 | M101: =('Thurs (2)'!M101+Thurs!M101+'Tues '!M101+Wed!M101+Fri!M101+'Mon '!M101+'Wed (2)'!M101+Sun!M101+Sat!M101) -> 0 | N101: =('Thurs (2)'!N101+Thurs!N101+'Tues '!N101+Wed!N101+Fri!N101+'Mon '!N101+'Wed (2)'!N101+Sun!N101+Sat!N101) -> 0 | ... T101: =('Thurs (2)'!T101+Thurs!T101+'Tues '!T101+Wed!T101+Fri!T101+'Mon '!T101+'Wed (2)'!T101+Sun!T101+Sat!T101) -> 0 | U101: =IFERROR(I101/H101,0) -> 0 | V101: =IFERROR(SUM(H101+L101)/G101,0) -> 0
...

Sheet Wed
C1: ALP | E1: LEADERSHIP ALP | F1: Appts | G1: Pres | H1: Sales | I1: POS SITS | J1: POS SA | K1: VET SITS | L1: VET SA | M1: REF OBT | N1: REF SITS | O1: REF SA | P1: OTS SITS | Q1: OTS SA | R1: N1
B2: GOJCAJ RGA | C2: =SUM(C5,C17,C20,C23,C26,C29) -> 11169 | E2: =SUM(E5,E17,E20,E23,E26,E29) -> 7470 | F2: =SUM(F5,F17,F20,F23,F26,F29) -> 15 | G2: =SUM(G5,G17,G20,G23,G26,G29) -> 9 | H2: =SUM(H5,H17,H20,H23,H26,H29) -> 7 | I2: =SUM(I5,I17,I20,I23,I26,I29) -> 0 | J2: =SUM(J5,J17,J20,J23,J26,J29) -> 0 | K2: =SUM(K5,K17,K20,K23,K26,K29) -> 3 | L2: =SUM(L5,L17,L20,L23,L26,L29) -> 2 | ... R2: =SUM(R5,R17,R20,R23,R26,R29) -> 3
C3: # of Agents | E3: ALP per sale | F3: Show Rate | G3: Close Ratio | H3: ALP/Agent | J3: POS Close | L3: VET Close | M3: REF Per Sit | O3: REF Close | Q3: OTS Close
C4: =SUM(C7,C22,C19,C25,C28,C31) -> 64 | E4: =IFERROR(C2/H2,0) -> 1595.5714 | F4: =IFERROR((G2+R2)/F2,0) -> 0.8 | G4: =IFERROR(H2/G2,0) -> 0.77777778 | H4: =(C2/C4) -> 174.51562 | J4: =IFERROR(J2/I2,0) -> 0 | L4: =IFERROR(L2/K2,0) -> 0.66666667 | M4: =IFERROR(M2/G2,0) -> 3 | O4: =IFERROR(O2/N2,0) -> 0.5 | Q4: =IFERROR(Q2/P2,0) -> 0.75
B5: Joseph Gojcaj | C5: =SUMIF(A:A,B5,T:T) -> 6339 | E5: =SUMIFS(T:T,A:A,B5,D:D,"Y") -> 4740 | F5: =SUMIF(A:A,B5,G:G) -> 7 | G5: =SUMIF(A:A,B5,H:H) -> 3 | H5: =SUMIF(A:A,B5,I:I) -> 3 | I5: =SUMIF(A:A,B5,P:P) -> 0 | J5: =SUMIF(A:A,B5,Q:Q) -> 0 | K5: =SUMIF(A:A,B5,R:R) -> 0 | L5: =SUMIF(A:A,B5,S:S) -> 0 | M5: =SUMIF(A:A,B5,M:M) -> 18 | N5: =SUMIF(A:A,B5,N:N) -> 2 | O5: =SUMIF(A:A,B5,O:O) -> 1 | P5: =SUMIF(A:A,B5,J:J) -> 2 | Q5: =SUMIF(A:A,B5,K:K) -> 2 | R5: =SUMIF(A:A,B5,L:L) -> 1
C6: # of Agents | E6: ALP per sale | F6: Show Rate | G6: Close Ratio | H6: ALP/Agent | J6: POS Close | L6: VET Close | M6: REF Per Sit | O6: REF Close | Q6: OTS Close
C7: =COUNTIFS(A:A,B5) -> 29 | E7: =IFERROR(C5/H5,0) -> 2113 | F7: =IFERROR((G5+R5)/F5,0) -> 0.57142857 | G7: =IFERROR(H5/G5,0) -> 1 | H7: =(C5/C7) -> 218.58621 | J7: =IFERROR(J5/I5,0) -> 0 | L7: =IFERROR(L5/K5,0) -> 0 | M7: =IFERROR(M5/SUM(R5+G5,0),"") -> 4.5 | O7: =IFERROR(O5/N5,0) -> 0.5 | Q7: =IFERROR(Q5/P5,0) -> 1
B8: Edward Leon | C8: =SUMIF(B:B,B8,T:T) -> 0 | E8: =SUMIFS(T:T,B:B,B8,D:D,"Y") -> 0 | F8: =SUMIF(B28:B1137,B8,G28:G1137) -> 0 | G8: =SUMIF(B28:B1137,B8,H28:H1137) -> 0 | H8: =SUMIF(B28:B1137,B8,I28:I1137) -> 0 | I8: =SUMIF(B28:B1137,B8,P28:P1137) -> 0 | J8: =SUMIF(B28:B1137,B8,Q28:Q1137) -> 0 | K8: =SUMIF(B28:B1137,B8,R28:R1137) -> 0 | L8: =SUMIF(B28:B1137,B8,S28:S1137) -> 0 | M8: =SUMIF(B28:B1137,B8,M28:M1137) -> 0 | N8: =SUMIF(B28:B1137,B8,N28:N1137) -> 0 | O8: =SUMIF(B28:B1137,B8,O28:O1137) -> 0 | P8: =SUMIF(B28:B1137,B8,J28:J1137) -> 0 | Q8: =SUMIF(B28:B1137,B8,K28:K1137) -> 0 | R8: =SUMIF(B28:B1137,B8,L28:L1137) -> 0
C9: # of Agents | E9: ALP per sale | F9: Show Rate | G9: Close Ratio | H9: ALP/Agent | J9: POS Close | L9: VET Close | M9: REF Per Sit | O9: REF Close | Q9: OTS Close
C10: =COUNTIFS(B35:B1137,B8) -> 8 | E10: =IFERROR(C8/H8,0) -> 0 | F10: =IFERROR((G8+R8)/F8,0) -> 0 | G10: =IFERROR(H8/G8,0) -> 0 | H10: =(C8/C10) -> 0 | J10: =IFERROR(J8/I8,0) -> 0 | L10: =IFERROR(L8/K8,0) -> 0 | M10: =IFERROR(M8/SUM(R8+G8,0),"") | O10: =IFERROR(O8/N8,0) -> 0 | Q10: =IFERROR(Q8/P8,0) -> 0
B11: Timothy Noe | C11: =SUMIF(B:B,B11,T:T) -> 0 | E11: =SUMIFS(T:T,B:B,B11,D:D,"Y") -> 0 | F11: =SUMIF(B31:B1137,B11,G31:G1137) -> 0 | G11: =SUMIF(B31:B1137,B11,H31:H1137) -> 0 | H11: =SUMIF(B31:B1137,B11,I31:I1137) -> 0 | I11: =SUMIF(B31:B1137,B11,P31:P1137) -> 0 | J11: =SUMIF(B31:B1137,B11,Q31:Q1137) -> 0 | K11: =SUMIF(B31:B1137,B11,R31:R1137) -> 0 | L11: =SUMIF(B31:B1137,B11,S31:S1137) -> 0 | M11: =SUMIF(B31:B1137,B11,M31:M1137) -> 0 | N11: =SUMIF(B31:B1137,B11,N31:N1137) -> 0 | O11: =SUMIF(B31:B1137,B11,O31:O1137) -> 0 | P11: =SUMIF(B31:B1137,B11,J31:J1137) -> 0 | Q11: =SUMIF(B31:B1137,B11,K31:K1137) -> 0 | R11: =SUMIF(B31:B1137,B11,L31:L1137) -> 0
C12: # of Agents | E12: ALP per sale | F12: Show Rate | G12: Close Ratio | H12: ALP/Agent | J12: POS Close | L12: VET Close | M12: REF Per Sit | O12: REF Close | Q12: OTS Close
C13: =COUNTIFS(B36:B1137,B11) -> 4 | E13: =IFERROR(C11/H11,0) -> 0 | F13: =IFERROR((G11+R11)/F11,0) -> 0 | G13: =IFERROR(H11/G11,0) -> 0 | H13: =(C11/C13) -> 0 | J13: =IFERROR(J11/I11,0) -> 0 | L13: =IFERROR(L11/K11,0) -> 0 | M13: =IFERROR(M11/SUM(R11+G11,0),"") | O13: =IFERROR(O11/N11,0) -> 0 | Q13: =IFERROR(Q11/P11,0) -> 0
B14: Javier Sandoval | C14: =SUMIF(B:B,B14,T:T) -> 6339 | E14: =SUMIFS(T:T,B:B,B14,D:D,"Y") -> 4740 | F14: =SUMIF(B34:B1137,B14,G34:G1137) -> 7 | G14: =SUMIF(B34:B1137,B14,H34:H1137) -> 3 | H14: =SUMIF(B34:B1137,B14,I34:I1137) -> 3 | I14: =SUMIF(B34:B1137,B14,P34:P1137) -> 0 | J14: =SUMIF(B34:B1137,B14,Q34:Q1137) -> 0 | K14: =SUMIF(B34:B1137,B14,R34:R1137) -> 0 | L14: =SUMIF(B34:B1137,B14,S34:S1137) -> 0 | M14: =SUMIF(B34:B1137,B14,M34:M1137) -> 18 | N14: =SUMIF(B34:B1137,B14,N34:N1137) -> 2 | O14: =SUMIF(B34:B1137,B14,O34:O1137) -> 1 | P14: =SUMIF(B34:B1137,B14,J34:J1137) -> 2 | Q14: =SUMIF(B34:B1137,B14,K34:K1137) -> 2 | R14: =SUMIF(B34:B1137,B14,L34:L1137) -> 1
C15: # of Agents | E15: ALP per sale | F15: Show Rate | G15: Close Ratio | H15: ALP/Agent | J15: POS Close | L15: VET Close | M15: REF Per Sit | O15: REF Close | Q15: OTS Close
C16: =COUNTIFS(B34:B1137,B14) -> 16 | E16: =IFERROR(C14/H14,0) -> 2113 | F16: =IFERROR((G14+R14)/F14,0) -> 0.57142857 | G16: =IFERROR(H14/G14,0) -> 1 | H16: =(C14/C16) -> 396.1875 | J16: =IFERROR(J14/I14,0) -> 0 | L16: =IFERROR(L14/K14,0) -> 0 | M16: =IFERROR(M14/SUM(G14+R14,0),"") -> 4.5 | O16: =IFERROR(O14/N14,0) -> 0.5 | Q16: =IFERROR(Q14/P14,0) -> 1
B17: Jacob Brown | C17: =SUMIF(A:A,B17,T:T) -> 0 | E17: =SUMIFS(T:T,A:A,B17,D:D,"Y") -> 0 | F17: =SUMIF(A:A,B17,G:G) -> 1 | G17: =SUMIF(A:A,B17,H:H) -> 1 | H17: =SUMIF(A:A,B17,I:I) -> 0 | I17: =SUMIF(A:A,B17,P:P) -> 0 | J17: =SUMIF(A:A,B17,Q:Q) -> 0 | K17: =SUMIF(A:A,B17,R:R) -> 1 | L17: =SUMIF(A:A,B17,S:S) -> 0 | M17: =SUMIF(A:A,B17,M:M) -> 2 | N17: =SUMIF(A:A,B17,N:N) -> 0 | O17: =SUMIF(A:A,B17,O:O) -> 0 | P17: =SUMIF(A:A,B17,J:J) -> 1 | Q17: =SUMIF(A:A,B17,K:K) -> 0 | R17: =SUMIF(A:A,B17,L:L) -> 1
C18: # of Agents | E18: ALP per sale | F18: Show Rate | G18: Close Ratio | H18: ALP/Agent | J18: POS Close | L18: VET Close | M18: REF Per Sit | O18: REF Close | Q18: OTS Close
C19: =COUNTIFS(A:A,B17) -> 6 | E19: =IFERROR(C17/H17,0) -> 0 | F19: =IFERROR((G17+R17)/F17,0) -> 2 | G19: =IFERROR(H17/G17,0) -> 0 | H19: =(C17/C19) -> 0 | J19: =IFERROR(J17/I17,0) -> 0 | L19: =IFERROR(L17/K17,0) -> 0 | M19: =IFERROR(M17/SUM(R17+G17,0),"") -> 1 | O19: =IFERROR(O17/N17,0) -> 0 | Q19: =IFERROR(Q17/P17,0) -> 0
B20: Derron Alexander | C20: =SUMIF(A:A,B20,T:T) -> 2100 | E20: =SUMIFS(T:T,A:A,B20,D:D,"Y") -> 0 | F20: =SUMIF(A:A,B20,G:G) -> 1 | G20: =SUMIF(A:A,B20,H:H) -> 1 | H20: =SUMIF(A:A,B20,I:I) -> 1 | I20: =SUMIF(A:A,B20,P:P) -> 0 | J20: =SUMIF(A:A,B20,Q:Q) -> 0 | K20: =SUMIF(A:A,B20,R:R) -> 1 | L20: =SUMIF(A:A,B20,S:S) -> 1 | M20: =SUMIF(A:A,B20,M:M) -> 0 | N20: =SUMIF(A:A,B20,N:N) -> 0 | O20: =SUMIF(A:A,B20,O:O) -> 0 | P20: =SUMIF(A:A,B20,J:J) -> 1 | Q20: =SUMIF(A:A,B20,K:K) -> 1 | R20: =SUMIF(A:A,B20,L:L) -> 1
C21: # of Agents | E21: ALP per sale | F21: Show Rate | G21: Close Ratio | H21: ALP/Agent | J21: POS Close | L21: VET Close | M21: REF Per Sit | O21: REF Close | Q21: OTS Close
C22: =COUNTIFS(A:A,B20) -> 9 | E22: =IFERROR(C20/H20,0) -> 2100 | F22: =IFERROR((G20+R20)/F20,0) -> 2 | G22: =IFERROR(H20/G20,0) -> 1 | H22: =(C20/C22) -> 233.33333 | J22: =IFERROR(J20/I20,0) -> 0 | L22: =IFERROR(L20/K20,0) -> 1 | M22: =IFERROR(M20/SUM(R20+G20,0),"") -> 0 | O22: =IFERROR(O20/N20,0) -> 0 | Q22: =IFERROR(Q20/P20,0) -> 1
B23: David Fulfer | C23: =SUMIF(A:A,B23,T:T) -> 0 | E23: =SUMIFS(T:T,A:A,B23,D:D,"Y") -> 0 | F23: =SUMIF(A:A,B23,G:G) -> 0 | G23: =SUMIF(A:A,B23,H:H) -> 0 | H23: =SUMIF(A:A,B23,I:I) -> 0 | I23: =SUMIF(A:A,B23,P:P) -> 0 | J23: =SUMIF(A:A,B23,Q:Q) -> 0 | K23: =SUMIF(A:A,B23,R:R) -> 0 | L23: =SUMIF(A:A,B23,S:S) -> 0 | M23: =SUMIF(A:A,B23,M:M) -> 0 | N23: =SUMIF(A:A,B23,N:N) -> 0 | O23: =SUMIF(A:A,B23,O:O) -> 0 | P23: =SUMIF(A:A,B23,J:J) -> 0 | Q23: =SUMIF(A:A,B23,K:K) -> 0 | R23: =SUMIF(A:A,B23,L:L) -> 0
C24: # of Agents | E24: ALP per sale | F24: Show Rate | G24: Close Ratio | H24: ALP/Agent | J24: POS Close | L24: VET Close | M24: REF Per Sit | O24: REF Close | Q24: OTS Close
C25: =COUNTIFS(A:A,B23) -> 7 | E25: =IFERROR(C23/H23,0) -> 0 | F25: =IFERROR((G23+R23)/F23,0) -> 0 | G25: =IFERROR(H23/G23,0) -> 0 | H25: =(C23/C25) -> 0 | J25: =IFERROR(J23/I23,0) -> 0 | L25: =IFERROR(L23/K23,0) -> 0 | M25: =IFERROR(M23/SUM(R23+G23,0),"") | O25: =IFERROR(O23/N23,0) -> 0 | Q25: =IFERROR(Q23/P23,0) -> 0
B26: Ashlynn Orng | C26: =SUMIF(A:A,B26,T:T) -> 2730 | E26: =SUMIFS(T:T,A:A,B26,D:D,"Y") -> 2730 | F26: =SUMIF(A:A,B26,G:G) -> 6 | G26: =SUMIF(A:A,B26,H:H) -> 4 | H26: =SUMIF(A:A,B26,I:I) -> 3 | I26: =SUMIF(A:A,B26,P:P) -> 0 | J26: =SUMIF(A:A,B26,Q:Q) -> 0 | K26: =SUMIF(A:A,B26,R:R) -> 1 | L26: =SUMIF(A:A,B26,S:S) -> 1 | M26: =SUMIF(A:A,B26,M:M) -> 7 | N26: =SUMIF(A:A,B26,N:N) -> 2 | O26: =SUMIF(A:A,B26,O:O) -> 1 | P26: =SUMIF(A:A,B26,J:J) -> 0 | Q26: =SUMIF(A:A,B26,K:K) -> 0 | R26: =SUMIF(A:A,B26,L:L) -> 0
C27: # of Agents | E27: ALP per sale | F27: Show Rate | G27: Close Ratio | H27: ALP/Agent | J27: POS Close | L27: VET Close | M27: REF Per Sit | O27: REF Close | Q27: OTS Close
C28: =COUNTIFS(A:A,B26) -> 11 | E28: =IFERROR(C26/H26,0) -> 910 | F28: =IFERROR((G26+R26)/F26,0) -> 0.66666667 | G28: =IFERROR(H26/G26,0) -> 0.75 | H28: =(C26/C28) -> 248.18182 | J28: =IFERROR(J26/I26,0) -> 0 | L28: =IFERROR(L26/K26,0) -> 1 | M28: =IFERROR(M26/SUM(R26+G26,0),"") -> 1.75 | O28: =IFERROR(O26/N26,0) -> 0.5 | Q28: =IFERROR(Q26/P26,0) -> 0
B29: Kenneth Preston | C29: =SUMIF(A:A,B29,T:T) -> 0 | E29: =SUMIFS(T:T,A:A,B29,D:D,"Y") -> 0 | F29: =SUMIF(A:A,B29,G:G) -> 0 | G29: =SUMIF(A:A,B29,H:H) -> 0 | H29: =SUMIF(A:A,B29,I:I) -> 0 | I29: =SUMIF(A:A,B29,P:P) -> 0 | J29: =SUMIF(A:A,B29,Q:Q) -> 0 | K29: =SUMIF(A:A,B29,R:R) -> 0 | L29: =SUMIF(A:A,B29,S:S) -> 0 | M29: =SUMIF(A:A,B29,M:M) -> 0 | N29: =SUMIF(A:A,B29,N:N) -> 0 | O29: =SUMIF(A:A,B29,O:O) -> 0 | P29: =SUMIF(A:A,B29,J:J) -> 0 | Q29: =SUMIF(A:A,B29,K:K) -> 0 | R29: =SUMIF(A:A,B29,L:L) -> 0
C30: # of Agents | E30: ALP per sale | F30: Show Rate | G30: Close Ratio | H30: ALP/Agent | J30: POS Close | L30: VET Close | M30: REF Per Sit | O30: REF Close | Q30: OTS Close
C31: =COUNTIFS(A:A,B29) -> 2 | E31: =IFERROR(C29/H29,0) -> 0 | F31: =IFERROR((G29+R29)/F29,0) -> 0 | G31: =IFERROR(H29/G29,0) -> 0 | H31: =(C29/C31) -> 0 | J31: =IFERROR(J29/I29,0) -> 0 | L31: =IFERROR(L29/K29,0) -> 0 | M31: =IFERROR(M29/SUM(R29+G29,0),"") | O31: =IFERROR(O29/N29,0) -> 0 | Q31: =IFERROR(Q29/P29,0) -> 0
A33: MGA | B33: GA | C33: SA | E33: State | F33: Agent | G33: SETS | H33: SITS | I33: SALES | J33: OTS SITS | K33: OTS SALES | L33: N1 | M33: REF OBT | N33: REF SITS | O33: REF SALES | P33: POS SITS | Q33: POS SALES | R33: VETS SITS | S33: VET SALES | T33: ALP | U33: Close | V33: Show | W33: Code Date
A34: Joseph Gojcaj | D34: Y | E34: MI | F34: Joseph Gojcaj | U34: =IFERROR(I34/H34,0) -> 0 | V34: =IFERROR(SUM(H34+L34)/G34,0) -> 0
A35: Joseph Gojcaj | B35: Edward Leon | D35: Y | E35: MI | F35: Eddie Leon | U35: =IFERROR(I35/H35,0) -> 0 | V35: =IFERROR(SUM(H35+L35)/G35,0) -> 0
A36: Joseph Gojcaj | B36: Edward Leon | E36: CA | F36: Rick Argote | U36: =IFERROR(I36/H36,0) -> 0 | V36: =IFERROR(SUM(H36+L36)/G36,0) -> 0
A37: Joseph Gojcaj | B37: Edward Leon | C37: Julian Hyman | D37: Y | E37: MI | F37: Julian Hyman | U37: =IFERROR(I37/H37,0) -> 0 | V37: =IFERROR(SUM(H37+L37)/G37,0) -> 0
A38: Joseph Gojcaj | B38: Edward Leon | C38: Julian Hyman | F38: Kaliyah Pyles | U38: =IFERROR(I38/H38,0) -> 0 | V38: =IFERROR(SUM(H38+L38)/G38,0) -> 0
A39: Joseph Gojcaj | B39: Edward Leon | C39: Julian Hyman | F39: Ethan Lasley | U39: =IFERROR(I39/H39,0) -> 0 | V39: =IFERROR(SUM(H39+L39)/G39,0) -> 0
A40: Joseph Gojcaj | B40: Edward Leon | C40: Julian Hyman | E40: MI | F40: Keith Chmiel | U40: =IFERROR(I40/H40,0) -> 0 | V40: =IFERROR(SUM(H40+L40)/G40,0) -> 0
A41: Joseph Gojcaj | B41: Edward Leon | C41: Julian Hyman | E41: TX | F41: Veronica Sanchez | U41: =IFERROR(I41/H41,0) -> 0 | V41: =IFERROR(SUM(H41+L41)/G41,0) -> 0
A42: Joseph Gojcaj | B42: Edward Leon | C42: Julian Hyman | E42: AZ | F42: Brittany Luke | U42: =IFERROR(I42/H42,0) -> 0 | V42: =IFERROR(SUM(H42+L42)/G42,0) -> 0
A43: Joseph Gojcaj | B43: Timothy Noe | D43: Y | E43: TN | F43: Timothy Noe | U43: =IFERROR(I43/H43,0) -> 0 | V43: =IFERROR(SUM(H43+L43)/G43,0) -> 0
A44: Joseph Gojcaj | B44: Timothy Noe | C44: Preston Opperman | D44: Y | E44: TN | F44: Preston Opperman | U44: =IFERROR(I44/H44,0) -> 0 | V44: =IFERROR(SUM(H44+L44)/G44,0) -> 0
A45: Joseph Gojcaj | B45: Timothy Noe | C45: Preston Opperman | E45: TN | F45: Bilal Abdullah | U45: =IFERROR(I45/H45,0) -> 0 | V45: =IFERROR(SUM(H45+L45)/G45,0) -> 0
A46: Joseph Gojcaj | B46: Timothy Noe | C46: Preston Opperman | E46: TN | F46: Kain White-Conley | U46: =IFERROR(I46/H46,0) -> 0 | V46: =IFERROR(SUM(H46+L46)/G46,0) -> 0
A47: Joseph Gojcaj | B47: Javier Sandoval | D47: Y | E47: NH | F47: Javier Sandoval | U47: =IFERROR(I47/H47,0) -> 0 | V47: =IFERROR(SUM(H47+L47)/G47,0) -> 0
A48: Joseph Gojcaj | B48: Javier Sandoval | F48: Cheri DiPiero | U48: =IFERROR(I48/H48,0) -> 0 | V48: =IFERROR(SUM(H48+L48)/G48,0) -> 0
A49: Joseph Gojcaj | B49: Javier Sandoval | E49: MI | F49: Regina Gumma | U49: =IFERROR(I49/H49,0) -> 0 | V49: =IFERROR(SUM(H49+L49)/G49,0) -> 0
A50: Joseph Gojcaj | B50: Javier Sandoval | C50: Andre Alire | D50: Y | F50: Andre Alire | U50: =IFERROR(I50/H50,0) -> 0 | V50: =IFERROR(SUM(H50+L50)/G50,0) -> 0
A51: Joseph Gojcaj | B51: Javier Sandoval | C51: Andre Alire | F51: Kelvin Claney | U51: =IFERROR(I51/H51,0) -> 0 | V51: =IFERROR(SUM(H51+L51)/G51,0) -> 0
A52: Joseph Gojcaj | B52: Javier Sandoval | C52: Andre Alire | F52: Patty Kilburn | U52: =IFERROR(I52/H52,0) -> 0 | V52: =IFERROR(SUM(H52+L52)/G52,0) -> 0
A53: Joseph Gojcaj | B53: Javier Sandoval | C53: Jacob Bandyk | D53: Y | F53: Jacob Bandyk | G53: 5 | H53: 2 | I53: 2 | J53: 1 | K53: 1 | M53: 13 | N53: 1 | O53: 0 | P53: 0 | Q53: 0 | R53: 0 | S53: 0 | T53: 4740 | U53: =IFERROR(I53/H53,0) -> 1 | V53: =IFERROR(SUM(H53+L53)/G53,0) -> 0.4
A54: Joseph Gojcaj | B54: Javier Sandoval | C54: Jacob Bandyk | F54: Angelo Perez | U54: =IFERROR(I54/H54,0) -> 0 | V54: =IFERROR(SUM(H54+L54)/G54,0) -> 0
A55: Joseph Gojcaj | B55: Javier Sandoval | C55: Jacob Bandyk | F55: Megan Cannon | U55: =IFERROR(I55/H55,0) -> 0 | V55: =IFERROR(SUM(H55+L55)/G55,0) -> 0
A56: Joseph Gojcaj | B56: Javier Sandoval | C56: Melissa Elam | D56: Y | E56: MS | F56: Melissa Elam | G56: 0 | H56: 0 | I56: 0 | J56: 0 | K56: 0 | L56: 0 | M56: 0 | N56: 0 | O56: 0 | P56: 0 | Q56: 0 | R56: 0 | S56: 0 | T56: 0 | U56: =IFERROR(I56/H56,0) -> 0 | V56: =IFERROR(SUM(H56+L56)/G56,0) -> 0
A57: Joseph Gojcaj | B57: Javier Sandoval | C57: Melissa Elam | E57: TX | F57: Ronald Montoya | G57: 0 | H57: 0 | I57: 0 | J57: 0 | K57: 0 | L57: 0 | M57: 0 | N57: 0 | O57: 0 | P57: 0 | Q57: 0 | R57: 0 | S57: 0 | T57: 0 | U57: =IFERROR(I57/H57,0) -> 0 | V57: =IFERROR(SUM(H57+L57)/G57,0) -> 0
A58: Joseph Gojcaj | B58: Javier Sandoval | C58: Melissa Elam | E58: TX | F58: Frances Gonzalez | G58: 0 | H58: 0 | I58: 0 | J58: 0 | K58: 0 | L58: 0 | M58: 0 | N58: 0 | O58: 0 | P58: 0 | Q58: 0 | R58: 0 | S58: 0 | T58: 0 | U58: =IFERROR(I58/H58,0) -> 0 | V58: =IFERROR(SUM(H58+L58)/G58,0) -> 0
A59: Joseph Gojcaj | B59: Javier Sandoval | C59: Melissa Elam | E59: TX | F59: Karina Picado | G59: 0 | H59: 0 | I59: 0 | J59: 0 | K59: 0 | L59: 0 | M59: 0 | N59: 0 | O59: 0 | P59: 0 | Q59: 0 | R59: 0 | S59: 0 | T59: 0 | U59: =IFERROR(I59/H59,0) -> 0 | V59: =IFERROR(SUM(H59+L59)/G59,0) -> 0
A60: Joseph Gojcaj | B60: Javier Sandoval | C60: Melissa Elam | E60: MO | F60: Danielle Loux | G60: 2 | H60: 1 | I60: 1 | J60: 1 | K60: 1 | L60: 1 | M60: 5 | N60: 1 | O60: 1 | P60: 0 | Q60: 0 | R60: 0 | S60: 0 | T60: 1599 | U60: =IFERROR(I60/H60,0) -> 1 | V60: =IFERROR(SUM(H60+L60)/G60,0) -> 1
A61: Joseph Gojcaj | B61: Javier Sandoval | C61: Melissa Elam | F61: Tiera Williams | G61: 0 | H61: 0 | I61: 0 | J61: 0 | K61: 0 | L61: 0 | M61: 0 | N61: 0 | O61: 0 | P61: 0 | Q61: 0 | R61: 0 | S61: 0 | T61: 0 | U61: =IFERROR(I61/H61,0) -> 0 | V61: =IFERROR(SUM(H61+L61)/G61,0) -> 0
A62: Joseph Gojcaj | B62: Javier Sandoval | C62: Melissa Elam | E62: GA | F62: Romona Armstead | G62: 0 | H62: 0 | I62: 0 | J62: 0 | K62: 0 | L62: 0 | M62: 0 | N62: 0 | O62: 0 | P62: 0 | Q62: 0 | R62: 0 | S62: 0 | T62: 0 | U62: =IFERROR(I62/H62,0) -> 0 | V62: =IFERROR(SUM(H62+L62)/G62,0) -> 0
A63: MGA | B63: GA | C63: SA | E63: State | F63: Agent | G63: SETS | H63: SITS | I63: SALES | J63: OTS SITS | K63: OTS SALES | L63: N1 | M63: REF OBT | N63: REF SITS | O63: REF SALES | P63: POS SITS | Q63: POS SALES | R63: VETS SITS | S63: VET SALES | T63: ALP | U63: Close | V63: Show
A64: Jacob Brown | D64: Y | E64: MI | F64: Jacob Brown | U64: =IFERROR(I64/H64,0) -> 0 | V64: =IFERROR(SUM(H64+L64)/G64,0) -> 0
A65: Jacob Brown | C65: Kristen Fox | D65: Y | E65: NC | F65: Kristen Fox | G65: 0 | H65: 0 | I65: 0 | J65: 0 | K65: 0 | L65: 0 | M65: 0 | N65: 0 | O65: 0 | P65: 0 | Q65: 0 | R65: 0 | S65: 0 | T65: 0 | U65: =IFERROR(I65/H65,0) -> 0 | V65: =IFERROR(SUM(H65+L65)/G65,0) -> 0
A66: Jacob Brown | C66: Kristen Fox | F66: Marci Dyer | U66: =IFERROR(I66/H66,0) -> 0 | V66: =IFERROR(SUM(H66+L66)/G66,0) -> 0
A67: Jacob Brown | C67: Joylynn Harris | D67: Y | E67: CA | F67: Joylynn Harris | G67: 0 | H67: 0 | I67: 0 | J67: 0 | K67: 0 | L67: 0 | M67: 0 | N67: 0 | O67: 0 | P67: 0 | Q67: 0 | R67: 0 | S67: 0 | T67: 0 | U67: 0 | V67: 0
A68: Jacob Brown | C68: Joylynn Harris | E68: TX | F68: Shafay Sutton | G68: 1 | H68: 1 | I68: 0 | J68: 1 | K68: 0 | L68: 1 | M68: 2 | N68: 0 | O68: 0 | P68: 0 | Q68: 0 | R68: 1 | S68: 0 | T68: 0 | U68: =IFERROR(I68/H68,0) -> 0 | V68: =IFERROR(SUM(H68+L68)/G68,0) -> 2
A69: Jacob Brown | C69: Joylynn Harris | E69: IL | F69: Michael Hall | G69: 0 | H69: 0 | I69: 0 | J69: 0 | K69: 0 | L69: 0 | M69: 0 | N69: 0 | O69: 0 | P69: 0 | Q69: 0 | R69: 0 | S69: 0 | T69: 0 | U69: =IFERROR(I69/H69,0) -> 0 | V69: =IFERROR(SUM(H69+L69)/G69,0) -> 0
A70: MGA | B70: GA | C70: SA | E70: State | F70: Agent | G70: SETS | H70: SITS | I70: SALES | J70: OTS SITS | K70: OTS SALES | L70: N1 | M70: REF OBT | N70: REF SITS | O70: REF SALES | P70: POS SITS | Q70: POS SALES | R70: VETS SITS | S70: VET SALES | T70: ALP | U70: Close | V70: Show
A71: Derron Alexander | D71: Y | E71: NY | F71: Derron Alexander | U71: =IFERROR(I71/H71,0) -> 0 | V71: =IFERROR(SUM(H71+L71)/G71,0) -> 0
A72: Derron Alexander | E72: MD | F72: Makeisha Allen | U72: =IFERROR(I72/H72,0) -> 0 | V72: =IFERROR(SUM(H72+L72)/G72,0) -> 0
A73: Derron Alexander | E73: NY | F73: Kisha Darby | U73: =IFERROR(I73/H73,0) -> 0 | V73: =IFERROR(SUM(H73+L73)/G73,0) -> 0
A74: Derron Alexander | E74: NY | F74: Michael Dolin | U74: =IFERROR(I74/H74,0) -> 0 | V74: =IFERROR(SUM(H74+L74)/G74,0) -> 0
A75: Derron Alexander | E75: NY | F75: Toel Jefferson | U75: =IFERROR(I75/H75,0) -> 0 | V75: =IFERROR(SUM(H75+L75)/G75,0) -> 0
A76: Derron Alexander | E76: NY | F76: Zev Bienenstock | U76: =IFERROR(I76/H76,0) -> 0 | V76: =IFERROR(SUM(H76+L76)/G76,0) -> 0
A77: Derron Alexander | E77: NY | F77: Marie Cano | U77: =IFERROR(I77/H77,0) -> 0 | V77: =IFERROR(SUM(H77+L77)/G77,0) -> 0
A78: Derron Alexander | E78: NY | F78: Jordan McFarlane | G78: 1 | H78: 1 | I78: 1 | J78: 1 | K78: 1 | L78: 1 | M78: 0 | N78: 0 | R78: 1 | S78: 1 | T78: 2100 | U78: =IFERROR(I78/H78,0) -> 1 | V78: =IFERROR(SUM(H78+L78)/G78,0) -> 2
A79: Derron Alexander | E79: NY | F79: LaToya Clark | U79: =IFERROR(I79/H79,0) -> 0 | V79: =IFERROR(SUM(H79+L79)/G79,0) -> 0
A80: MGA | B80: GA | C80: SA | E80: State | F80: Agent | G80: SETS | H80: SITS | I80: SALES | J80: OTS SITS | K80: OTS SALES | L80: N1 | M80: REF OBT | N80: REF SITS | O80: REF SALES | P80: POS SITS | Q80: POS SALES | R80: VETS SITS | S80: VET SALES | T80: ALP | U80: Close | V80: Show
A81: David Fulfer | D81: Y | E81: SC | F81: David Fulfer | U81: =IFERROR(I81/H81,0) -> 0 | V81: =IFERROR(SUM(H81+L81)/G81,0) -> 0
A82: David Fulfer | E82: MO | F82: William Benline | U82: =IFERROR(I82/H82,0) -> 0 | V82: =IFERROR(SUM(H82+L82)/G82,0) -> 0
A83: David Fulfer | C83: Ken Hermann | D83: Y | E83: TX | F83: Ken Hermann | G83: 0 | H83: 0 | I83: 0 | J83: 0 | K83: 0 | L83: 0 | M83: 0 | N83: 0 | O83: 0 | P83: 0 | Q83: 0 | R83: 0 | S83: 0 | T83: 0 | U83: =IFERROR(I83/H83,0) -> 0 | V83: =IFERROR(SUM(H83+L83)/G83,0) -> 0
A84: David Fulfer | C84: Ken Hermann | F84: Emmy Phipps | U84: =IFERROR(I84/H84,0) -> 0 | V84: =IFERROR(SUM(H84+L84)/G84,0) -> 0
A85: David Fulfer | C85: Ken Hermann | F85: Sasha Blake | U85: =IFERROR(I85/H85,0) -> 0 | V85: =IFERROR(SUM(H85+L85)/G85,0) -> 0
A86: David Fulfer | C86: Annie Ransom | D86: Y | E86: OR | F86: Annie Ransom | U86: =IFERROR(I86/H86,0) -> 0 | V86: =IFERROR(SUM(H86+L86)/G86,0) -> 0
A87: David Fulfer | C87: Annie Ransom | E87: TX | F87: Caroline Sanazaro | U87: =IFERROR(I87/H87,0) -> 0 | V87: =IFERROR(SUM(H87+L87)/G87,0) -> 0
A88: MGA | B88: GA | C88: SA | E88: State | F88: Agent | G88: SETS | H88: SITS | I88: SALES | J88: OTS SITS | K88: OTS SALES | L88: N1 | M88: REF OBT | N88: REF SITS | O88: REF SALES | P88: POS SITS | Q88: POS SALES | R88: VETS SITS | S88: VET SALES | T88: ALP | U88: Close | V88: Show
A89: Ashlynn Orng | D89: Y | E89: CA | F89: Ashlynn Orng | U89: =IFERROR(I89/H89,0) -> 0 | V89: =IFERROR(SUM(H89+L89)/G89,0) -> 0
A90: Ashlynn Orng | E90: TX | F90: O'Neil Mbakwe | U90: =IFERROR(I90/H90,0) -> 0 | V90: =IFERROR(SUM(H90+L90)/G90,0) -> 0
A91: Ashlynn Orng | E91: MO | F91: Alexa Legg | U91: =IFERROR(I91/H91,0) -> 0 | V91: =IFERROR(SUM(H91+L91)/G91,0) -> 0
A92: Ashlynn Orng | F92: Crystal Mekdarasack | U92: =IFERROR(I92/H92,0) -> 0 | V92: =IFERROR(SUM(H92+L92)/G92,0) -> 0
A93: Ashlynn Orng | C93: Wendy Huber | D93: Y | E93: OR | F93: Wendy Huber | G93: 2 | H93: 2 | I93: 2 | M93: 3 | N93: 2 | O93: 1 | T93: 870 | U93: =IFERROR(I93/H93,0) -> 1 | V93: =IFERROR(SUM(H93+L93)/G93,0) -> 1
A94: Ashlynn Orng | C94: Wendy Huber | E94: FL | F94: Alissa Charles | G94: 3 | H94: 1 | M94: 4 | U94: =IFERROR(I94/H94,0) -> 0 | V94: =IFERROR(SUM(H94+L94)/G94,0) -> 0.33333333
A95: Ashlynn Orng | C95: Wendy Huber | E95: VA | F95: Tasheka Hill | U95: =IFERROR(I95/H95,0) -> 0 | V95: =IFERROR(SUM(H95+L95)/G95,0) -> 0
A96: Ashlynn Orng | C96: Wendy Huber | F96: Alissa Charles | U96: =IFERROR(I96/H96,0) -> 0 | V96: =IFERROR(SUM(H96+L96)/G96,0) -> 0
A97: Ashlynn Orng | C97: Wendy Huber | F97: Jennifer Munson | U97: =IFERROR(I97/H97,0) -> 0 | V97: =IFERROR(SUM(H97+L97)/G97,0) -> 0
A98: Ashlynn Orng | C98: Bryanna Wagner | D98: Y | E98: WI | F98: Bryanna Wagner | G98: 1 | H98: 1 | I98: 1 | R98: 1 | S98: 1 | T98: 1860 | U98: =IFERROR(I98/H98,0) -> 1 | V98: =IFERROR(SUM(H98+L98)/G98,0) -> 1
A99: Ashlynn Orng | C99: Bryanna Wagner | F99: Juan Ortega | U99: =IFERROR(I99/H99,0) -> 0 | V99: =IFERROR(SUM(H99+L99)/G99,0) -> 0
A100: MGA | B100: GA | C100: SA | E100: State | F100: Agent | G100: SETS | H100: SITS | I100: SALES | J100: OTS SITS | K100: OTS SALES | L100: N1 | M100: REF OBT | N100: REF SITS | O100: REF SALES | P100: POS SITS | Q100: POS SALES | R100: VETS SITS | S100: VET SALES | T100: ALP | U100: Close | V100: Show
A101: Kenneth Preston | D101: Y | E101: TX | F101: Kenneth Preston | U101: =IFERROR(I101/H101,0) -> 0 | V101: =IFERROR(SUM(H101+L101)/G101,0) -> 0
...

Sheet Thurs
C1: ALP | E1: LEADERSHIP ALP | F1: Appts | G1: Pres | H1: Sales | I1: POS SITS | J1: POS SA | K1: VET SITS | L1: VET SA | M1: REF OBT | N1: REF SITS | O1: REF SA | P1: OTS SITS | Q1: OTS SA | R1: N1
B2: GOJCAJ RGA | C2: =SUM(C5,C17,C20,C23,C26,C29) -> 1750 | E2: =SUM(E5,E17,E20,E23,E26,E29) -> 1750 | F2: =SUM(F5,F17,F20,F23,F26,F29) -> 4 | G2: =SUM(G5,G17,G20,G23,G26,G29) -> 3 | H2: =SUM(H5,H17,H20,H23,H26,H29) -> 2 | I2: =SUM(I5,I17,I20,I23,I26,I29) -> 0 | J2: =SUM(J5,J17,J20,J23,J26,J29) -> 0 | K2: =SUM(K5,K17,K20,K23,K26,K29) -> 1 | L2: =SUM(L5,L17,L20,L23,L26,L29) -> 0 | ... R2: =SUM(R5,R17,R20,R23,R26,R29) -> 0
C3: # of Agents | E3: ALP per sale | F3: Show Rate | G3: Close Ratio | H3: ALP/Agent | J3: POS Close | L3: VET Close | M3: REF Per Sit | O3: REF Close | Q3: OTS Close
C4: =SUM(C7,C22,C19,C25,C28,C31) -> 64 | E4: =IFERROR(C2/H2,0) -> 875 | F4: =IFERROR((G2+R2)/F2,0) -> 0.75 | G4: =IFERROR(H2/G2,0) -> 0.66666667 | H4: =(C2/C4) -> 27.34375 | J4: =IFERROR(J2/I2,0) -> 0 | L4: =IFERROR(L2/K2,0) -> 0 | M4: =IFERROR(M2/G2,0) -> 1.6666667 | O4: =IFERROR(O2/N2,0) -> 1 | Q4: =IFERROR(Q2/P2,0) -> 1
B5: Joseph Gojcaj | C5: =SUMIF(A:A,B5,T:T) -> 1750 | E5: =SUMIFS(T:T,A:A,B5,D:D,"Y") -> 1750 | F5: =SUMIF(A:A,B5,G:G) -> 4 | G5: =SUMIF(A:A,B5,H:H) -> 2 | H5: =SUMIF(A:A,B5,I:I) -> 2 | I5: =SUMIF(A:A,B5,P:P) -> 0 | J5: =SUMIF(A:A,B5,Q:Q) -> 0 | K5: =SUMIF(A:A,B5,R:R) -> 0 | L5: =SUMIF(A:A,B5,S:S) -> 0 | M5: =SUMIF(A:A,B5,M:M) -> 2 | N5: =SUMIF(A:A,B5,N:N) -> 1 | O5: =SUMIF(A:A,B5,O:O) -> 1 | P5: =SUMIF(A:A,B5,J:J) -> 1 | Q5: =SUMIF(A:A,B5,K:K) -> 2 | R5: =SUMIF(A:A,B5,L:L) -> 0
C6: # of Agents | E6: ALP per sale | F6: Show Rate | G6: Close Ratio | H6: ALP/Agent | J6: POS Close | L6: VET Close | M6: REF Per Sit | O6: REF Close | Q6: OTS Close
C7: =COUNTIFS(A:A,B5) -> 29 | E7: =IFERROR(C5/H5,0) -> 875 | F7: =IFERROR((G5+R5)/F5,0) -> 0.5 | G7: =IFERROR(H5/G5,0) -> 1 | H7: =(C5/C7) -> 60.344828 | J7: =IFERROR(J5/I5,0) -> 0 | L7: =IFERROR(L5/K5,0) -> 0 | M7: =IFERROR(M5/SUM(R5+G5,0),"") -> 1 | O7: =IFERROR(O5/N5,0) -> 1 | Q7: =IFERROR(Q5/P5,0) -> 2
B8: Edward Leon | C8: =SUMIF(B:B,B8,T:T) -> 0 | E8: =SUMIFS(T:T,B:B,B8,D:D,"Y") -> 0 | F8: =SUMIF(B28:B1137,B8,G28:G1137) -> 0 | G8: =SUMIF(B28:B1137,B8,H28:H1137) -> 0 | H8: =SUMIF(B28:B1137,B8,I28:I1137) -> 0 | I8: =SUMIF(B28:B1137,B8,P28:P1137) -> 0 | J8: =SUMIF(B28:B1137,B8,Q28:Q1137) -> 0 | K8: =SUMIF(B28:B1137,B8,R28:R1137) -> 0 | L8: =SUMIF(B28:B1137,B8,S28:S1137) -> 0 | M8: =SUMIF(B28:B1137,B8,M28:M1137) -> 0 | N8: =SUMIF(B28:B1137,B8,N28:N1137) -> 0 | O8: =SUMIF(B28:B1137,B8,O28:O1137) -> 0 | P8: =SUMIF(B28:B1137,B8,J28:J1137) -> 0 | Q8: =SUMIF(B28:B1137,B8,K28:K1137) -> 0 | R8: =SUMIF(B28:B1137,B8,L28:L1137) -> 0
C9: # of Agents | E9: ALP per sale | F9: Show Rate | G9: Close Ratio | H9: ALP/Agent | J9: POS Close | L9: VET Close | M9: REF Per Sit | O9: REF Close | Q9: OTS Close
C10: =COUNTIFS(B35:B1137,B8) -> 8 | E10: =IFERROR(C8/H8,0) -> 0 | F10: =IFERROR((G8+R8)/F8,0) -> 0 | G10: =IFERROR(H8/G8,0) -> 0 | H10: =(C8/C10) -> 0 | J10: =IFERROR(J8/I8,0) -> 0 | L10: =IFERROR(L8/K8,0) -> 0 | M10: =IFERROR(M8/SUM(R8+G8,0),"") | O10: =IFERROR(O8/N8,0) -> 0 | Q10: =IFERROR(Q8/P8,0) -> 0
B11: Timothy Noe | C11: =SUMIF(B:B,B11,T:T) -> 0 | E11: =SUMIFS(T:T,B:B,B11,D:D,"Y") -> 0 | F11: =SUMIF(B31:B1137,B11,G31:G1137) -> 0 | G11: =SUMIF(B31:B1137,B11,H31:H1137) -> 0 | H11: =SUMIF(B31:B1137,B11,I31:I1137) -> 0 | I11: =SUMIF(B31:B1137,B11,P31:P1137) -> 0 | J11: =SUMIF(B31:B1137,B11,Q31:Q1137) -> 0 | K11: =SUMIF(B31:B1137,B11,R31:R1137) -> 0 | L11: =SUMIF(B31:B1137,B11,S31:S1137) -> 0 | M11: =SUMIF(B31:B1137,B11,M31:M1137) -> 0 | N11: =SUMIF(B31:B1137,B11,N31:N1137) -> 0 | O11: =SUMIF(B31:B1137,B11,O31:O1137) -> 0 | P11: =SUMIF(B31:B1137,B11,J31:J1137) -> 0 | Q11: =SUMIF(B31:B1137,B11,K31:K1137) -> 0 | R11: =SUMIF(B31:B1137,B11,L31:L1137) -> 0
C12: # of Agents | E12: ALP per sale | F12: Show Rate | G12: Close Ratio | H12: ALP/Agent | J12: POS Close | L12: VET Close | M12: REF Per Sit | O12: REF Close | Q12: OTS Close
C13: =COUNTIFS(B36:B1137,B11) -> 4 | E13: =IFERROR(C11/H11,0) -> 0 | F13: =IFERROR((G11+R11)/F11,0) -> 0 | G13: =IFERROR(H11/G11,0) -> 0 | H13: =(C11/C13) -> 0 | J13: =IFERROR(J11/I11,0) -> 0 | L13: =IFERROR(L11/K11,0) -> 0 | M13: =IFERROR(M11/SUM(R11+G11,0),"") | O13: =IFERROR(O11/N11,0) -> 0 | Q13: =IFERROR(Q11/P11,0) -> 0
B14: Javier Sandoval | C14: =SUMIF(B:B,B14,T:T) -> 1750 | E14: =SUMIFS(T:T,B:B,B14,D:D,"Y") -> 1750 | F14: =SUMIF(B34:B1137,B14,G34:G1137) -> 4 | G14: =SUMIF(B34:B1137,B14,H34:H1137) -> 2 | H14: =SUMIF(B34:B1137,B14,I34:I1137) -> 2 | I14: =SUMIF(B34:B1137,B14,P34:P1137) -> 0 | J14: =SUMIF(B34:B1137,B14,Q34:Q1137) -> 0 | K14: =SUMIF(B34:B1137,B14,R34:R1137) -> 0 | L14: =SUMIF(B34:B1137,B14,S34:S1137) -> 0 | M14: =SUMIF(B34:B1137,B14,M34:M1137) -> 2 | N14: =SUMIF(B34:B1137,B14,N34:N1137) -> 1 | O14: =SUMIF(B34:B1137,B14,O34:O1137) -> 1 | P14: =SUMIF(B34:B1137,B14,J34:J1137) -> 1 | Q14: =SUMIF(B34:B1137,B14,K34:K1137) -> 2 | R14: =SUMIF(B34:B1137,B14,L34:L1137) -> 0
C15: # of Agents | E15: ALP per sale | F15: Show Rate | G15: Close Ratio | H15: ALP/Agent | J15: POS Close | L15: VET Close | M15: REF Per Sit | O15: REF Close | Q15: OTS Close
C16: =COUNTIFS(B34:B1137,B14) -> 16 | E16: =IFERROR(C14/H14,0) -> 875 | F16: =IFERROR((G14+R14)/F14,0) -> 0.5 | G16: =IFERROR(H14/G14,0) -> 1 | H16: =(C14/C16) -> 109.375 | J16: =IFERROR(J14/I14,0) -> 0 | L16: =IFERROR(L14/K14,0) -> 0 | M16: =IFERROR(M14/SUM(G14+R14,0),"") -> 1 | O16: =IFERROR(O14/N14,0) -> 1 | Q16: =IFERROR(Q14/P14,0) -> 2
B17: Jacob Brown | C17: =SUMIF(A:A,B17,T:T) -> 0 | E17: =SUMIFS(T:T,A:A,B17,D:D,"Y") -> 0 | F17: =SUMIF(A:A,B17,G:G) -> 0 | G17: =SUMIF(A:A,B17,H:H) -> 0 | H17: =SUMIF(A:A,B17,I:I) -> 0 | I17: =SUMIF(A:A,B17,P:P) -> 0 | J17: =SUMIF(A:A,B17,Q:Q) -> 0 | K17: =SUMIF(A:A,B17,R:R) -> 0 | L17: =SUMIF(A:A,B17,S:S) -> 0 | M17: =SUMIF(A:A,B17,M:M) -> 0 | N17: =SUMIF(A:A,B17,N:N) -> 0 | O17: =SUMIF(A:A,B17,O:O) -> 0 | P17: =SUMIF(A:A,B17,J:J) -> 0 | Q17: =SUMIF(A:A,B17,K:K) -> 0 | R17: =SUMIF(A:A,B17,L:L) -> 0
C18: # of Agents | E18: ALP per sale | F18: Show Rate | G18: Close Ratio | H18: ALP/Agent | J18: POS Close | L18: VET Close | M18: REF Per Sit | O18: REF Close | Q18: OTS Close
C19: =COUNTIFS(A:A,B17) -> 6 | E19: =IFERROR(C17/H17,0) -> 0 | F19: =IFERROR((G17+R17)/F17,0) -> 0 | G19: =IFERROR(H17/G17,0) -> 0 | H19: =(C17/C19) -> 0 | J19: =IFERROR(J17/I17,0) -> 0 | L19: =IFERROR(L17/K17,0) -> 0 | M19: =IFERROR(M17/SUM(R17+G17,0),"") | O19: =IFERROR(O17/N17,0) -> 0 | Q19: =IFERROR(Q17/P17,0) -> 0
B20: Derron Alexander | C20: =SUMIF(A:A,B20,T:T) -> 0 | E20: =SUMIFS(T:T,A:A,B20,D:D,"Y") -> 0 | F20: =SUMIF(A:A,B20,G:G) -> 0 | G20: =SUMIF(A:A,B20,H:H) -> 0 | H20: =SUMIF(A:A,B20,I:I) -> 0 | I20: =SUMIF(A:A,B20,P:P) -> 0 | J20: =SUMIF(A:A,B20,Q:Q) -> 0 | K20: =SUMIF(A:A,B20,R:R) -> 0 | L20: =SUMIF(A:A,B20,S:S) -> 0 | M20: =SUMIF(A:A,B20,M:M) -> 0 | N20: =SUMIF(A:A,B20,N:N) -> 0 | O20: =SUMIF(A:A,B20,O:O) -> 0 | P20: =SUMIF(A:A,B20,J:J) -> 0 | Q20: =SUMIF(A:A,B20,K:K) -> 0 | R20: =SUMIF(A:A,B20,L:L) -> 0
C21: # of Agents | E21: ALP per sale | F21: Show Rate | G21: Close Ratio | H21: ALP/Agent | J21: POS Close | L21: VET Close | M21: REF Per Sit | O21: REF Close | Q21: OTS Close
C22: =COUNTIFS(A:A,B20) -> 9 | E22: =IFERROR(C20/H20,0) -> 0 | F22: =IFERROR((G20+R20)/F20,0) -> 0 | G22: =IFERROR(H20/G20,0) -> 0 | H22: =(C20/C22) -> 0 | J22: =IFERROR(J20/I20,0) -> 0 | L22: =IFERROR(L20/K20,0) -> 0 | M22: =IFERROR(M20/SUM(R20+G20,0),"") | O22: =IFERROR(O20/N20,0) -> 0 | Q22: =IFERROR(Q20/P20,0) -> 0
B23: David Fulfer | C23: =SUMIF(A:A,B23,T:T) -> 0 | E23: =SUMIFS(T:T,A:A,B23,D:D,"Y") -> 0 | F23: =SUMIF(A:A,B23,G:G) -> 0 | G23: =SUMIF(A:A,B23,H:H) -> 1 | H23: =SUMIF(A:A,B23,I:I) -> 0 | I23: =SUMIF(A:A,B23,P:P) -> 0 | J23: =SUMIF(A:A,B23,Q:Q) -> 0 | K23: =SUMIF(A:A,B23,R:R) -> 1 | L23: =SUMIF(A:A,B23,S:S) -> 0 | M23: =SUMIF(A:A,B23,M:M) -> 3 | N23: =SUMIF(A:A,B23,N:N) -> 0 | O23: =SUMIF(A:A,B23,O:O) -> 0 | P23: =SUMIF(A:A,B23,J:J) -> 1 | Q23: =SUMIF(A:A,B23,K:K) -> 0 | R23: =SUMIF(A:A,B23,L:L) -> 0
C24: # of Agents | E24: ALP per sale | F24: Show Rate | G24: Close Ratio | H24: ALP/Agent | J24: POS Close | L24: VET Close | M24: REF Per Sit | O24: REF Close | Q24: OTS Close
C25: =COUNTIFS(A:A,B23) -> 7 | E25: =IFERROR(C23/H23,0) -> 0 | F25: =IFERROR((G23+R23)/F23,0) -> 0 | G25: =IFERROR(H23/G23,0) -> 0 | H25: =(C23/C25) -> 0 | J25: =IFERROR(J23/I23,0) -> 0 | L25: =IFERROR(L23/K23,0) -> 0 | M25: =IFERROR(M23/SUM(R23+G23,0),"") -> 3 | O25: =IFERROR(O23/N23,0) -> 0 | Q25: =IFERROR(Q23/P23,0) -> 0
B26: Ashlynn Orng | C26: =SUMIF(A:A,B26,T:T) -> 0 | E26: =SUMIFS(T:T,A:A,B26,D:D,"Y") -> 0 | F26: =SUMIF(A:A,B26,G:G) -> 0 | G26: =SUMIF(A:A,B26,H:H) -> 0 | H26: =SUMIF(A:A,B26,I:I) -> 0 | I26: =SUMIF(A:A,B26,P:P) -> 0 | J26: =SUMIF(A:A,B26,Q:Q) -> 0 | K26: =SUMIF(A:A,B26,R:R) -> 0 | L26: =SUMIF(A:A,B26,S:S) -> 0 | M26: =SUMIF(A:A,B26,M:M) -> 0 | N26: =SUMIF(A:A,B26,N:N) -> 0 | O26: =SUMIF(A:A,B26,O:O) -> 0 | P26: =SUMIF(A:A,B26,J:J) -> 0 | Q26: =SUMIF(A:A,B26,K:K) -> 0 | R26: =SUMIF(A:A,B26,L:L) -> 0
C27: # of Agents | E27: ALP per sale | F27: Show Rate | G27: Close Ratio | H27: ALP/Agent | J27: POS Close | L27: VET Close | M27: REF Per Sit | O27: REF Close | Q27: OTS Close
C28: =COUNTIFS(A:A,B26) -> 11 | E28: =IFERROR(C26/H26,0) -> 0 | F28: =IFERROR((G26+R26)/F26,0) -> 0 | G28: =IFERROR(H26/G26,0) -> 0 | H28: =(C26/C28) -> 0 | J28: =IFERROR(J26/I26,0) -> 0 | L28: =IFERROR(L26/K26,0) -> 0 | M28: =IFERROR(M26/SUM(R26+G26,0),"") | O28: =IFERROR(O26/N26,0) -> 0 | Q28: =IFERROR(Q26/P26,0) -> 0
B29: Kenneth Preston | C29: =SUMIF(A:A,B29,T:T) -> 0 | E29: =SUMIFS(T:T,A:A,B29,D:D,"Y") -> 0 | F29: =SUMIF(A:A,B29,G:G) -> 0 | G29: =SUMIF(A:A,B29,H:H) -> 0 | H29: =SUMIF(A:A,B29,I:I) -> 0 | I29: =SUMIF(A:A,B29,P:P) -> 0 | J29: =SUMIF(A:A,B29,Q:Q) -> 0 | K29: =SUMIF(A:A,B29,R:R) -> 0 | L29: =SUMIF(A:A,B29,S:S) -> 0 | M29: =SUMIF(A:A,B29,M:M) -> 0 | N29: =SUMIF(A:A,B29,N:N) -> 0 | O29: =SUMIF(A:A,B29,O:O) -> 0 | P29: =SUMIF(A:A,B29,J:J) -> 0 | Q29: =SUMIF(A:A,B29,K:K) -> 0 | R29: =SUMIF(A:A,B29,L:L) -> 0
C30: # of Agents | E30: ALP per sale | F30: Show Rate | G30: Close Ratio | H30: ALP/Agent | J30: POS Close | L30: VET Close | M30: REF Per Sit | O30: REF Close | Q30: OTS Close
C31: =COUNTIFS(A:A,B29) -> 2 | E31: =IFERROR(C29/H29,0) -> 0 | F31: =IFERROR((G29+R29)/F29,0) -> 0 | G31: =IFERROR(H29/G29,0) -> 0 | H31: =(C29/C31) -> 0 | J31: =IFERROR(J29/I29,0) -> 0 | L31: =IFERROR(L29/K29,0) -> 0 | M31: =IFERROR(M29/SUM(R29+G29,0),"") | O31: =IFERROR(O29/N29,0) -> 0 | Q31: =IFERROR(Q29/P29,0) -> 0
A33: MGA | B33: GA | C33: SA | E33: State | F33: Agent | G33: SETS | H33: SITS | I33: SALES | J33: OTS SITS | K33: OTS SALES | L33: N1 | M33: REF OBT | N33: REF SITS | O33: REF SALES | P33: POS SITS | Q33: POS SALES | R33: VETS SITS | S33: VET SALES | T33: ALP | U33: Close | V33: Show | W33: Code Date
A34: Joseph Gojcaj | D34: Y | E34: MI | F34: Joseph Gojcaj | U34: =IFERROR(I34/H34,0) -> 0 | V34: =IFERROR(SUM(H34+L34)/G34,0) -> 0
A35: Joseph Gojcaj | B35: Edward Leon | D35: Y | E35: MI | F35: Eddie Leon | U35: =IFERROR(I35/H35,0) -> 0 | V35: =IFERROR(SUM(H35+L35)/G35,0) -> 0
A36: Joseph Gojcaj | B36: Edward Leon | E36: CA | F36: Rick Argote | U36: =IFERROR(I36/H36,0) -> 0 | V36: =IFERROR(SUM(H36+L36)/G36,0) -> 0
A37: Joseph Gojcaj | B37: Edward Leon | C37: Julian Hyman | D37: Y | E37: MI | F37: Julian Hyman | U37: =IFERROR(I37/H37,0) -> 0 | V37: =IFERROR(SUM(H37+L37)/G37,0) -> 0
A38: Joseph Gojcaj | B38: Edward Leon | C38: Julian Hyman | F38: Kaliyah Pyles | U38: =IFERROR(I38/H38,0) -> 0 | V38: =IFERROR(SUM(H38+L38)/G38,0) -> 0
A39: Joseph Gojcaj | B39: Edward Leon | C39: Julian Hyman | F39: Ethan Lasley | U39: =IFERROR(I39/H39,0) -> 0 | V39: =IFERROR(SUM(H39+L39)/G39,0) -> 0
A40: Joseph Gojcaj | B40: Edward Leon | C40: Julian Hyman | E40: MI | F40: Keith Chmiel | U40: =IFERROR(I40/H40,0) -> 0 | V40: =IFERROR(SUM(H40+L40)/G40,0) -> 0
A41: Joseph Gojcaj | B41: Edward Leon | C41: Julian Hyman | E41: TX | F41: Veronica Sanchez | U41: =IFERROR(I41/H41,0) -> 0 | V41: =IFERROR(SUM(H41+L41)/G41,0) -> 0
A42: Joseph Gojcaj | B42: Edward Leon | C42: Julian Hyman | E42: AZ | F42: Brittany Luke | U42: =IFERROR(I42/H42,0) -> 0 | V42: =IFERROR(SUM(H42+L42)/G42,0) -> 0
A43: Joseph Gojcaj | B43: Timothy Noe | D43: Y | E43: TN | F43: Timothy Noe | U43: =IFERROR(I43/H43,0) -> 0 | V43: =IFERROR(SUM(H43+L43)/G43,0) -> 0
A44: Joseph Gojcaj | B44: Timothy Noe | C44: Preston Opperman | D44: Y | E44: TN | F44: Preston Opperman | U44: =IFERROR(I44/H44,0) -> 0 | V44: =IFERROR(SUM(H44+L44)/G44,0) -> 0
A45: Joseph Gojcaj | B45: Timothy Noe | C45: Preston Opperman | E45: TN | F45: Bilal Abdullah | U45: =IFERROR(I45/H45,0) -> 0 | V45: =IFERROR(SUM(H45+L45)/G45,0) -> 0
A46: Joseph Gojcaj | B46: Timothy Noe | C46: Preston Opperman | E46: TN | F46: Kain White-Conley | U46: =IFERROR(I46/H46,0) -> 0 | V46: =IFERROR(SUM(H46+L46)/G46,0) -> 0
A47: Joseph Gojcaj | B47: Javier Sandoval | D47: Y | E47: NH | F47: Javier Sandoval | U47: =IFERROR(I47/H47,0) -> 0 | V47: =IFERROR(SUM(H47+L47)/G47,0) -> 0
A48: Joseph Gojcaj | B48: Javier Sandoval | F48: Cheri DiPiero | U48: =IFERROR(I48/H48,0) -> 0 | V48: =IFERROR(SUM(H48+L48)/G48,0) -> 0
A49: Joseph Gojcaj | B49: Javier Sandoval | E49: MI | F49: Regina Gumma | U49: =IFERROR(I49/H49,0) -> 0 | V49: =IFERROR(SUM(H49+L49)/G49,0) -> 0
A50: Joseph Gojcaj | B50: Javier Sandoval | C50: Andre Alire | D50: Y | F50: Andre Alire | U50: =IFERROR(I50/H50,0) -> 0 | V50: =IFERROR(SUM(H50+L50)/G50,0) -> 0
A51: Joseph Gojcaj | B51: Javier Sandoval | C51: Andre Alire | F51: Kelvin Claney | U51: =IFERROR(I51/H51,0) -> 0 | V51: =IFERROR(SUM(H51+L51)/G51,0) -> 0
A52: Joseph Gojcaj | B52: Javier Sandoval | C52: Andre Alire | F52: Patty Kilburn | U52: =IFERROR(I52/H52,0) -> 0 | V52: =IFERROR(SUM(H52+L52)/G52,0) -> 0
A53: Joseph Gojcaj | B53: Javier Sandoval | C53: Jacob Bandyk | D53: Y | F53: Jacob Bandyk | G53: 2 | H53: 1 | I53: 1 | J53: 1 | K53: 1 | L53: 0 | M53: 1 | N53: 1 | O53: 1 | P53: 0 | Q53: 0 | R53: 0 | S53: 0 | T53: 1750 | U53: =IFERROR(I53/H53,0) -> 1 | V53: =IFERROR(SUM(H53+L53)/G53,0) -> 0.5
A54: Joseph Gojcaj | B54: Javier Sandoval | C54: Jacob Bandyk | F54: Angelo Perez | U54: =IFERROR(I54/H54,0) -> 0 | V54: =IFERROR(SUM(H54+L54)/G54,0) -> 0
A55: Joseph Gojcaj | B55: Javier Sandoval | C55: Jacob Bandyk | F55: Megan Cannon | U55: =IFERROR(I55/H55,0) -> 0 | V55: =IFERROR(SUM(H55+L55)/G55,0) -> 0
A56: Joseph Gojcaj | B56: Javier Sandoval | C56: Melissa Elam | D56: Y | E56: MS | F56: Melissa Elam | G56: 0 | H56: 0 | I56: 0 | J56: 0 | K56: 0 | L56: 0 | M56: 0 | N56: 0 | O56: 0 | P56: 0 | Q56: 0 | R56: 0 | S56: 0 | T56: 0 | U56: =IFERROR(I56/H56,0) -> 0 | V56: =IFERROR(SUM(H56+L56)/G56,0) -> 0
A57: Joseph Gojcaj | B57: Javier Sandoval | C57: Melissa Elam | E57: TX | F57: Ronald Montoya | G57: 0 | H57: 0 | I57: 0 | J57: 0 | K57: 0 | L57: 0 | M57: 0 | N57: 0 | O57: 0 | P57: 0 | Q57: 0 | R57: 0 | S57: 0 | T57: 0 | U57: =IFERROR(I57/H57,0) -> 0 | V57: =IFERROR(SUM(H57+L57)/G57,0) -> 0
A58: Joseph Gojcaj | B58: Javier Sandoval | C58: Melissa Elam | E58: TX | F58: Frances Gonzalez | G58: 0 | H58: 0 | I58: 0 | J58: 0 | K58: 0 | L58: 0 | M58: 0 | N58: 0 | O58: 0 | P58: 0 | Q58: 0 | R58: 0 | S58: 0 | T58: 0 | U58: =IFERROR(I58/H58,0) -> 0 | V58: =IFERROR(SUM(H58+L58)/G58,0) -> 0
A59: Joseph Gojcaj | B59: Javier Sandoval | C59: Melissa Elam | E59: TX | F59: Karina Picado | G59: 0 | H59: 0 | I59: 0 | J59: 0 | K59: 0 | L59: 0 | M59: 0 | N59: 0 | O59: 0 | P59: 0 | Q59: 0 | R59: 0 | S59: 0 | T59: 0 | U59: =IFERROR(I59/H59,0) -> 0 | V59: =IFERROR(SUM(H59+L59)/G59,0) -> 0
A60: Joseph Gojcaj | B60: Javier Sandoval | C60: Melissa Elam | E60: MO | F60: Danielle Loux | G60: 2 | H60: 1 | I60: 1 | J60: 0 | K60: 1 | L60: 0 | M60: 1 | N60: 0 | O60: 0 | P60: 0 | Q60: 0 | R60: 0 | S60: 0 | T60: 0 | U60: =IFERROR(I60/H60,0) -> 1 | V60: =IFERROR(SUM(H60+L60)/G60,0) -> 0.5
A61: Joseph Gojcaj | B61: Javier Sandoval | C61: Melissa Elam | F61: Tiera Williams | G61: 0 | H61: 0 | I61: 0 | J61: 0 | K61: 0 | L61: 0 | M61: 0 | N61: 0 | O61: 0 | P61: 0 | Q61: 0 | R61: 0 | S61: 0 | T61: 0 | U61: =IFERROR(I61/H61,0) -> 0 | V61: =IFERROR(SUM(H61+L61)/G61,0) -> 0
A62: Joseph Gojcaj | B62: Javier Sandoval | C62: Melissa Elam | E62: GA | F62: Romona Armstead | G62: 0 | H62: 0 | I62: 0 | J62: 0 | K62: 0 | L62: 0 | M62: 0 | N62: 0 | O62: 0 | P62: 0 | Q62: 0 | R62: 0 | S62: 0 | T62: 0 | U62: =IFERROR(I62/H62,0) -> 0 | V62: =IFERROR(SUM(H62+L62)/G62,0) -> 0
A63: MGA | B63: GA | C63: SA | E63: State | F63: Agent | G63: SETS | H63: SITS | I63: SALES | J63: OTS SITS | K63: OTS SALES | L63: N1 | M63: REF OBT | N63: REF SITS | O63: REF SALES | P63: POS SITS | Q63: POS SALES | R63: VETS SITS | S63: VET SALES | T63: ALP | U63: Close | V63: Show
A64: Jacob Brown | D64: Y | E64: MI | F64: Jacob Brown | U64: =IFERROR(I64/H64,0) -> 0 | V64: =IFERROR(SUM(H64+L64)/G64,0) -> 0
A65: Jacob Brown | C65: Kristen Fox | D65: Y | E65: NC | F65: Kristen Fox | G65: 0 | H65: 0 | I65: 0 | J65: 0 | K65: 0 | L65: 0 | M65: 0 | N65: 0 | O65: 0 | P65: 0 | Q65: 0 | R65: 0 | S65: 0 | U65: =IFERROR(I65/H65,0) -> 0 | V65: =IFERROR(SUM(H65+L65)/G65,0) -> 0
A66: Jacob Brown | C66: Kristen Fox | F66: Marci Dyer | U66: =IFERROR(I66/H66,0) -> 0 | V66: =IFERROR(SUM(H66+L66)/G66,0) -> 0
A67: Jacob Brown | C67: Joylynn Harris | D67: Y | E67: CA | F67: Joylynn Harris | G67: 0 | H67: 0 | I67: 0 | J67: 0 | K67: 0 | L67: 0 | M67: 0 | N67: 0 | O67: 0 | P67: 0 | Q67: 0 | R67: 0 | S67: 0 | T67: 0 | U67: =IFERROR(I67/H67,0) -> 0 | V67: =IFERROR(SUM(H67+L67)/G67,0) -> 0
A68: Jacob Brown | C68: Joylynn Harris | E68: TX | F68: Shafay Sutton | G68: 0 | H68: 0 | I68: 0 | J68: 0 | K68: 0 | L68: 0 | M68: 0 | N68: 0 | O68: 0 | P68: 0 | Q68: 0 | R68: 0 | S68: 0 | T68: 0 | U68: =IFERROR(I68/H68,0) -> 0 | V68: =IFERROR(SUM(H68+L68)/G68,0) -> 0
A69: Jacob Brown | C69: Joylynn Harris | E69: IL | F69: Michael Hall | G69: 0 | H69: 0 | I69: 0 | J69: 0 | K69: 0 | L69: 0 | M69: 0 | N69: 0 | O69: 0 | P69: 0 | Q69: 0 | R69: 0 | S69: 0 | T69: 0 | U69: =IFERROR(I69/H69,0) -> 0 | V69: =IFERROR(SUM(H69+L69)/G69,0) -> 0
A70: MGA | B70: GA | C70: SA | E70: State | F70: Agent | G70: SETS | H70: SITS | I70: SALES | J70: OTS SITS | K70: OTS SALES | L70: N1 | M70: REF OBT | N70: REF SITS | O70: REF SALES | P70: POS SITS | Q70: POS SALES | R70: VETS SITS | S70: VET SALES | T70: ALP | U70: Close | V70: Show
A71: Derron Alexander | D71: Y | E71: NY | F71: Derron Alexander | U71: =IFERROR(I71/H71,0) -> 0 | V71: =IFERROR(SUM(H71+L71)/G71,0) -> 0
A72: Derron Alexander | E72: MD | F72: Makeisha Allen | U72: =IFERROR(I72/H72,0) -> 0 | V72: =IFERROR(SUM(H72+L72)/G72,0) -> 0
A73: Derron Alexander | E73: NY | F73: Kisha Darby | U73: =IFERROR(I73/H73,0) -> 0 | V73: =IFERROR(SUM(H73+L73)/G73,0) -> 0
A74: Derron Alexander | E74: NY | F74: Michael Dolin | U74: =IFERROR(I74/H74,0) -> 0 | V74: =IFERROR(SUM(H74+L74)/G74,0) -> 0
A75: Derron Alexander | E75: NY | F75: Toel Jefferson | U75: =IFERROR(I75/H75,0) -> 0 | V75: =IFERROR(SUM(H75+L75)/G75,0) -> 0
A76: Derron Alexander | E76: NY | F76: Zev Bienenstock | U76: =IFERROR(I76/H76,0) -> 0 | V76: =IFERROR(SUM(H76+L76)/G76,0) -> 0
A77: Derron Alexander | E77: NY | F77: Marie Cano | U77: =IFERROR(I77/H77,0) -> 0 | V77: =IFERROR(SUM(H77+L77)/G77,0) -> 0
A78: Derron Alexander | E78: NY | F78: Jordan McFarlane | U78: =IFERROR(I78/H78,0) -> 0 | V78: =IFERROR(SUM(H78+L78)/G78,0) -> 0
A79: Derron Alexander | E79: NY | F79: LaToya Clark | U79: =IFERROR(I79/H79,0) -> 0 | V79: =IFERROR(SUM(H79+L79)/G79,0) -> 0
A80: MGA | B80: GA | C80: SA | E80: State | F80: Agent | G80: SETS | H80: SITS | I80: SALES | J80: OTS SITS | K80: OTS SALES | L80: N1 | M80: REF OBT | N80: REF SITS | O80: REF SALES | P80: POS SITS | Q80: POS SALES | R80: VETS SITS | S80: VET SALES | T80: ALP | U80: Close | V80: Show
A81: David Fulfer | D81: Y | E81: SC | F81: David Fulfer | U81: =IFERROR(I81/H81,0) -> 0 | V81: =IFERROR(SUM(H81+L81)/G81,0) -> 0
A82: David Fulfer | E82: MO | F82: William Benline | U82: =IFERROR(I82/H82,0) -> 0 | V82: =IFERROR(SUM(H82+L82)/G82,0) -> 0
A83: David Fulfer | C83: Ken Hermann | D83: Y | E83: TX | F83: Ken Hermann | G83: 0 | H83: 1 | I83: 0 | J83: 1 | K83: 0 | L83: 0 | M83: 3 | N83: 0 | O83: 0 | P83: 0 | Q83: 0 | R83: 1 | S83: 0 | T83: 0 | U83: =IFERROR(I83/H83,0) -> 0 | V83: =IFERROR(SUM(H83+L83)/G83,0) -> 0
A84: David Fulfer | C84: Ken Hermann | F84: Emmy Phipps | U84: =IFERROR(I84/H84,0) -> 0 | V84: =IFERROR(SUM(H84+L84)/G84,0) -> 0
A85: David Fulfer | C85: Ken Hermann | F85: Sasha Blake | U85: =IFERROR(I85/H85,0) -> 0 | V85: =IFERROR(SUM(H85+L85)/G85,0) -> 0
A86: David Fulfer | C86: Annie Ransom | D86: Y | E86: OR | F86: Annie Ransom | U86: =IFERROR(I86/H86,0) -> 0 | V86: =IFERROR(SUM(H86+L86)/G86,0) -> 0
A87: David Fulfer | C87: Annie Ransom | E87: TX | F87: Caroline Sanazaro | U87: =IFERROR(I87/H87,0) -> 0 | V87: =IFERROR(SUM(H87+L87)/G87,0) -> 0
A88: MGA | B88: GA | C88: SA | E88: State | F88: Agent | G88: SETS | H88: SITS | I88: SALES | J88: OTS SITS | K88: OTS SALES | L88: N1 | M88: REF OBT | N88: REF SITS | O88: REF SALES | P88: POS SITS | Q88: POS SALES | R88: VETS SITS | S88: VET SALES | T88: ALP | U88: Close | V88: Show
A89: Ashlynn Orng | D89: Y | E89: CA | F89: Ashlynn Orng | U89: =IFERROR(I89/H89,0) -> 0 | V89: =IFERROR(SUM(H89+L89)/G89,0) -> 0
A90: Ashlynn Orng | E90: TX | F90: O'Neil Mbakwe | U90: =IFERROR(I90/H90,0) -> 0 | V90: =IFERROR(SUM(H90+L90)/G90,0) -> 0
A91: Ashlynn Orng | E91: MO | F91: Alexa Legg | U91: =IFERROR(I91/H91,0) -> 0 | V91: =IFERROR(SUM(H91+L91)/G91,0) -> 0
A92: Ashlynn Orng | F92: Crystal Mekdarasack | U92: =IFERROR(I92/H92,0) -> 0 | V92: =IFERROR(SUM(H92+L92)/G92,0) -> 0
A93: Ashlynn Orng | C93: Wendy Huber | D93: Y | E93: OR | F93: Wendy Huber | U93: =IFERROR(I93/H93,0) -> 0 | V93: =IFERROR(SUM(H93+L93)/G93,0) -> 0
A94: Ashlynn Orng | C94: Wendy Huber | E94: FL | F94: Alissa Charles | U94: =IFERROR(I94/H94,0) -> 0 | V94: =IFERROR(SUM(H94+L94)/G94,0) -> 0
A95: Ashlynn Orng | C95: Wendy Huber | E95: VA | F95: Tasheka Hill | U95: =IFERROR(I95/H95,0) -> 0 | V95: =IFERROR(SUM(H95+L95)/G95,0) -> 0
A96: Ashlynn Orng | C96: Wendy Huber | F96: Alissa Charles | U96: =IFERROR(I96/H96,0) -> 0 | V96: =IFERROR(SUM(H96+L96)/G96,0) -> 0
A97: Ashlynn Orng | C97: Wendy Huber | F97: Jennifer Munson | U97: =IFERROR(I97/H97,0) -> 0 | V97: =IFERROR(SUM(H97+L97)/G97,0) -> 0
A98: Ashlynn Orng | C98: Bryanna Wagner | D98: Y | E98: WI | F98: Bryanna Wagner | U98: =IFERROR(I98/H98,0) -> 0 | V98: =IFERROR(SUM(H98+L98)/G98,0) -> 0
A99: Ashlynn Orng | C99: Bryanna Wagner | F99: Juan Ortega | U99: =IFERROR(I99/H99,0) -> 0 | V99: =IFERROR(SUM(H99+L99)/G99,0) -> 0
A100: MGA | B100: GA | C100: SA | E100: State | F100: Agent | G100: SETS | H100: SITS | I100: SALES | J100: OTS SITS | K100: OTS SALES | L100: N1 | M100: REF OBT | N100: REF SITS | O100: REF SALES | P100: POS SITS | Q100: POS SALES | R100: VETS SITS | S100: VET SALES | T100: ALP | U100: Close | V100: Show
A101: Kenneth Preston | D101: Y | E101: TX | F101: Kenneth Preston | U101: =IFERROR(I101/H101,0) -> 0 | V101: =IFERROR(SUM(H101+L101)/G101,0) -> 0
...

Sheet Fri
C1: ALP | E1: LEADERSHIP ALP | F1: Appts | G1: Pres | H1: Sales | I1: POS SITS | J1: POS SA | K1: VET SITS | L1: VET SA | M1: REF OBT | N1: REF SITS | O1: REF SA | P1: OTS SITS | Q1: OTS SA | R1: N1
B2: GOJCAJ RGA | C2: =SUM(C5,C17,C20,C23,C26,C29) -> 1893 | E2: =SUM(E5,E17,E20,E23,E26,E29) -> 1893 | F2: =SUM(F5,F17,F20,F23,F26,F29) -> 4 | G2: =SUM(G5,G17,G20,G23,G26,G29) -> 4 | H2: =SUM(H5,H17,H20,H23,H26,H29) -> 1 | I2: =SUM(I5,I17,I20,I23,I26,I29) -> 0 | J2: =SUM(J5,J17,J20,J23,J26,J29) -> 0 | K2: =SUM(K5,K17,K20,K23,K26,K29) -> 1 | L2: =SUM(L5,L17,L20,L23,L26,L29) -> 1 | ... R2: =SUM(R5,R17,R20,R23,R26,R29) -> 1
C3: # of Agents | E3: ALP per sale | F3: Show Rate | G3: Close Ratio | H3: ALP/Agent | J3: POS Close | L3: VET Close | M3: REF Per Sit | O3: REF Close | Q3: OTS Close
C4: =SUM(C7,C22,C19,C25,C28,C31) -> 64 | E4: =IFERROR(C2/H2,0) -> 1893 | F4: =IFERROR((G2+R2)/F2,0) -> 1.25 | G4: =IFERROR(H2/G2,0) -> 0.25 | H4: =(C2/C4) -> 29.578125 | J4: =IFERROR(J2/I2,0) -> 0 | L4: =IFERROR(L2/K2,0) -> 1 | M4: =IFERROR(M2/G2,0) -> 5.25 | O4: =IFERROR(O2/N2,0) -> 0 | Q4: =IFERROR(Q2/P2,0) -> 0.33333333
B5: Joseph Gojcaj | C5: =SUMIF(A:A,B5,T:T) -> 1893 | E5: =SUMIFS(T:T,A:A,B5,D:D,"Y") -> 1893 | F5: =SUMIF(A:A,B5,G:G) -> 4 | G5: =SUMIF(A:A,B5,H:H) -> 3 | H5: =SUMIF(A:A,B5,I:I) -> 1 | I5: =SUMIF(A:A,B5,P:P) -> 0 | J5: =SUMIF(A:A,B5,Q:Q) -> 0 | K5: =SUMIF(A:A,B5,R:R) -> 1 | L5: =SUMIF(A:A,B5,S:S) -> 1 | M5: =SUMIF(A:A,B5,M:M) -> 10 | N5: =SUMIF(A:A,B5,N:N) -> 1 | O5: =SUMIF(A:A,B5,O:O) -> 0 | P5: =SUMIF(A:A,B5,J:J) -> 3 | Q5: =SUMIF(A:A,B5,K:K) -> 1 | R5: =SUMIF(A:A,B5,L:L) -> 1
C6: # of Agents | E6: ALP per sale | F6: Show Rate | G6: Close Ratio | H6: ALP/Agent | J6: POS Close | L6: VET Close | M6: REF Per Sit | O6: REF Close | Q6: OTS Close
C7: =COUNTIFS(A:A,B5) -> 29 | E7: =IFERROR(C5/H5,0) -> 1893 | F7: =IFERROR((G5+R5)/F5,0) -> 1 | G7: =IFERROR(H5/G5,0) -> 0.33333333 | H7: =(C5/C7) -> 65.275862 | J7: =IFERROR(J5/I5,0) -> 0 | L7: =IFERROR(L5/K5,0) -> 1 | M7: =IFERROR(M5/SUM(R5+G5,0),"") -> 2.5 | O7: =IFERROR(O5/N5,0) -> 0 | Q7: =IFERROR(Q5/P5,0) -> 0.33333333
B8: Edward Leon | C8: =SUMIF(B:B,B8,T:T) -> 0 | E8: =SUMIFS(T:T,B:B,B8,D:D,"Y") -> 0 | F8: =SUMIF(B28:B1137,B8,G28:G1137) -> 0 | G8: =SUMIF(B28:B1137,B8,H28:H1137) -> 0 | H8: =SUMIF(B28:B1137,B8,I28:I1137) -> 0 | I8: =SUMIF(B28:B1137,B8,P28:P1137) -> 0 | J8: =SUMIF(B28:B1137,B8,Q28:Q1137) -> 0 | K8: =SUMIF(B28:B1137,B8,R28:R1137) -> 0 | L8: =SUMIF(B28:B1137,B8,S28:S1137) -> 0 | M8: =SUMIF(B28:B1137,B8,M28:M1137) -> 0 | N8: =SUMIF(B28:B1137,B8,N28:N1137) -> 0 | O8: =SUMIF(B28:B1137,B8,O28:O1137) -> 0 | P8: =SUMIF(B28:B1137,B8,J28:J1137) -> 0 | Q8: =SUMIF(B28:B1137,B8,K28:K1137) -> 0 | R8: =SUMIF(B28:B1137,B8,L28:L1137) -> 0
C9: # of Agents | E9: ALP per sale | F9: Show Rate | G9: Close Ratio | H9: ALP/Agent | J9: POS Close | L9: VET Close | M9: REF Per Sit | O9: REF Close | Q9: OTS Close
C10: =COUNTIFS(B35:B1137,B8) -> 8 | E10: =IFERROR(C8/H8,0) -> 0 | F10: =IFERROR((G8+R8)/F8,0) -> 0 | G10: =IFERROR(H8/G8,0) -> 0 | H10: =(C8/C10) -> 0 | J10: =IFERROR(J8/I8,0) -> 0 | L10: =IFERROR(L8/K8,0) -> 0 | M10: =IFERROR(M8/SUM(R8+G8,0),"") | O10: =IFERROR(O8/N8,0) -> 0 | Q10: =IFERROR(Q8/P8,0) -> 0
B11: Timothy Noe | C11: =SUMIF(B:B,B11,T:T) -> 0 | E11: =SUMIFS(T:T,B:B,B11,D:D,"Y") -> 0 | F11: =SUMIF(B31:B1137,B11,G31:G1137) -> 0 | G11: =SUMIF(B31:B1137,B11,H31:H1137) -> 0 | H11: =SUMIF(B31:B1137,B11,I31:I1137) -> 0 | I11: =SUMIF(B31:B1137,B11,P31:P1137) -> 0 | J11: =SUMIF(B31:B1137,B11,Q31:Q1137) -> 0 | K11: =SUMIF(B31:B1137,B11,R31:R1137) -> 0 | L11: =SUMIF(B31:B1137,B11,S31:S1137) -> 0 | M11: =SUMIF(B31:B1137,B11,M31:M1137) -> 0 | N11: =SUMIF(B31:B1137,B11,N31:N1137) -> 0 | O11: =SUMIF(B31:B1137,B11,O31:O1137) -> 0 | P11: =SUMIF(B31:B1137,B11,J31:J1137) -> 0 | Q11: =SUMIF(B31:B1137,B11,K31:K1137) -> 0 | R11: =SUMIF(B31:B1137,B11,L31:L1137) -> 0
C12: # of Agents | E12: ALP per sale | F12: Show Rate | G12: Close Ratio | H12: ALP/Agent | J12: POS Close | L12: VET Close | M12: REF Per Sit | O12: REF Close | Q12: OTS Close
C13: =COUNTIFS(B36:B1137,B11) -> 4 | E13: =IFERROR(C11/H11,0) -> 0 | F13: =IFERROR((G11+R11)/F11,0) -> 0 | G13: =IFERROR(H11/G11,0) -> 0 | H13: =(C11/C13) -> 0 | J13: =IFERROR(J11/I11,0) -> 0 | L13: =IFERROR(L11/K11,0) -> 0 | M13: =IFERROR(M11/SUM(R11+G11,0),"") | O13: =IFERROR(O11/N11,0) -> 0 | Q13: =IFERROR(Q11/P11,0) -> 0
B14: Javier Sandoval | C14: =SUMIF(B:B,B14,T:T) -> 1893 | E14: =SUMIFS(T:T,B:B,B14,D:D,"Y") -> 1893 | F14: =SUMIF(B34:B1137,B14,G34:G1137) -> 4 | G14: =SUMIF(B34:B1137,B14,H34:H1137) -> 3 | H14: =SUMIF(B34:B1137,B14,I34:I1137) -> 1 | I14: =SUMIF(B34:B1137,B14,P34:P1137) -> 0 | J14: =SUMIF(B34:B1137,B14,Q34:Q1137) -> 0 | K14: =SUMIF(B34:B1137,B14,R34:R1137) -> 1 | L14: =SUMIF(B34:B1137,B14,S34:S1137) -> 1 | M14: =SUMIF(B34:B1137,B14,M34:M1137) -> 10 | N14: =SUMIF(B34:B1137,B14,N34:N1137) -> 1 | O14: =SUMIF(B34:B1137,B14,O34:O1137) -> 0 | P14: =SUMIF(B34:B1137,B14,J34:J1137) -> 3 | Q14: =SUMIF(B34:B1137,B14,K34:K1137) -> 1 | R14: =SUMIF(B34:B1137,B14,L34:L1137) -> 1
C15: # of Agents | E15: ALP per sale | F15: Show Rate | G15: Close Ratio | H15: ALP/Agent | J15: POS Close | L15: VET Close | M15: REF Per Sit | O15: REF Close | Q15: OTS Close
C16: =COUNTIFS(B34:B1137,B14) -> 16 | E16: =IFERROR(C14/H14,0) -> 1893 | F16: =IFERROR((G14+R14)/F14,0) -> 1 | G16: =IFERROR(H14/G14,0) -> 0.33333333 | H16: =(C14/C16) -> 118.3125 | J16: =IFERROR(J14/I14,0) -> 0 | L16: =IFERROR(L14/K14,0) -> 1 | M16: =IFERROR(M14/SUM(G14+R14,0),"") -> 2.5 | O16: =IFERROR(O14/N14,0) -> 0 | Q16: =IFERROR(Q14/P14,0) -> 0.33333333
B17: Jacob Brown | C17: =SUMIF(A:A,B17,T:T) -> 0 | E17: =SUMIFS(T:T,A:A,B17,D:D,"Y") -> 0 | F17: =SUMIF(A:A,B17,G:G) -> 0 | G17: =SUMIF(A:A,B17,H:H) -> 0 | H17: =SUMIF(A:A,B17,I:I) -> 0 | I17: =SUMIF(A:A,B17,P:P) -> 0 | J17: =SUMIF(A:A,B17,Q:Q) -> 0 | K17: =SUMIF(A:A,B17,R:R) -> 0 | L17: =SUMIF(A:A,B17,S:S) -> 0 | M17: =SUMIF(A:A,B17,M:M) -> 0 | N17: =SUMIF(A:A,B17,N:N) -> 0 | O17: =SUMIF(A:A,B17,O:O) -> 0 | P17: =SUMIF(A:A,B17,J:J) -> 0 | Q17: =SUMIF(A:A,B17,K:K) -> 0 | R17: =SUMIF(A:A,B17,L:L) -> 0
C18: # of Agents | E18: ALP per sale | F18: Show Rate | G18: Close Ratio | H18: ALP/Agent | J18: POS Close | L18: VET Close | M18: REF Per Sit | O18: REF Close | Q18: OTS Close
C19: =COUNTIFS(A:A,B17) -> 6 | E19: =IFERROR(C17/H17,0) -> 0 | F19: =IFERROR((G17+R17)/F17,0) -> 0 | G19: =IFERROR(H17/G17,0) -> 0 | H19: =(C17/C19) -> 0 | J19: =IFERROR(J17/I17,0) -> 0 | L19: =IFERROR(L17/K17,0) -> 0 | M19: =IFERROR(M17/SUM(R17+G17,0),"") | O19: =IFERROR(O17/N17,0) -> 0 | Q19: =IFERROR(Q17/P17,0) -> 0
B20: Derron Alexander | C20: =SUMIF(A:A,B20,T:T) -> 0 | E20: =SUMIFS(T:T,A:A,B20,D:D,"Y") -> 0 | F20: =SUMIF(A:A,B20,G:G) -> 0 | G20: =SUMIF(A:A,B20,H:H) -> 0 | H20: =SUMIF(A:A,B20,I:I) -> 0 | I20: =SUMIF(A:A,B20,P:P) -> 0 | J20: =SUMIF(A:A,B20,Q:Q) -> 0 | K20: =SUMIF(A:A,B20,R:R) -> 0 | L20: =SUMIF(A:A,B20,S:S) -> 0 | M20: =SUMIF(A:A,B20,M:M) -> 0 | N20: =SUMIF(A:A,B20,N:N) -> 0 | O20: =SUMIF(A:A,B20,O:O) -> 0 | P20: =SUMIF(A:A,B20,J:J) -> 0 | Q20: =SUMIF(A:A,B20,K:K) -> 0 | R20: =SUMIF(A:A,B20,L:L) -> 0
C21: # of Agents | E21: ALP per sale | F21: Show Rate | G21: Close Ratio | H21: ALP/Agent | J21: POS Close | L21: VET Close | M21: REF Per Sit | O21: REF Close | Q21: OTS Close
C22: =COUNTIFS(A:A,B20) -> 9 | E22: =IFERROR(C20/H20,0) -> 0 | F22: =IFERROR((G20+R20)/F20,0) -> 0 | G22: =IFERROR(H20/G20,0) -> 0 | H22: =(C20/C22) -> 0 | J22: =IFERROR(J20/I20,0) -> 0 | L22: =IFERROR(L20/K20,0) -> 0 | M22: =IFERROR(M20/SUM(R20+G20,0),"") | O22: =IFERROR(O20/N20,0) -> 0 | Q22: =IFERROR(Q20/P20,0) -> 0
B23: David Fulfer | C23: =SUMIF(A:A,B23,T:T) -> 0 | E23: =SUMIFS(T:T,A:A,B23,D:D,"Y") -> 0 | F23: =SUMIF(A:A,B23,G:G) -> 0 | G23: =SUMIF(A:A,B23,H:H) -> 1 | H23: =SUMIF(A:A,B23,I:I) -> 0 | I23: =SUMIF(A:A,B23,P:P) -> 0 | J23: =SUMIF(A:A,B23,Q:Q) -> 0 | K23: =SUMIF(A:A,B23,R:R) -> 0 | L23: =SUMIF(A:A,B23,S:S) -> 0 | M23: =SUMIF(A:A,B23,M:M) -> 11 | N23: =SUMIF(A:A,B23,N:N) -> 1 | O23: =SUMIF(A:A,B23,O:O) -> 0 | P23: =SUMIF(A:A,B23,J:J) -> 0 | Q23: =SUMIF(A:A,B23,K:K) -> 0 | R23: =SUMIF(A:A,B23,L:L) -> 0
C24: # of Agents | E24: ALP per sale | F24: Show Rate | G24: Close Ratio | H24: ALP/Agent | J24: POS Close | L24: VET Close | M24: REF Per Sit | O24: REF Close | Q24: OTS Close
C25: =COUNTIFS(A:A,B23) -> 7 | E25: =IFERROR(C23/H23,0) -> 0 | F25: =IFERROR((G23+R23)/F23,0) -> 0 | G25: =IFERROR(H23/G23,0) -> 0 | H25: =(C23/C25) -> 0 | J25: =IFERROR(J23/I23,0) -> 0 | L25: =IFERROR(L23/K23,0) -> 0 | M25: =IFERROR(M23/SUM(R23+G23,0),"") -> 11 | O25: =IFERROR(O23/N23,0) -> 0 | Q25: =IFERROR(Q23/P23,0) -> 0
B26: Ashlynn Orng | C26: =SUMIF(A:A,B26,T:T) -> 0 | E26: =SUMIFS(T:T,A:A,B26,D:D,"Y") -> 0 | F26: =SUMIF(A:A,B26,G:G) -> 0 | G26: =SUMIF(A:A,B26,H:H) -> 0 | H26: =SUMIF(A:A,B26,I:I) -> 0 | I26: =SUMIF(A:A,B26,P:P) -> 0 | J26: =SUMIF(A:A,B26,Q:Q) -> 0 | K26: =SUMIF(A:A,B26,R:R) -> 0 | L26: =SUMIF(A:A,B26,S:S) -> 0 | M26: =SUMIF(A:A,B26,M:M) -> 0 | N26: =SUMIF(A:A,B26,N:N) -> 0 | O26: =SUMIF(A:A,B26,O:O) -> 0 | P26: =SUMIF(A:A,B26,J:J) -> 0 | Q26: =SUMIF(A:A,B26,K:K) -> 0 | R26: =SUMIF(A:A,B26,L:L) -> 0
C27: # of Agents | E27: ALP per sale | F27: Show Rate | G27: Close Ratio | H27: ALP/Agent | J27: POS Close | L27: VET Close | M27: REF Per Sit | O27: REF Close | Q27: OTS Close
C28: =COUNTIFS(A:A,B26) -> 11 | E28: =IFERROR(C26/H26,0) -> 0 | F28: =IFERROR((G26+R26)/F26,0) -> 0 | G28: =IFERROR(H26/G26,0) -> 0 | H28: =(C26/C28) -> 0 | J28: =IFERROR(J26/I26,0) -> 0 | L28: =IFERROR(L26/K26,0) -> 0 | M28: =IFERROR(M26/SUM(R26+G26,0),"") | O28: =IFERROR(O26/N26,0) -> 0 | Q28: =IFERROR(Q26/P26,0) -> 0
B29: Kenneth Preston | C29: =SUMIF(A:A,B29,T:T) -> 0 | E29: =SUMIFS(T:T,A:A,B29,D:D,"Y") -> 0 | F29: =SUMIF(A:A,B29,G:G) -> 0 | G29: =SUMIF(A:A,B29,H:H) -> 0 | H29: =SUMIF(A:A,B29,I:I) -> 0 | I29: =SUMIF(A:A,B29,P:P) -> 0 | J29: =SUMIF(A:A,B29,Q:Q) -> 0 | K29: =SUMIF(A:A,B29,R:R) -> 0 | L29: =SUMIF(A:A,B29,S:S) -> 0 | M29: =SUMIF(A:A,B29,M:M) -> 0 | N29: =SUMIF(A:A,B29,N:N) -> 0 | O29: =SUMIF(A:A,B29,O:O) -> 0 | P29: =SUMIF(A:A,B29,J:J) -> 0 | Q29: =SUMIF(A:A,B29,K:K) -> 0 | R29: =SUMIF(A:A,B29,L:L) -> 0
C30: # of Agents | E30: ALP per sale | F30: Show Rate | G30: Close Ratio | H30: ALP/Agent | J30: POS Close | L30: VET Close | M30: REF Per Sit | O30: REF Close | Q30: OTS Close
C31: =COUNTIFS(A:A,B29) -> 2 | E31: =IFERROR(C29/H29,0) -> 0 | F31: =IFERROR((G29+R29)/F29,0) -> 0 | G31: =IFERROR(H29/G29,0) -> 0 | H31: =(C29/C31) -> 0 | J31: =IFERROR(J29/I29,0) -> 0 | L31: =IFERROR(L29/K29,0) -> 0 | M31: =IFERROR(M29/SUM(R29+G29,0),"") | O31: =IFERROR(O29/N29,0) -> 0 | Q31: =IFERROR(Q29/P29,0) -> 0
A33: MGA | B33: GA | C33: SA | E33: State | F33: Agent | G33: SETS | H33: SITS | I33: SALES | J33: OTS SITS | K33: OTS SALES | L33: N1 | M33: REF OBT | N33: REF SITS | O33: REF SALES | P33: POS SITS | Q33: POS SALES | R33: VETS SITS | S33: VET SALES | T33: ALP | U33: Close | V33: Show | W33: Code Date
A34: Joseph Gojcaj | D34: Y | E34: MI | F34: Joseph Gojcaj | U34: =IFERROR(I34/H34,0) -> 0 | V34: =IFERROR(SUM(H34+L34)/G34,0) -> 0
A35: Joseph Gojcaj | B35: Edward Leon | D35: Y | E35: MI | F35: Eddie Leon | U35: =IFERROR(I35/H35,0) -> 0 | V35: =IFERROR(SUM(H35+L35)/G35,0) -> 0
A36: Joseph Gojcaj | B36: Edward Leon | E36: CA | F36: Rick Argote | U36: =IFERROR(I36/H36,0) -> 0 | V36: =IFERROR(SUM(H36+L36)/G36,0) -> 0
A37: Joseph Gojcaj | B37: Edward Leon | C37: Julian Hyman | D37: Y | E37: MI | F37: Julian Hyman | U37: =IFERROR(I37/H37,0) -> 0 | V37: =IFERROR(SUM(H37+L37)/G37,0) -> 0
A38: Joseph Gojcaj | B38: Edward Leon | C38: Julian Hyman | F38: Kaliyah Pyles | U38: =IFERROR(I38/H38,0) -> 0 | V38: =IFERROR(SUM(H38+L38)/G38,0) -> 0
A39: Joseph Gojcaj | B39: Edward Leon | C39: Julian Hyman | F39: Ethan Lasley | U39: =IFERROR(I39/H39,0) -> 0 | V39: =IFERROR(SUM(H39+L39)/G39,0) -> 0
A40: Joseph Gojcaj | B40: Edward Leon | C40: Julian Hyman | E40: MI | F40: Keith Chmiel | U40: =IFERROR(I40/H40,0) -> 0 | V40: =IFERROR(SUM(H40+L40)/G40,0) -> 0
A41: Joseph Gojcaj | B41: Edward Leon | C41: Julian Hyman | E41: TX | F41: Veronica Sanchez | U41: =IFERROR(I41/H41,0) -> 0 | V41: =IFERROR(SUM(H41+L41)/G41,0) -> 0
A42: Joseph Gojcaj | B42: Edward Leon | C42: Julian Hyman | E42: AZ | F42: Brittany Luke | U42: =IFERROR(I42/H42,0) -> 0 | V42: =IFERROR(SUM(H42+L42)/G42,0) -> 0
A43: Joseph Gojcaj | B43: Timothy Noe | D43: Y | E43: TN | F43: Timothy Noe | U43: =IFERROR(I43/H43,0) -> 0 | V43: =IFERROR(SUM(H43+L43)/G43,0) -> 0
A44: Joseph Gojcaj | B44: Timothy Noe | C44: Preston Opperman | D44: Y | E44: TN | F44: Preston Opperman | U44: =IFERROR(I44/H44,0) -> 0 | V44: =IFERROR(SUM(H44+L44)/G44,0) -> 0
A45: Joseph Gojcaj | B45: Timothy Noe | C45: Preston Opperman | E45: TN | F45: Bilal Abdullah | U45: =IFERROR(I45/H45,0) -> 0 | V45: =IFERROR(SUM(H45+L45)/G45,0) -> 0
A46: Joseph Gojcaj | B46: Timothy Noe | C46: Preston Opperman | E46: TN | F46: Kain White-Conley | U46: =IFERROR(I46/H46,0) -> 0 | V46: =IFERROR(SUM(H46+L46)/G46,0) -> 0
A47: Joseph Gojcaj | B47: Javier Sandoval | D47: Y | E47: NH | F47: Javier Sandoval | U47: =IFERROR(I47/H47,0) -> 0 | V47: =IFERROR(SUM(H47+L47)/G47,0) -> 0
A48: Joseph Gojcaj | B48: Javier Sandoval | F48: Cheri DiPiero | U48: =IFERROR(I48/H48,0) -> 0 | V48: =IFERROR(SUM(H48+L48)/G48,0) -> 0
A49: Joseph Gojcaj | B49: Javier Sandoval | E49: MI | F49: Regina Gumma | U49: =IFERROR(I49/H49,0) -> 0 | V49: =IFERROR(SUM(H49+L49)/G49,0) -> 0
A50: Joseph Gojcaj | B50: Javier Sandoval | C50: Andre Alire | D50: Y | F50: Andre Alire | U50: =IFERROR(I50/H50,0) -> 0 | V50: =IFERROR(SUM(H50+L50)/G50,0) -> 0
A51: Joseph Gojcaj | B51: Javier Sandoval | C51: Andre Alire | F51: Kelvin Claney | U51: =IFERROR(I51/H51,0) -> 0 | V51: =IFERROR(SUM(H51+L51)/G51,0) -> 0
A52: Joseph Gojcaj | B52: Javier Sandoval | C52: Andre Alire | F52: Patty Kilburn | U52: =IFERROR(I52/H52,0) -> 0 | V52: =IFERROR(SUM(H52+L52)/G52,0) -> 0
A53: Joseph Gojcaj | B53: Javier Sandoval | C53: Jacob Bandyk | D53: Y | F53: Jacob Bandyk | G53: 1 | H53: 1 | I53: 1 | J53: 1 | K53: 1 | L53: 0 | M53: 1 | N53: 0 | O53: 0 | P53: 0 | Q53: 0 | R53: 1 | S53: 1 | T53: 1893 | U53: =IFERROR(I53/H53,0) -> 1 | V53: =IFERROR(SUM(H53+L53)/G53,0) -> 1
A54: Joseph Gojcaj | B54: Javier Sandoval | C54: Jacob Bandyk | F54: Angelo Perez | U54: =IFERROR(I54/H54,0) -> 0 | V54: =IFERROR(SUM(H54+L54)/G54,0) -> 0
A55: Joseph Gojcaj | B55: Javier Sandoval | C55: Jacob Bandyk | F55: Megan Cannon | U55: =IFERROR(I55/H55,0) -> 0 | V55: =IFERROR(SUM(H55+L55)/G55,0) -> 0
A56: Joseph Gojcaj | B56: Javier Sandoval | C56: Melissa Elam | D56: Y | E56: MS | F56: Melissa Elam | G56: 0 | H56: 0 | I56: 0 | J56: 0 | K56: 0 | L56: 0 | M56: 0 | N56: 0 | O56: 0 | P56: 0 | Q56: 0 | R56: 0 | S56: 0 | T56: 0 | U56: =IFERROR(I56/H56,0) -> 0 | V56: =IFERROR(SUM(H56+L56)/G56,0) -> 0
A57: Joseph Gojcaj | B57: Javier Sandoval | C57: Melissa Elam | E57: TX | F57: Ronald Montoya | G57: 0 | H57: 0 | I57: 0 | J57: 0 | K57: 0 | L57: 0 | M57: 0 | N57: 0 | O57: 0 | P57: 0 | Q57: 0 | R57: 0 | S57: 0 | T57: 0 | U57: =IFERROR(I57/H57,0) -> 0 | V57: =IFERROR(SUM(H57+L57)/G57,0) -> 0
A58: Joseph Gojcaj | B58: Javier Sandoval | C58: Melissa Elam | E58: TX | F58: Frances Gonzalez | G58: 1 | H58: 1 | I58: 0 | J58: 1 | K58: 0 | L58: 0 | M58: 5 | N58: 1 | O58: 0 | P58: 0 | Q58: 0 | R58: 0 | S58: 0 | T58: 0 | U58: =IFERROR(I58/H58,0) -> 0 | V58: =IFERROR(SUM(H58+L58)/G58,0) -> 1
A59: Joseph Gojcaj | B59: Javier Sandoval | C59: Melissa Elam | E59: TX | F59: Karina Picado | G59: 2 | H59: 1 | I59: 0 | J59: 1 | K59: 0 | L59: 1 | M59: 4 | N59: 0 | O59: 0 | P59: 0 | Q59: 0 | R59: 0 | S59: 0 | T59: 0 | U59: 0 | V59: =IFERROR(SUM(H59+L59)/G59,0) -> 1
A60: Joseph Gojcaj | B60: Javier Sandoval | C60: Melissa Elam | E60: MO | F60: Danielle Loux | G60: 0 | H60: 0 | I60: 0 | J60: 0 | K60: 0 | L60: 0 | M60: 0 | N60: 0 | O60: 0 | P60: 0 | Q60: 0 | R60: 0 | S60: 0 | T60: 0 | U60: =IFERROR(I60/H60,0) -> 0 | V60: =IFERROR(SUM(H60+L60)/G60,0) -> 0
A61: Joseph Gojcaj | B61: Javier Sandoval | C61: Melissa Elam | F61: Tiera Williams | G61: 0 | H61: 0 | I61: 0 | J61: 0 | K61: 0 | L61: 0 | M61: 0 | N61: 0 | O61: 0 | P61: 0 | Q61: 0 | R61: 0 | S61: 0 | T61: 0 | U61: =IFERROR(I61/H61,0) -> 0 | V61: =IFERROR(SUM(H61+L61)/G61,0) -> 0
A62: Joseph Gojcaj | B62: Javier Sandoval | C62: Melissa Elam | E62: GA | F62: Romona Armstead | G62: 0 | H62: 0 | I62: 0 | J62: 0 | K62: 0 | L62: 0 | M62: 0 | N62: 0 | O62: 0 | P62: 0 | Q62: 0 | R62: 0 | S62: 0 | T62: 0 | U62: =IFERROR(I62/H62,0) -> 0 | V62: =IFERROR(SUM(H62+L62)/G62,0) -> 0
A63: MGA | B63: GA | C63: SA | E63: State | F63: Agent | G63: SETS | H63: SITS | I63: SALES | J63: OTS SITS | K63: OTS SALES | L63: N1 | M63: REF OBT | N63: REF SITS | O63: REF SALES | P63: POS SITS | Q63: POS SALES | R63: VETS SITS | S63: VET SALES | T63: ALP | U63: Close | V63: Show
A64: Jacob Brown | D64: Y | E64: MI | F64: Jacob Brown | U64: =IFERROR(I64/H64,0) -> 0 | V64: =IFERROR(SUM(H64+L64)/G64,0) -> 0
A65: Jacob Brown | C65: Kristen Fox | D65: Y | E65: NC | F65: Kristen Fox | G65: 0 | H65: 0 | I65: 0 | J65: 0 | K65: 0 | L65: 0 | M65: 0 | N65: 0 | O65: 0 | P65: 0 | Q65: 0 | R65: 0 | S65: 0 | T65: 0 | U65: =IFERROR(I65/H65,0) -> 0 | V65: =IFERROR(SUM(H65+L65)/G65,0) -> 0
A66: Jacob Brown | C66: Kristen Fox | F66: Marci Dyer | U66: =IFERROR(I66/H66,0) -> 0 | V66: =IFERROR(SUM(H66+L66)/G66,0) -> 0
A67: Jacob Brown | C67: Joylynn Harris | D67: Y | E67: CA | F67: Joylynn Harris | G67: 0 | H67: 0 | I67: 0 | J67: 0 | K67: 0 | L67: 0 | M67: 0 | N67: 0 | O67: 0 | P67: 0 | Q67: 0 | R67: 0 | S67: 0 | T67: 0 | U67: =IFERROR(I67/H67,0) -> 0 | V67: =IFERROR(SUM(H67+L67)/G67,0) -> 0
A68: Jacob Brown | C68: Joylynn Harris | E68: TX | F68: Shafay Sutton | G68: 0 | H68: 0 | I68: 0 | J68: 0 | K68: 0 | L68: 0 | M68: 0 | N68: 0 | O68: 0 | P68: 0 | Q68: 0 | R68: 0 | S68: 0 | T68: 0 | U68: =IFERROR(I68/H68,0) -> 0 | V68: =IFERROR(SUM(H68+L68)/G68,0) -> 0
A69: Jacob Brown | C69: Joylynn Harris | E69: IL | F69: Michael Hall | G69: 0 | H69: 0 | I69: 0 | J69: 0 | K69: 0 | L69: 0 | M69: 0 | N69: 0 | O69: 0 | P69: 0 | Q69: 0 | R69: 0 | S69: 0 | T69: 0 | U69: =IFERROR(I69/H69,0) -> 0 | V69: =IFERROR(SUM(H69+L69)/G69,0) -> 0
A70: MGA | B70: GA | C70: SA | E70: State | F70: Agent | G70: SETS | H70: SITS | I70: SALES | J70: OTS SITS | K70: OTS SALES | L70: N1 | M70: REF OBT | N70: REF SITS | O70: REF SALES | P70: POS SITS | Q70: POS SALES | R70: VETS SITS | S70: VET SALES | T70: ALP | U70: Close | V70: Show
A71: Derron Alexander | D71: Y | E71: NY | F71: Derron Alexander | U71: =IFERROR(I71/H71,0) -> 0 | V71: =IFERROR(SUM(H71+L71)/G71,0) -> 0
A72: Derron Alexander | E72: MD | F72: Makeisha Allen | U72: =IFERROR(I72/H72,0) -> 0 | V72: =IFERROR(SUM(H72+L72)/G72,0) -> 0
A73: Derron Alexander | E73: NY | F73: Kisha Darby | U73: =IFERROR(I73/H73,0) -> 0 | V73: =IFERROR(SUM(H73+L73)/G73,0) -> 0
A74: Derron Alexander | E74: NY | F74: Michael Dolin | U74: =IFERROR(I74/H74,0) -> 0 | V74: =IFERROR(SUM(H74+L74)/G74,0) -> 0
A75: Derron Alexander | E75: NY | F75: Toel Jefferson | U75: =IFERROR(I75/H75,0) -> 0 | V75: =IFERROR(SUM(H75+L75)/G75,0) -> 0
A76: Derron Alexander | E76: NY | F76: Zev Bienenstock | U76: =IFERROR(I76/H76,0) -> 0 | V76: =IFERROR(SUM(H76+L76)/G76,0) -> 0
A77: Derron Alexander | E77: NY | F77: Marie Cano | U77: =IFERROR(I77/H77,0) -> 0 | V77: =IFERROR(SUM(H77+L77)/G77,0) -> 0
A78: Derron Alexander | E78: NY | F78: Jordan McFarlane | U78: =IFERROR(I78/H78,0) -> 0 | V78: =IFERROR(SUM(H78+L78)/G78,0) -> 0
A79: Derron Alexander | E79: NY | F79: LaToya Clark | U79: =IFERROR(I79/H79,0) -> 0 | V79: =IFERROR(SUM(H79+L79)/G79,0) -> 0
A80: MGA | B80: GA | C80: SA | E80: State | F80: Agent | G80: SETS | H80: SITS | I80: SALES | J80: OTS SITS | K80: OTS SALES | L80: N1 | M80: REF OBT | N80: REF SITS | O80: REF SALES | P80: POS SITS | Q80: POS SALES | R80: VETS SITS | S80: VET SALES | T80: ALP | U80: Close | V80: Show
A81: David Fulfer | D81: Y | E81: SC | F81: David Fulfer | U81: =IFERROR(I81/H81,0) -> 0 | V81: =IFERROR(SUM(H81+L81)/G81,0) -> 0
A82: David Fulfer | E82: MO | F82: William Benline | U82: =IFERROR(I82/H82,0) -> 0 | V82: =IFERROR(SUM(H82+L82)/G82,0) -> 0
A83: David Fulfer | C83: Ken Hermann | D83: Y | E83: TX | F83: Ken Hermann | G83: 0 | H83: 1 | I83: 0 | J83: 0 | K83: 0 | L83: 0 | M83: 11 | N83: 1 | O83: 0 | P83: 0 | Q83: 0 | R83: 0 | S83: 0 | T83: 0 | U83: =IFERROR(I83/H83,0) -> 0 | V83: =IFERROR(SUM(H83+L83)/G83,0) -> 0
A84: David Fulfer | C84: Ken Hermann | F84: Emmy Phipps | U84: =IFERROR(I84/H84,0) -> 0 | V84: =IFERROR(SUM(H84+L84)/G84,0) -> 0
A85: David Fulfer | C85: Ken Hermann | F85: Sasha Blake | U85: =IFERROR(I85/H85,0) -> 0 | V85: =IFERROR(SUM(H85+L85)/G85,0) -> 0
A86: David Fulfer | C86: Annie Ransom | D86: Y | E86: OR | F86: Annie Ransom | U86: =IFERROR(I86/H86,0) -> 0 | V86: =IFERROR(SUM(H86+L86)/G86,0) -> 0
A87: David Fulfer | C87: Annie Ransom | E87: TX | F87: Caroline Sanazaro | U87: =IFERROR(I87/H87,0) -> 0 | V87: =IFERROR(SUM(H87+L87)/G87,0) -> 0
A88: MGA | B88: GA | C88: SA | E88: State | F88: Agent | G88: SETS | H88: SITS | I88: SALES | J88: OTS SITS | K88: OTS SALES | L88: N1 | M88: REF OBT | N88: REF SITS | O88: REF SALES | P88: POS SITS | Q88: POS SALES | R88: VETS SITS | S88: VET SALES | T88: ALP | U88: Close | V88: Show
A89: Ashlynn Orng | D89: Y | E89: CA | F89: Ashlynn Orng | U89: =IFERROR(I89/H89,0) -> 0 | V89: =IFERROR(SUM(H89+L89)/G89,0) -> 0
A90: Ashlynn Orng | E90: TX | F90: O'Neil Mbakwe | U90: =IFERROR(I90/H90,0) -> 0 | V90: =IFERROR(SUM(H90+L90)/G90,0) -> 0
A91: Ashlynn Orng | E91: MO | F91: Alexa Legg | U91: =IFERROR(I91/H91,0) -> 0 | V91: =IFERROR(SUM(H91+L91)/G91,0) -> 0
A92: Ashlynn Orng | F92: Crystal Mekdarasack | U92: =IFERROR(I92/H92,0) -> 0 | V92: =IFERROR(SUM(H92+L92)/G92,0) -> 0
A93: Ashlynn Orng | C93: Wendy Huber | D93: Y | E93: OR | F93: Wendy Huber | U93: =IFERROR(I93/H93,0) -> 0 | V93: =IFERROR(SUM(H93+L93)/G93,0) -> 0
A94: Ashlynn Orng | C94: Wendy Huber | E94: FL | F94: Alissa Charles | U94: =IFERROR(I94/H94,0) -> 0 | V94: =IFERROR(SUM(H94+L94)/G94,0) -> 0
A95: Ashlynn Orng | C95: Wendy Huber | E95: VA | F95: Tasheka Hill | U95: =IFERROR(I95/H95,0) -> 0 | V95: =IFERROR(SUM(H95+L95)/G95,0) -> 0
A96: Ashlynn Orng | C96: Wendy Huber | F96: Alissa Charles | U96: =IFERROR(I96/H96,0) -> 0 | V96: =IFERROR(SUM(H96+L96)/G96,0) -> 0
A97: Ashlynn Orng | C97: Wendy Huber | F97: Jennifer Munson | U97: =IFERROR(I97/H97,0) -> 0 | V97: =IFERROR(SUM(H97+L97)/G97,0) -> 0
A98: Ashlynn Orng | C98: Bryanna Wagner | D98: Y | E98: WI | F98: Bryanna Wagner | U98: =IFERROR(I98/H98,0) -> 0 | V98: =IFERROR(SUM(H98+L98)/G98,0) -> 0
A99: Ashlynn Orng | C99: Bryanna Wagner | F99: Juan Ortega | U99: =IFERROR(I99/H99,0) -> 0 | V99: =IFERROR(SUM(H99+L99)/G99,0) -> 0
A100: MGA | B100: GA | C100: SA | E100: State | F100: Agent | G100: SETS | H100: SITS | I100: SALES | J100: OTS SITS | K100: OTS SALES | L100: N1 | M100: REF OBT | N100: REF SITS | O100: REF SALES | P100: POS SITS | Q100: POS SALES | R100: VETS SITS | S100: VET SALES | T100: ALP | U100: Close | V100: Show
A101: Kenneth Preston | D101: Y | E101: TX | F101: Kenneth Preston | U101: =IFERROR(I101/H101,0) -> 0 | V101: =IFERROR(SUM(H101+L101)/G101,0) -> 0
...

Sheet Sat
C1: ALP | E1: LEADERSHIP ALP | F1: Appts | G1: Pres | H1: Sales | I1: POS SITS | J1: POS SA | K1: VET SITS | L1: VET SA | M1: REF OBT | N1: REF SITS | O1: REF SA | P1: OTS SITS | Q1: OTS SA | R1: N1
B2: GOJCAJ RGA | C2: =SUM(C5,C17,C20,C23,C26,C29) -> 4677 | E2: =SUM(E5,E17,E20,E23,E26,E29) -> 3596 | F2: =SUM(F5,F17,F20,F23,F26,F29) -> 10 | G2: =SUM(G5,G17,G20,G23,G26,G29) -> 7 | H2: =SUM(H5,H17,H20,H23,H26,H29) -> 5 | I2: =SUM(I5,I17,I20,I23,I26,I29) -> 1 | J2: =SUM(J5,J17,J20,J23,J26,J29) -> 1 | K2: =SUM(K5,K17,K20,K23,K26,K29) -> 0 | L2: =SUM(L5,L17,L20,L23,L26,L29) -> 0 | ... R2: =SUM(R5,R17,R20,R23,R26,R29) -> 0
C3: # of Agents | E3: ALP per sale | F3: Show Rate | G3: Close Ratio | H3: ALP/Agent | J3: POS Close | L3: VET Close | M3: REF Per Sit | O3: REF Close | Q3: OTS Close
C4: =SUM(C7,C22,C19,C25,C28,C31) -> 64 | E4: =IFERROR(C2/H2,0) -> 935.4 | F4: =IFERROR((G2+R2)/F2,0) -> 0.7 | G4: =IFERROR(H2/G2,0) -> 0.71428571 | H4: =(C2/C4) -> 73.078125 | J4: =IFERROR(J2/I2,0) -> 1 | L4: =IFERROR(L2/K2,0) -> 0 | M4: =IFERROR(M2/G2,0) -> 0.71428571 | O4: =IFERROR(O2/N2,0) -> 0.57142857 | Q4: =IFERROR(Q2/P2,0) -> 0.8
B5: Joseph Gojcaj | C5: =SUMIF(A:A,B5,T:T) -> 4677 | E5: =SUMIFS(T:T,A:A,B5,D:D,"Y") -> 3596 | F5: =SUMIF(A:A,B5,G:G) -> 10 | G5: =SUMIF(A:A,B5,H:H) -> 7 | H5: =SUMIF(A:A,B5,I:I) -> 5 | I5: =SUMIF(A:A,B5,P:P) -> 1 | J5: =SUMIF(A:A,B5,Q:Q) -> 1 | K5: =SUMIF(A:A,B5,R:R) -> 0 | L5: =SUMIF(A:A,B5,S:S) -> 0 | M5: =SUMIF(A:A,B5,M:M) -> 5 | N5: =SUMIF(A:A,B5,N:N) -> 7 | O5: =SUMIF(A:A,B5,O:O) -> 4 | P5: =SUMIF(A:A,B5,J:J) -> 5 | Q5: =SUMIF(A:A,B5,K:K) -> 4 | R5: =SUMIF(A:A,B5,L:L) -> 0
C6: # of Agents | E6: ALP per sale | F6: Show Rate | G6: Close Ratio | H6: ALP/Agent | J6: POS Close | L6: VET Close | M6: REF Per Sit | O6: REF Close | Q6: OTS Close
C7: =COUNTIFS(A:A,B5) -> 29 | E7: =IFERROR(C5/H5,0) -> 935.4 | F7: =IFERROR((G5+R5)/F5,0) -> 0.7 | G7: =IFERROR(H5/G5,0) -> 0.71428571 | H7: =(C5/C7) -> 161.27586 | J7: =IFERROR(J5/I5,0) -> 1 | L7: =IFERROR(L5/K5,0) -> 0 | M7: =IFERROR(M5/SUM(R5+G5,0),"") -> 0.71428571 | O7: =IFERROR(O5/N5,0) -> 0.57142857 | Q7: =IFERROR(Q5/P5,0) -> 0.8
B8: Edward Leon | C8: =SUMIF(B:B,B8,T:T) -> 0 | E8: =SUMIFS(T:T,B:B,B8,D:D,"Y") -> 0 | F8: =SUMIF(B28:B1137,B8,G28:G1137) -> 0 | G8: =SUMIF(B28:B1137,B8,H28:H1137) -> 0 | H8: =SUMIF(B28:B1137,B8,I28:I1137) -> 0 | I8: =SUMIF(B28:B1137,B8,P28:P1137) -> 0 | J8: =SUMIF(B28:B1137,B8,Q28:Q1137) -> 0 | K8: =SUMIF(B28:B1137,B8,R28:R1137) -> 0 | L8: =SUMIF(B28:B1137,B8,S28:S1137) -> 0 | M8: =SUMIF(B28:B1137,B8,M28:M1137) -> 0 | N8: =SUMIF(B28:B1137,B8,N28:N1137) -> 0 | O8: =SUMIF(B28:B1137,B8,O28:O1137) -> 0 | P8: =SUMIF(B28:B1137,B8,J28:J1137) -> 0 | Q8: =SUMIF(B28:B1137,B8,K28:K1137) -> 0 | R8: =SUMIF(B28:B1137,B8,L28:L1137) -> 0
C9: # of Agents | E9: ALP per sale | F9: Show Rate | G9: Close Ratio | H9: ALP/Agent | J9: POS Close | L9: VET Close | M9: REF Per Sit | O9: REF Close | Q9: OTS Close
C10: =COUNTIFS(B35:B1137,B8) -> 8 | E10: =IFERROR(C8/H8,0) -> 0 | F10: =IFERROR((G8+R8)/F8,0) -> 0 | G10: =IFERROR(H8/G8,0) -> 0 | H10: =(C8/C10) -> 0 | J10: =IFERROR(J8/I8,0) -> 0 | L10: =IFERROR(L8/K8,0) -> 0 | M10: =IFERROR(M8/SUM(R8+G8,0),"") | O10: =IFERROR(O8/N8,0) -> 0 | Q10: =IFERROR(Q8/P8,0) -> 0
B11: Timothy Noe | C11: =SUMIF(B:B,B11,T:T) -> 4677 | E11: =SUMIFS(T:T,B:B,B11,D:D,"Y") -> 3596 | F11: =SUMIF(B31:B1137,B11,G31:G1137) -> 9 | G11: =SUMIF(B31:B1137,B11,H31:H1137) -> 7 | H11: =SUMIF(B31:B1137,B11,I31:I1137) -> 5 | I11: =SUMIF(B31:B1137,B11,P31:P1137) -> 1 | J11: =SUMIF(B31:B1137,B11,Q31:Q1137) -> 1 | K11: =SUMIF(B31:B1137,B11,R31:R1137) -> 0 | L11: =SUMIF(B31:B1137,B11,S31:S1137) -> 0 | M11: =SUMIF(B31:B1137,B11,M31:M1137) -> 5 | N11: =SUMIF(B31:B1137,B11,N31:N1137) -> 7 | O11: =SUMIF(B31:B1137,B11,O31:O1137) -> 4 | P11: =SUMIF(B31:B1137,B11,J31:J1137) -> 5 | Q11: =SUMIF(B31:B1137,B11,K31:K1137) -> 4 | R11: =SUMIF(B31:B1137,B11,L31:L1137) -> 0
C12: # of Agents | E12: ALP per sale | F12: Show Rate | G12: Close Ratio | H12: ALP/Agent | J12: POS Close | L12: VET Close | M12: REF Per Sit | O12: REF Close | Q12: OTS Close
C13: =COUNTIFS(B36:B1137,B11) -> 4 | E13: =IFERROR(C11/H11,0) -> 935.4 | F13: =IFERROR((G11+R11)/F11,0) -> 0.77777778 | G13: =IFERROR(H11/G11,0) -> 0.71428571 | H13: =(C11/C13) -> 1169.25 | J13: =IFERROR(J11/I11,0) -> 1 | L13: =IFERROR(L11/K11,0) -> 0 | M13: =IFERROR(M11/SUM(R11+G11,0),"") -> 0.71428571 | O13: =IFERROR(O11/N11,0) -> 0.57142857 | Q13: =IFERROR(Q11/P11,0) -> 0.8
B14: Javier Sandoval | C14: =SUMIF(B:B,B14,T:T) -> 0 | E14: =SUMIFS(T:T,B:B,B14,D:D,"Y") -> 0 | F14: =SUMIF(B34:B1137,B14,G34:G1137) -> 1 | G14: =SUMIF(B34:B1137,B14,H34:H1137) -> 0 | H14: =SUMIF(B34:B1137,B14,I34:I1137) -> 0 | I14: =SUMIF(B34:B1137,B14,P34:P1137) -> 0 | J14: =SUMIF(B34:B1137,B14,Q34:Q1137) -> 0 | K14: =SUMIF(B34:B1137,B14,R34:R1137) -> 0 | L14: =SUMIF(B34:B1137,B14,S34:S1137) -> 0 | M14: =SUMIF(B34:B1137,B14,M34:M1137) -> 0 | N14: =SUMIF(B34:B1137,B14,N34:N1137) -> 0 | O14: =SUMIF(B34:B1137,B14,O34:O1137) -> 0 | P14: =SUMIF(B34:B1137,B14,J34:J1137) -> 0 | Q14: =SUMIF(B34:B1137,B14,K34:K1137) -> 0 | R14: =SUMIF(B34:B1137,B14,L34:L1137) -> 0
C15: # of Agents | E15: ALP per sale | F15: Show Rate | G15: Close Ratio | H15: ALP/Agent | J15: POS Close | L15: VET Close | M15: REF Per Sit | O15: REF Close | Q15: OTS Close
C16: =COUNTIFS(B34:B1137,B14) -> 16 | E16: =IFERROR(C14/H14,0) -> 0 | F16: =IFERROR((G14+R14)/F14,0) -> 0 | G16: =IFERROR(H14/G14,0) -> 0 | H16: =(C14/C16) -> 0 | J16: =IFERROR(J14/I14,0) -> 0 | L16: =IFERROR(L14/K14,0) -> 0 | M16: =IFERROR(M14/SUM(G14+R14,0),"") | O16: =IFERROR(O14/N14,0) -> 0 | Q16: =IFERROR(Q14/P14,0) -> 0
B17: Jacob Brown | C17: =SUMIF(A:A,B17,T:T) -> 0 | E17: =SUMIFS(T:T,A:A,B17,D:D,"Y") -> 0 | F17: =SUMIF(A:A,B17,G:G) -> 0 | G17: =SUMIF(A:A,B17,H:H) -> 0 | H17: =SUMIF(A:A,B17,I:I) -> 0 | I17: =SUMIF(A:A,B17,P:P) -> 0 | J17: =SUMIF(A:A,B17,Q:Q) -> 0 | K17: =SUMIF(A:A,B17,R:R) -> 0 | L17: =SUMIF(A:A,B17,S:S) -> 0 | M17: =SUMIF(A:A,B17,M:M) -> 0 | N17: =SUMIF(A:A,B17,N:N) -> 0 | O17: =SUMIF(A:A,B17,O:O) -> 0 | P17: =SUMIF(A:A,B17,J:J) -> 0 | Q17: =SUMIF(A:A,B17,K:K) -> 0 | R17: =SUMIF(A:A,B17,L:L) -> 0
C18: # of Agents | E18: ALP per sale | F18: Show Rate | G18: Close Ratio | H18: ALP/Agent | J18: POS Close | L18: VET Close | M18: REF Per Sit | O18: REF Close | Q18: OTS Close
C19: =COUNTIFS(A:A,B17) -> 6 | E19: =IFERROR(C17/H17,0) -> 0 | F19: =IFERROR((G17+R17)/F17,0) -> 0 | G19: =IFERROR(H17/G17,0) -> 0 | H19: =(C17/C19) -> 0 | J19: =IFERROR(J17/I17,0) -> 0 | L19: =IFERROR(L17/K17,0) -> 0 | M19: =IFERROR(M17/SUM(R17+G17,0),"") | O19: =IFERROR(O17/N17,0) -> 0 | Q19: =IFERROR(Q17/P17,0) -> 0
B20: Derron Alexander | C20: =SUMIF(A:A,B20,T:T) -> 0 | E20: =SUMIFS(T:T,A:A,B20,D:D,"Y") -> 0 | F20: =SUMIF(A:A,B20,G:G) -> 0 | G20: =SUMIF(A:A,B20,H:H) -> 0 | H20: =SUMIF(A:A,B20,I:I) -> 0 | I20: =SUMIF(A:A,B20,P:P) -> 0 | J20: =SUMIF(A:A,B20,Q:Q) -> 0 | K20: =SUMIF(A:A,B20,R:R) -> 0 | L20: =SUMIF(A:A,B20,S:S) -> 0 | M20: =SUMIF(A:A,B20,M:M) -> 0 | N20: =SUMIF(A:A,B20,N:N) -> 0 | O20: =SUMIF(A:A,B20,O:O) -> 0 | P20: =SUMIF(A:A,B20,J:J) -> 0 | Q20: =SUMIF(A:A,B20,K:K) -> 0 | R20: =SUMIF(A:A,B20,L:L) -> 0
C21: # of Agents | E21: ALP per sale | F21: Show Rate | G21: Close Ratio | H21: ALP/Agent | J21: POS Close | L21: VET Close | M21: REF Per Sit | O21: REF Close | Q21: OTS Close
C22: =COUNTIFS(A:A,B20) -> 9 | E22: =IFERROR(C20/H20,0) -> 0 | F22: =IFERROR((G20+R20)/F20,0) -> 0 | G22: =IFERROR(H20/G20,0) -> 0 | H22: =(C20/C22) -> 0 | J22: =IFERROR(J20/I20,0) -> 0 | L22: =IFERROR(L20/K20,0) -> 0 | M22: =IFERROR(M20/SUM(R20+G20,0),"") | O22: =IFERROR(O20/N20,0) -> 0 | Q22: =IFERROR(Q20/P20,0) -> 0
B23: David Fulfer | C23: =SUMIF(A:A,B23,T:T) -> 0 | E23: =SUMIFS(T:T,A:A,B23,D:D,"Y") -> 0 | F23: =SUMIF(A:A,B23,G:G) -> 0 | G23: =SUMIF(A:A,B23,H:H) -> 0 | H23: =SUMIF(A:A,B23,I:I) -> 0 | I23: =SUMIF(A:A,B23,P:P) -> 0 | J23: =SUMIF(A:A,B23,Q:Q) -> 0 | K23: =SUMIF(A:A,B23,R:R) -> 0 | L23: =SUMIF(A:A,B23,S:S) -> 0 | M23: =SUMIF(A:A,B23,M:M) -> 0 | N23: =SUMIF(A:A,B23,N:N) -> 0 | O23: =SUMIF(A:A,B23,O:O) -> 0 | P23: =SUMIF(A:A,B23,J:J) -> 0 | Q23: =SUMIF(A:A,B23,K:K) -> 0 | R23: =SUMIF(A:A,B23,L:L) -> 0
C24: # of Agents | E24: ALP per sale | F24: Show Rate | G24: Close Ratio | H24: ALP/Agent | J24: POS Close | L24: VET Close | M24: REF Per Sit | O24: REF Close | Q24: OTS Close
C25: =COUNTIFS(A:A,B23) -> 7 | E25: =IFERROR(C23/H23,0) -> 0 | F25: =IFERROR((G23+R23)/F23,0) -> 0 | G25: =IFERROR(H23/G23,0) -> 0 | H25: =(C23/C25) -> 0 | J25: =IFERROR(J23/I23,0) -> 0 | L25: =IFERROR(L23/K23,0) -> 0 | M25: =IFERROR(M23/SUM(R23+G23,0),"") | O25: =IFERROR(O23/N23,0) -> 0 | Q25: =IFERROR(Q23/P23,0) -> 0
B26: Ashlynn Orng | C26: =SUMIF(A:A,B26,T:T) -> 0 | E26: =SUMIFS(T:T,A:A,B26,D:D,"Y") -> 0 | F26: =SUMIF(A:A,B26,G:G) -> 0 | G26: =SUMIF(A:A,B26,H:H) -> 0 | H26: =SUMIF(A:A,B26,I:I) -> 0 | I26: =SUMIF(A:A,B26,P:P) -> 0 | J26: =SUMIF(A:A,B26,Q:Q) -> 0 | K26: =SUMIF(A:A,B26,R:R) -> 0 | L26: =SUMIF(A:A,B26,S:S) -> 0 | M26: =SUMIF(A:A,B26,M:M) -> 0 | N26: =SUMIF(A:A,B26,N:N) -> 0 | O26: =SUMIF(A:A,B26,O:O) -> 0 | P26: =SUMIF(A:A,B26,J:J) -> 0 | Q26: =SUMIF(A:A,B26,K:K) -> 0 | R26: =SUMIF(A:A,B26,L:L) -> 0
C27: # of Agents | E27: ALP per sale | F27: Show Rate | G27: Close Ratio | H27: ALP/Agent | J27: POS Close | L27: VET Close | M27: REF Per Sit | O27: REF Close | Q27: OTS Close
C28: =COUNTIFS(A:A,B26) -> 11 | E28: =IFERROR(C26/H26,0) -> 0 | F28: =IFERROR((G26+R26)/F26,0) -> 0 | G28: =IFERROR(H26/G26,0) -> 0 | H28: =(C26/C28) -> 0 | J28: =IFERROR(J26/I26,0) -> 0 | L28: =IFERROR(L26/K26,0) -> 0 | M28: =IFERROR(M26/SUM(R26+G26,0),"") | O28: =IFERROR(O26/N26,0) -> 0 | Q28: =IFERROR(Q26/P26,0) -> 0
B29: Kenneth Preston | C29: =SUMIF(A:A,B29,T:T) -> 0 | E29: =SUMIFS(T:T,A:A,B29,D:D,"Y") -> 0 | F29: =SUMIF(A:A,B29,G:G) -> 0 | G29: =SUMIF(A:A,B29,H:H) -> 0 | H29: =SUMIF(A:A,B29,I:I) -> 0 | I29: =SUMIF(A:A,B29,P:P) -> 0 | J29: =SUMIF(A:A,B29,Q:Q) -> 0 | K29: =SUMIF(A:A,B29,R:R) -> 0 | L29: =SUMIF(A:A,B29,S:S) -> 0 | M29: =SUMIF(A:A,B29,M:M) -> 0 | N29: =SUMIF(A:A,B29,N:N) -> 0 | O29: =SUMIF(A:A,B29,O:O) -> 0 | P29: =SUMIF(A:A,B29,J:J) -> 0 | Q29: =SUMIF(A:A,B29,K:K) -> 0 | R29: =SUMIF(A:A,B29,L:L) -> 0
C30: # of Agents | E30: ALP per sale | F30: Show Rate | G30: Close Ratio | H30: ALP/Agent | J30: POS Close | L30: VET Close | M30: REF Per Sit | O30: REF Close | Q30: OTS Close
C31: =COUNTIFS(A:A,B29) -> 2 | E31: =IFERROR(C29/H29,0) -> 0 | F31: =IFERROR((G29+R29)/F29,0) -> 0 | G31: =IFERROR(H29/G29,0) -> 0 | H31: =(C29/C31) -> 0 | J31: =IFERROR(J29/I29,0) -> 0 | L31: =IFERROR(L29/K29,0) -> 0 | M31: =IFERROR(M29/SUM(R29+G29,0),"") | O31: =IFERROR(O29/N29,0) -> 0 | Q31: =IFERROR(Q29/P29,0) -> 0
A33: MGA | B33: GA | C33: SA | E33: State | F33: Agent | G33: SETS | H33: SITS | I33: SALES | J33: OTS SITS | K33: OTS SALES | L33: N1 | M33: REF OBT | N33: REF SITS | O33: REF SALES | P33: POS SITS | Q33: POS SALES | R33: VETS SITS | S33: VET SALES | T33: ALP | U33: Close | V33: Show | W33: Code Date
A34: Joseph Gojcaj | D34: Y | E34: MI | F34: Joseph Gojcaj | U34: =IFERROR(I34/H34,0) -> 0 | V34: =IFERROR(SUM(H34+L34)/G34,0) -> 0
A35: Joseph Gojcaj | B35: Edward Leon | D35: Y | E35: MI | F35: Eddie Leon | U35: =IFERROR(I35/H35,0) -> 0 | V35: =IFERROR(SUM(H35+L35)/G35,0) -> 0
A36: Joseph Gojcaj | B36: Edward Leon | E36: CA | F36: Rick Argote | U36: =IFERROR(I36/H36,0) -> 0 | V36: =IFERROR(SUM(H36+L36)/G36,0) -> 0
A37: Joseph Gojcaj | B37: Edward Leon | C37: Julian Hyman | D37: Y | E37: MI | F37: Julian Hyman | U37: =IFERROR(I37/H37,0) -> 0 | V37: =IFERROR(SUM(H37+L37)/G37,0) -> 0
A38: Joseph Gojcaj | B38: Edward Leon | C38: Julian Hyman | F38: Kaliyah Pyles | U38: =IFERROR(I38/H38,0) -> 0 | V38: =IFERROR(SUM(H38+L38)/G38,0) -> 0
A39: Joseph Gojcaj | B39: Edward Leon | C39: Julian Hyman | F39: Ethan Lasley | U39: =IFERROR(I39/H39,0) -> 0 | V39: =IFERROR(SUM(H39+L39)/G39,0) -> 0
A40: Joseph Gojcaj | B40: Edward Leon | C40: Julian Hyman | E40: MI | F40: Keith Chmiel | U40: =IFERROR(I40/H40,0) -> 0 | V40: =IFERROR(SUM(H40+L40)/G40,0) -> 0
A41: Joseph Gojcaj | B41: Edward Leon | C41: Julian Hyman | E41: TX | F41: Veronica Sanchez | U41: =IFERROR(I41/H41,0) -> 0 | V41: =IFERROR(SUM(H41+L41)/G41,0) -> 0
A42: Joseph Gojcaj | B42: Edward Leon | C42: Julian Hyman | E42: AZ | F42: Brittany Luke | U42: =IFERROR(I42/H42,0) -> 0 | V42: =IFERROR(SUM(H42+L42)/G42,0) -> 0
A43: Joseph Gojcaj | B43: Timothy Noe | D43: Y | E43: TN | F43: Timothy Noe | G43: 6 | H43: 4 | I43: 3 | J43: 2 | K43: 2 | L43: 0 | M43: 5 | N43: 4 | O43: 2 | P43: 1 | Q43: 1 | R43: 0 | S43: 0 | T43: 3596 | U43: =IFERROR(I43/H43,0) -> 0.75 | V43: =IFERROR(SUM(H43+L43)/G43,0) -> 0.66666667
A44: Joseph Gojcaj | B44: Timothy Noe | C44: Preston Opperman | D44: Y | E44: TN | F44: Preston Opperman | U44: =IFERROR(I44/H44,0) -> 0 | V44: =IFERROR(SUM(H44+L44)/G44,0) -> 0
A45: Joseph Gojcaj | B45: Timothy Noe | C45: Preston Opperman | E45: TN | F45: Bilal Abdullah | G45: 3 | H45: 3 | I45: 2 | J45: 3 | K45: 2 | L45: 0 | M45: 0 | N45: 3 | O45: 2 | P45: 0 | Q45: 0 | R45: 0 | S45: 0 | T45: 1081 | U45: =IFERROR(I45/H45,0) -> 0.66666667 | V45: =IFERROR(SUM(H45+L45)/G45,0) -> 1
A46: Joseph Gojcaj | B46: Timothy Noe | C46: Preston Opperman | E46: TN | F46: Kain White-Conley | U46: =IFERROR(I46/H46,0) -> 0 | V46: =IFERROR(SUM(H46+L46)/G46,0) -> 0
A47: Joseph Gojcaj | B47: Javier Sandoval | D47: Y | E47: NH | F47: Javier Sandoval | U47: =IFERROR(I47/H47,0) -> 0 | V47: =IFERROR(SUM(H47+L47)/G47,0) -> 0
A48: Joseph Gojcaj | B48: Javier Sandoval | F48: Cheri DiPiero | U48: =IFERROR(I48/H48,0) -> 0 | V48: =IFERROR(SUM(H48+L48)/G48,0) -> 0
A49: Joseph Gojcaj | B49: Javier Sandoval | E49: MI | F49: Regina Gumma | U49: =IFERROR(I49/H49,0) -> 0 | V49: =IFERROR(SUM(H49+L49)/G49,0) -> 0
A50: Joseph Gojcaj | B50: Javier Sandoval | C50: Andre Alire | D50: Y | F50: Andre Alire | U50: =IFERROR(I50/H50,0) -> 0 | V50: =IFERROR(SUM(H50+L50)/G50,0) -> 0
A51: Joseph Gojcaj | B51: Javier Sandoval | C51: Andre Alire | F51: Kelvin Claney | U51: =IFERROR(I51/H51,0) -> 0 | V51: =IFERROR(SUM(H51+L51)/G51,0) -> 0
A52: Joseph Gojcaj | B52: Javier Sandoval | C52: Andre Alire | F52: Patty Kilburn | U52: =IFERROR(I52/H52,0) -> 0 | V52: =IFERROR(SUM(H52+L52)/G52,0) -> 0
A53: Joseph Gojcaj | B53: Javier Sandoval | C53: Jacob Bandyk | D53: Y | F53: Jacob Bandyk | G53: 1 | H53: 0 | I53: 0 | J53: 0 | K53: 0 | L53: 0 | M53: 0 | O53: 0 | P53: 0 | Q53: 0 | R53: 0 | S53: 0 | T53: 0 | U53: 0 | V53: =IFERROR(SUM(H53+L53)/G53,0) -> 0
A54: Joseph Gojcaj | B54: Javier Sandoval | C54: Jacob Bandyk | F54: Angelo Perez | U54: =IFERROR(I54/H54,0) -> 0 | V54: =IFERROR(SUM(H54+L54)/G54,0) -> 0
A55: Joseph Gojcaj | B55: Javier Sandoval | C55: Jacob Bandyk | F55: Megan Cannon | U55: =IFERROR(I55/H55,0) -> 0 | V55: =IFERROR(SUM(H55+L55)/G55,0) -> 0
A56: Joseph Gojcaj | B56: Javier Sandoval | C56: Melissa Elam | D56: Y | E56: MS | F56: Melissa Elam | G56: 0 | H56: 0 | I56: 0 | J56: 0 | K56: 0 | L56: 0 | M56: 0 | N56: 0 | O56: 0 | P56: 0 | Q56: 0 | R56: 0 | S56: 0 | T56: 0 | U56: =IFERROR(I56/H56,0) -> 0 | V56: =IFERROR(SUM(H56+L56)/G56,0) -> 0
A57: Joseph Gojcaj | B57: Javier Sandoval | C57: Melissa Elam | E57: TX | F57: Ronald Montoya | G57: 0 | H57: 0 | I57: 0 | J57: 0 | K57: 0 | L57: 0 | M57: 0 | N57: 0 | O57: 0 | P57: 0 | Q57: 0 | R57: 0 | S57: 0 | T57: 0 | U57: =IFERROR(I57/H57,0) -> 0 | V57: =IFERROR(SUM(H57+L57)/G57,0) -> 0
A58: Joseph Gojcaj | B58: Javier Sandoval | C58: Melissa Elam | E58: TX | F58: Frances Gonzalez | G58: 0 | H58: 0 | I58: 0 | J58: 0 | K58: 0 | L58: 0 | M58: 0 | N58: 0 | O58: 0 | P58: 0 | Q58: 0 | R58: 0 | S58: 0 | T58: 0 | U58: =IFERROR(I58/H58,0) -> 0 | V58: =IFERROR(SUM(H58+L58)/G58,0) -> 0
A59: Joseph Gojcaj | B59: Javier Sandoval | C59: Melissa Elam | E59: TX | F59: Karina Picado | G59: 0 | H59: 0 | I59: 0 | J59: 0 | K59: 0 | L59: 0 | M59: 0 | N59: 0 | O59: 0 | P59: 0 | Q59: 0 | R59: 0 | S59: 0 | T59: 0 | U59: =IFERROR(I59/H59,0) -> 0 | V59: =IFERROR(SUM(H59+L59)/G59,0) -> 0
A60: Joseph Gojcaj | B60: Javier Sandoval | C60: Melissa Elam | E60: MO | F60: Danielle Loux | G60: 0 | H60: 0 | I60: 0 | J60: 0 | K60: 0 | L60: 0 | M60: 0 | N60: 0 | O60: 0 | P60: 0 | Q60: 0 | R60: 0 | S60: 0 | T60: 0 | U60: =IFERROR(I60/H60,0) -> 0 | V60: =IFERROR(SUM(H60+L60)/G60,0) -> 0
A61: Joseph Gojcaj | B61: Javier Sandoval | C61: Melissa Elam | F61: Tiera Williams | G61: 0 | H61: 0 | I61: 0 | J61: 0 | K61: 0 | L61: 0 | M61: 0 | N61: 0 | O61: 0 | P61: 0 | Q61: 0 | R61: 0 | S61: 0 | T61: 0 | U61: =IFERROR(I61/H61,0) -> 0 | V61: =IFERROR(SUM(H61+L61)/G61,0) -> 0
A62: Joseph Gojcaj | B62: Javier Sandoval | C62: Melissa Elam | E62: GA | F62: Romona Armstead | G62: 0 | H62: 0 | I62: 0 | J62: 0 | K62: 0 | L62: 0 | M62: 0 | N62: 0 | O62: 0 | P62: 0 | Q62: 0 | R62: 0 | S62: 0 | T62: 0 | U62: =IFERROR(I62/H62,0) -> 0 | V62: =IFERROR(SUM(H62+L62)/G62,0) -> 0
A63: MGA | B63: GA | C63: SA | E63: State | F63: Agent | G63: SETS | H63: SITS | I63: SALES | J63: OTS SITS | K63: OTS SALES | L63: N1 | M63: REF OBT | N63: REF SITS | O63: REF SALES | P63: POS SITS | Q63: POS SALES | R63: VETS SITS | S63: VET SALES | T63: ALP | U63: Close | V63: Show
A64: Jacob Brown | D64: Y | E64: MI | F64: Jacob Brown | U64: =IFERROR(I64/H64,0) -> 0 | V64: =IFERROR(SUM(H64+L64)/G64,0) -> 0
A65: Jacob Brown | C65: Kristen Fox | D65: Y | E65: NC | F65: Kristen Fox | G65: 0 | H65: 0 | I65: 0 | J65: 0 | K65: 0 | L65: 0 | M65: 0 | N65: 0 | O65: 0 | P65: 0 | Q65: 0 | R65: 0 | S65: 0 | T65: 0 | U65: =IFERROR(I65/H65,0) -> 0 | V65: =IFERROR(SUM(H65+L65)/G65,0) -> 0
A66: Jacob Brown | C66: Kristen Fox | F66: Marci Dyer | U66: =IFERROR(I66/H66,0) -> 0 | V66: =IFERROR(SUM(H66+L66)/G66,0) -> 0
A67: Jacob Brown | C67: Joylynn Harris | D67: Y | E67: CA | F67: Joylynn Harris | G67: 0 | H67: 0 | I67: 0 | J67: 0 | K67: 0 | L67: 0 | M67: 0 | N67: 0 | O67: 0 | P67: 0 | Q67: 0 | R67: 0 | S67: 0 | T67: 0 | U67: =IFERROR(I67/H67,0) -> 0 | V67: =IFERROR(SUM(H67+L67)/G67,0) -> 0
A68: Jacob Brown | C68: Joylynn Harris | E68: TX | F68: Shafay Sutton | G68: 0 | H68: 0 | I68: 0 | J68: 0 | K68: 0 | L68: 0 | M68: 0 | N68: 0 | O68: 0 | P68: 0 | Q68: 0 | R68: 0 | S68: 0 | T68: 0 | U68: =IFERROR(I68/H68,0) -> 0 | V68: =IFERROR(SUM(H68+L68)/G68,0) -> 0
A69: Jacob Brown | C69: Joylynn Harris | E69: IL | F69: Michael Hall | G69: 0 | H69: 0 | I69: 0 | J69: 0 | K69: 0 | L69: 0 | M69: 0 | N69: 0 | O69: 0 | P69: 0 | Q69: 0 | R69: 0 | S69: 0 | T69: 0 | U69: =IFERROR(I69/H69,0) -> 0 | V69: =IFERROR(SUM(H69+L69)/G69,0) -> 0
A70: MGA | B70: GA | C70: SA | E70: State | F70: Agent | G70: SETS | H70: SITS | I70: SALES | J70: OTS SITS | K70: OTS SALES | L70: N1 | M70: REF OBT | N70: REF SITS | O70: REF SALES | P70: POS SITS | Q70: POS SALES | R70: VETS SITS | S70: VET SALES | T70: ALP | U70: Close | V70: Show
A71: Derron Alexander | D71: Y | E71: NY | F71: Derron Alexander | U71: =IFERROR(I71/H71,0) -> 0 | V71: =IFERROR(SUM(H71+L71)/G71,0) -> 0
A72: Derron Alexander | E72: MD | F72: Makeisha Allen | U72: =IFERROR(I72/H72,0) -> 0 | V72: =IFERROR(SUM(H72+L72)/G72,0) -> 0
A73: Derron Alexander | E73: NY | F73: Kisha Darby | U73: =IFERROR(I73/H73,0) -> 0 | V73: =IFERROR(SUM(H73+L73)/G73,0) -> 0
A74: Derron Alexander | E74: NY | F74: Michael Dolin | U74: =IFERROR(I74/H74,0) -> 0 | V74: =IFERROR(SUM(H74+L74)/G74,0) -> 0
A75: Derron Alexander | E75: NY | F75: Toel Jefferson | U75: =IFERROR(I75/H75,0) -> 0 | V75: =IFERROR(SUM(H75+L75)/G75,0) -> 0
A76: Derron Alexander | E76: NY | F76: Zev Bienenstock | U76: =IFERROR(I76/H76,0) -> 0 | V76: =IFERROR(SUM(H76+L76)/G76,0) -> 0
A77: Derron Alexander | E77: NY | F77: Marie Cano | U77: =IFERROR(I77/H77,0) -> 0 | V77: =IFERROR(SUM(H77+L77)/G77,0) -> 0
A78: Derron Alexander | E78: NY | F78: Jordan McFarlane | U78: =IFERROR(I78/H78,0) -> 0 | V78: =IFERROR(SUM(H78+L78)/G78,0) -> 0
A79: Derron Alexander | E79: NY | F79: LaToya Clark | U79: =IFERROR(I79/H79,0) -> 0 | V79: =IFERROR(SUM(H79+L79)/G79,0) -> 0
A80: MGA | B80: GA | C80: SA | E80: State | F80: Agent | G80: SETS | H80: SITS | I80: SALES | J80: OTS SITS | K80: OTS SALES | L80: N1 | M80: REF OBT | N80: REF SITS | O80: REF SALES | P80: POS SITS | Q80: POS SALES | R80: VETS SITS | S80: VET SALES | T80: ALP | U80: Close | V80: Show
A81: David Fulfer | D81: Y | E81: SC | F81: David Fulfer | U81: =IFERROR(I81/H81,0) -> 0 | V81: =IFERROR(SUM(H81+L81)/G81,0) -> 0
A82: David Fulfer | E82: MO | F82: William Benline | U82: =IFERROR(I82/H82,0) -> 0 | V82: =IFERROR(SUM(H82+L82)/G82,0) -> 0
A83: David Fulfer | C83: Ken Hermann | D83: Y | E83: TX | F83: Ken Hermann | G83: 0 | H83: 0 | I83: 0 | J83: 0 | K83: 0 | L83: 0 | M83: 0 | N83: 0 | O83: 0 | P83: 0 | Q83: 0 | R83: 0 | S83: 0 | T83: 0 | U83: =IFERROR(I83/H83,0) -> 0 | V83: =IFERROR(SUM(H83+L83)/G83,0) -> 0
A84: David Fulfer | C84: Ken Hermann | F84: Emmy Phipps | U84: =IFERROR(I84/H84,0) -> 0 | V84: =IFERROR(SUM(H84+L84)/G84,0) -> 0
A85: David Fulfer | C85: Ken Hermann | F85: Sasha Blake | U85: =IFERROR(I85/H85,0) -> 0 | V85: =IFERROR(SUM(H85+L85)/G85,0) -> 0
A86: David Fulfer | C86: Annie Ransom | D86: Y | E86: OR | F86: Annie Ransom | U86: =IFERROR(I86/H86,0) -> 0 | V86: =IFERROR(SUM(H86+L86)/G86,0) -> 0
A87: David Fulfer | C87: Annie Ransom | E87: TX | F87: Caroline Sanazaro | U87: =IFERROR(I87/H87,0) -> 0 | V87: =IFERROR(SUM(H87+L87)/G87,0) -> 0
A88: MGA | B88: GA | C88: SA | E88: State | F88: Agent | G88: SETS | H88: SITS | I88: SALES | J88: OTS SITS | K88: OTS SALES | L88: N1 | M88: REF OBT | N88: REF SITS | O88: REF SALES | P88: POS SITS | Q88: POS SALES | R88: VETS SITS | S88: VET SALES | T88: ALP | U88: Close | V88: Show
A89: Ashlynn Orng | D89: Y | E89: CA | F89: Ashlynn Orng | U89: =IFERROR(I89/H89,0) -> 0 | V89: =IFERROR(SUM(H89+L89)/G89,0) -> 0
A90: Ashlynn Orng | E90: TX | F90: O'Neil Mbakwe | U90: =IFERROR(I90/H90,0) -> 0 | V90: =IFERROR(SUM(H90+L90)/G90,0) -> 0
A91: Ashlynn Orng | E91: MO | F91: Alexa Legg | U91: =IFERROR(I91/H91,0) -> 0 | V91: =IFERROR(SUM(H91+L91)/G91,0) -> 0
A92: Ashlynn Orng | F92: Crystal Mekdarasack | U92: =IFERROR(I92/H92,0) -> 0 | V92: =IFERROR(SUM(H92+L92)/G92,0) -> 0
A93: Ashlynn Orng | C93: Wendy Huber | D93: Y | E93: OR | F93: Wendy Huber | U93: =IFERROR(I93/H93,0) -> 0 | V93: =IFERROR(SUM(H93+L93)/G93,0) -> 0
A94: Ashlynn Orng | C94: Wendy Huber | E94: FL | F94: Alissa Charles | U94: =IFERROR(I94/H94,0) -> 0 | V94: =IFERROR(SUM(H94+L94)/G94,0) -> 0
A95: Ashlynn Orng | C95: Wendy Huber | E95: VA | F95: Tasheka Hill | U95: =IFERROR(I95/H95,0) -> 0 | V95: =IFERROR(SUM(H95+L95)/G95,0) -> 0
A96: Ashlynn Orng | C96: Wendy Huber | F96: Alissa Charles | U96: =IFERROR(I96/H96,0) -> 0 | V96: =IFERROR(SUM(H96+L96)/G96,0) -> 0
A97: Ashlynn Orng | C97: Wendy Huber | F97: Jennifer Munson | U97: =IFERROR(I97/H97,0) -> 0 | V97: =IFERROR(SUM(H97+L97)/G97,0) -> 0
A98: Ashlynn Orng | C98: Bryanna Wagner | D98: Y | E98: WI | F98: Bryanna Wagner | U98: =IFERROR(I98/H98,0) -> 0 | V98: =IFERROR(SUM(H98+L98)/G98,0) -> 0
A99: Ashlynn Orng | C99: Bryanna Wagner | F99: Juan Ortega | U99: =IFERROR(I99/H99,0) -> 0 | V99: =IFERROR(SUM(H99+L99)/G99,0) -> 0
A100: MGA | B100: GA | C100: SA | E100: State | F100: Agent | G100: SETS | H100: SITS | I100: SALES | J100: OTS SITS | K100: OTS SALES | L100: N1 | M100: REF OBT | N100: REF SITS | O100: REF SALES | P100: POS SITS | Q100: POS SALES | R100: VETS SITS | S100: VET SALES | T100: ALP | U100: Close | V100: Show
A101: Kenneth Preston | D101: Y | E101: TX | F101: Kenneth Preston | U101: =IFERROR(I101/H101,0) -> 0 | V101: =IFERROR(SUM(H101+L101)/G101,0) -> 0
...

Sheet Sun
C1: ALP | E1: LEADERSHIP ALP | F1: Appts | G1: Pres | H1: Sales | I1: POS SITS | J1: POS SA | K1: VET SITS | L1: VET SA | M1: REF OBT | N1: REF SITS | O1: REF SA | P1: OTS SITS | Q1: OTS SA | R1: N1
B2: GOJCAJ RGA | C2: =SUM(C5,C17,C20,C23,C26,C29) -> 9555.96 | E2: =SUM(E5,E17,E20,E23,E26,E29) -> 4800.96 | F2: =SUM(F5,F17,F20,F23,F26,F29) -> 29 | G2: =SUM(G5,G17,G20,G23,G26,G29) -> 24 | H2: =SUM(H5,H17,H20,H23,H26,H29) -> 8 | I2: =SUM(I5,I17,I20,I23,I26,I29) -> 1 | J2: =SUM(J5,J17,J20,J23,J26,J29) -> 0 | K2: =SUM(K5,K17,K20,K23,K26,K29) -> 5 | L2: =SUM(L5,L17,L20,L23,L26,L29) -> 2 | ... R2: =SUM(R5,R17,R20,R23,R26,R29) -> 0
C3: # of Agents | E3: ALP per sale | F3: Show Rate | G3: Close Ratio | H3: ALP/Agent | J3: POS Close | L3: VET Close | M3: REF Per Sit | O3: REF Close | Q3: OTS Close
C4: =SUM(C7,C22,C19,C25,C28,C31) -> 64 | E4: =IFERROR(C2/H2,0) -> 1194.495 | F4: =IFERROR((G2+R2)/F2,0) -> 0.82758621 | G4: =IFERROR(H2/G2,0) -> 0.33333333 | H4: =(C2/C4) -> 149.31187 | J4: =IFERROR(J2/I2,0) -> 0 | L4: =IFERROR(L2/K2,0) -> 0.4 | M4: =IFERROR(M2/G2,0) -> 3.5 | O4: =IFERROR(O2/N2,0) -> 0.31578947 | Q4: =IFERROR(Q2/P2,0) -> 1
B5: Joseph Gojcaj | C5: =SUMIF(A:A,B5,T:T) -> 0 | E5: =SUMIFS(T:T,A:A,B5,D:D,"Y") -> 0 | F5: =SUMIF(A:A,B5,G:G) -> 3 | G5: =SUMIF(A:A,B5,H:H) -> 0 | H5: =SUMIF(A:A,B5,I:I) -> 0 | I5: =SUMIF(A:A,B5,P:P) -> 0 | J5: =SUMIF(A:A,B5,Q:Q) -> 0 | K5: =SUMIF(A:A,B5,R:R) -> 0 | L5: =SUMIF(A:A,B5,S:S) -> 0 | M5: =SUMIF(A:A,B5,M:M) -> 0 | N5: =SUMIF(A:A,B5,N:N) -> 0 | O5: =SUMIF(A:A,B5,O:O) -> 0 | P5: =SUMIF(A:A,B5,J:J) -> 0 | Q5: =SUMIF(A:A,B5,K:K) -> 0 | R5: =SUMIF(A:A,B5,L:L) -> 0
C6: # of Agents | E6: ALP per sale | F6: Show Rate | G6: Close Ratio | H6: ALP/Agent | J6: POS Close | L6: VET Close | M6: REF Per Sit | O6: REF Close | Q6: OTS Close
C7: =COUNTIFS(A:A,B5) -> 29 | E7: =IFERROR(C5/H5,0) -> 0 | F7: =IFERROR((G5+R5)/F5,0) -> 0 | G7: =IFERROR(H5/G5,0) -> 0 | H7: =(C5/C7) -> 0 | J7: =IFERROR(J5/I5,0) -> 0 | L7: =IFERROR(L5/K5,0) -> 0 | M7: =IFERROR(M5/SUM(R5+G5,0),"") | O7: =IFERROR(O5/N5,0) -> 0 | Q7: =IFERROR(Q5/P5,0) -> 0
B8: Edward Leon | C8: =SUMIF(B:B,B8,T:T) -> 0 | E8: =SUMIFS(T:T,B:B,B8,D:D,"Y") -> 0 | F8: =SUMIF(B28:B1137,B8,G28:G1137) -> 0 | G8: =SUMIF(B28:B1137,B8,H28:H1137) -> 0 | H8: =SUMIF(B28:B1137,B8,I28:I1137) -> 0 | I8: =SUMIF(B28:B1137,B8,P28:P1137) -> 0 | J8: =SUMIF(B28:B1137,B8,Q28:Q1137) -> 0 | K8: =SUMIF(B28:B1137,B8,R28:R1137) -> 0 | L8: =SUMIF(B28:B1137,B8,S28:S1137) -> 0 | M8: =SUMIF(B28:B1137,B8,M28:M1137) -> 0 | N8: =SUMIF(B28:B1137,B8,N28:N1137) -> 0 | O8: =SUMIF(B28:B1137,B8,O28:O1137) -> 0 | P8: =SUMIF(B28:B1137,B8,J28:J1137) -> 0 | Q8: =SUMIF(B28:B1137,B8,K28:K1137) -> 0 | R8: =SUMIF(B28:B1137,B8,L28:L1137) -> 0
C9: # of Agents | E9: ALP per sale | F9: Show Rate | G9: Close Ratio | H9: ALP/Agent | J9: POS Close | L9: VET Close | M9: REF Per Sit | O9: REF Close | Q9: OTS Close
C10: =COUNTIFS(B35:B1137,B8) -> 8 | E10: =IFERROR(C8/H8,0) -> 0 | F10: =IFERROR((G8+R8)/F8,0) -> 0 | G10: =IFERROR(H8/G8,0) -> 0 | H10: =(C8/C10) -> 0 | J10: =IFERROR(J8/I8,0) -> 0 | L10: =IFERROR(L8/K8,0) -> 0 | M10: =IFERROR(M8/SUM(R8+G8,0),"") | O10: =IFERROR(O8/N8,0) -> 0 | Q10: =IFERROR(Q8/P8,0) -> 0
B11: Timothy Noe | C11: =SUMIF(B:B,B11,T:T) -> 0 | E11: =SUMIFS(T:T,B:B,B11,D:D,"Y") -> 0 | F11: =SUMIF(B31:B1137,B11,G31:G1137) -> 0 | G11: =SUMIF(B31:B1137,B11,H31:H1137) -> 0 | H11: =SUMIF(B31:B1137,B11,I31:I1137) -> 0 | I11: =SUMIF(B31:B1137,B11,P31:P1137) -> 0 | J11: =SUMIF(B31:B1137,B11,Q31:Q1137) -> 0 | K11: =SUMIF(B31:B1137,B11,R31:R1137) -> 0 | L11: =SUMIF(B31:B1137,B11,S31:S1137) -> 0 | M11: =SUMIF(B31:B1137,B11,M31:M1137) -> 0 | N11: =SUMIF(B31:B1137,B11,N31:N1137) -> 0 | O11: =SUMIF(B31:B1137,B11,O31:O1137) -> 0 | P11: =SUMIF(B31:B1137,B11,J31:J1137) -> 0 | Q11: =SUMIF(B31:B1137,B11,K31:K1137) -> 0 | R11: =SUMIF(B31:B1137,B11,L31:L1137) -> 0
C12: # of Agents | E12: ALP per sale | F12: Show Rate | G12: Close Ratio | H12: ALP/Agent | J12: POS Close | L12: VET Close | M12: REF Per Sit | O12: REF Close | Q12: OTS Close
C13: =COUNTIFS(B36:B1137,B11) -> 4 | E13: =IFERROR(C11/H11,0) -> 0 | F13: =IFERROR((G11+R11)/F11,0) -> 0 | G13: =IFERROR(H11/G11,0) -> 0 | H13: =(C11/C13) -> 0 | J13: =IFERROR(J11/I11,0) -> 0 | L13: =IFERROR(L11/K11,0) -> 0 | M13: =IFERROR(M11/SUM(R11+G11,0),"") | O13: =IFERROR(O11/N11,0) -> 0 | Q13: =IFERROR(Q11/P11,0) -> 0
B14: Javier Sandoval | C14: =SUMIF(B:B,B14,T:T) -> 0 | E14: =SUMIFS(T:T,B:B,B14,D:D,"Y") -> 0 | F14: =SUMIF(B34:B1137,B14,G34:G1137) -> 3 | G14: =SUMIF(B34:B1137,B14,H34:H1137) -> 0 | H14: =SUMIF(B34:B1137,B14,I34:I1137) -> 0 | I14: =SUMIF(B34:B1137,B14,P34:P1137) -> 0 | J14: =SUMIF(B34:B1137,B14,Q34:Q1137) -> 0 | K14: =SUMIF(B34:B1137,B14,R34:R1137) -> 0 | L14: =SUMIF(B34:B1137,B14,S34:S1137) -> 0 | M14: =SUMIF(B34:B1137,B14,M34:M1137) -> 0 | N14: =SUMIF(B34:B1137,B14,N34:N1137) -> 0 | O14: =SUMIF(B34:B1137,B14,O34:O1137) -> 0 | P14: =SUMIF(B34:B1137,B14,J34:J1137) -> 0 | Q14: =SUMIF(B34:B1137,B14,K34:K1137) -> 0 | R14: =SUMIF(B34:B1137,B14,L34:L1137) -> 0
C15: # of Agents | E15: ALP per sale | F15: Show Rate | G15: Close Ratio | H15: ALP/Agent | J15: POS Close | L15: VET Close | M15: REF Per Sit | O15: REF Close | Q15: OTS Close
C16: =COUNTIFS(B34:B1137,B14) -> 16 | E16: =IFERROR(C14/H14,0) -> 0 | F16: =IFERROR((G14+R14)/F14,0) -> 0 | G16: =IFERROR(H14/G14,0) -> 0 | H16: =(C14/C16) -> 0 | J16: =IFERROR(J14/I14,0) -> 0 | L16: =IFERROR(L14/K14,0) -> 0 | M16: =IFERROR(M14/SUM(G14+R14,0),"") | O16: =IFERROR(O14/N14,0) -> 0 | Q16: =IFERROR(Q14/P14,0) -> 0
B17: Jacob Brown | C17: =SUMIF(A:A,B17,T:T) -> 0 | E17: =SUMIFS(T:T,A:A,B17,D:D,"Y") -> 0 | F17: =SUMIF(A:A,B17,G:G) -> 0 | G17: =SUMIF(A:A,B17,H:H) -> 0 | H17: =SUMIF(A:A,B17,I:I) -> 0 | I17: =SUMIF(A:A,B17,P:P) -> 0 | J17: =SUMIF(A:A,B17,Q:Q) -> 0 | K17: =SUMIF(A:A,B17,R:R) -> 0 | L17: =SUMIF(A:A,B17,S:S) -> 0 | M17: =SUMIF(A:A,B17,M:M) -> 0 | N17: =SUMIF(A:A,B17,N:N) -> 0 | O17: =SUMIF(A:A,B17,O:O) -> 0 | P17: =SUMIF(A:A,B17,J:J) -> 0 | Q17: =SUMIF(A:A,B17,K:K) -> 0 | R17: =SUMIF(A:A,B17,L:L) -> 0
C18: # of Agents | E18: ALP per sale | F18: Show Rate | G18: Close Ratio | H18: ALP/Agent | J18: POS Close | L18: VET Close | M18: REF Per Sit | O18: REF Close | Q18: OTS Close
C19: =COUNTIFS(A:A,B17) -> 6 | E19: =IFERROR(C17/H17,0) -> 0 | F19: =IFERROR((G17+R17)/F17,0) -> 0 | G19: =IFERROR(H17/G17,0) -> 0 | H19: =(C17/C19) -> 0 | J19: =IFERROR(J17/I17,0) -> 0 | L19: =IFERROR(L17/K17,0) -> 0 | M19: =IFERROR(M17/SUM(R17+G17,0),"") | O19: =IFERROR(O17/N17,0) -> 0 | Q19: =IFERROR(Q17/P17,0) -> 0
B20: Derron Alexander | C20: =SUMIF(A:A,B20,T:T) -> 0 | E20: =SUMIFS(T:T,A:A,B20,D:D,"Y") -> 0 | F20: =SUMIF(A:A,B20,G:G) -> 0 | G20: =SUMIF(A:A,B20,H:H) -> 0 | H20: =SUMIF(A:A,B20,I:I) -> 0 | I20: =SUMIF(A:A,B20,P:P) -> 0 | J20: =SUMIF(A:A,B20,Q:Q) -> 0 | K20: =SUMIF(A:A,B20,R:R) -> 0 | L20: =SUMIF(A:A,B20,S:S) -> 0 | M20: =SUMIF(A:A,B20,M:M) -> 0 | N20: =SUMIF(A:A,B20,N:N) -> 0 | O20: =SUMIF(A:A,B20,O:O) -> 0 | P20: =SUMIF(A:A,B20,J:J) -> 0 | Q20: =SUMIF(A:A,B20,K:K) -> 0 | R20: =SUMIF(A:A,B20,L:L) -> 0
C21: # of Agents | E21: ALP per sale | F21: Show Rate | G21: Close Ratio | H21: ALP/Agent | J21: POS Close | L21: VET Close | M21: REF Per Sit | O21: REF Close | Q21: OTS Close
C22: =COUNTIFS(A:A,B20) -> 9 | E22: =IFERROR(C20/H20,0) -> 0 | F22: =IFERROR((G20+R20)/F20,0) -> 0 | G22: =IFERROR(H20/G20,0) -> 0 | H22: =(C20/C22) -> 0 | J22: =IFERROR(J20/I20,0) -> 0 | L22: =IFERROR(L20/K20,0) -> 0 | M22: =IFERROR(M20/SUM(R20+G20,0),"") | O22: =IFERROR(O20/N20,0) -> 0 | Q22: =IFERROR(Q20/P20,0) -> 0
B23: David Fulfer | C23: =SUMIF(A:A,B23,T:T) -> 1262.76 | E23: =SUMIFS(T:T,A:A,B23,D:D,"Y") -> 1262.76 | F23: =SUMIF(A:A,B23,G:G) -> 1 | G23: =SUMIF(A:A,B23,H:H) -> 1 | H23: =SUMIF(A:A,B23,I:I) -> 1 | I23: =SUMIF(A:A,B23,P:P) -> 0 | J23: =SUMIF(A:A,B23,Q:Q) -> 0 | K23: =SUMIF(A:A,B23,R:R) -> 1 | L23: =SUMIF(A:A,B23,S:S) -> 1 | M23: =SUMIF(A:A,B23,M:M) -> 3 | N23: =SUMIF(A:A,B23,N:N) -> 1 | O23: =SUMIF(A:A,B23,O:O) -> 1 | P23: =SUMIF(A:A,B23,J:J) -> 1 | Q23: =SUMIF(A:A,B23,K:K) -> 1 | R23: =SUMIF(A:A,B23,L:L) -> 0
C24: # of Agents | E24: ALP per sale | F24: Show Rate | G24: Close Ratio | H24: ALP/Agent | J24: POS Close | L24: VET Close | M24: REF Per Sit | O24: REF Close | Q24: OTS Close
C25: =COUNTIFS(A:A,B23) -> 7 | E25: =IFERROR(C23/H23,0) -> 1262.76 | F25: =IFERROR((G23+R23)/F23,0) -> 1 | G25: =IFERROR(H23/G23,0) -> 1 | H25: =(C23/C25) -> 180.39429 | J25: =IFERROR(J23/I23,0) -> 0 | L25: =IFERROR(L23/K23,0) -> 1 | M25: =IFERROR(M23/SUM(R23+G23,0),"") -> 3 | O25: =IFERROR(O23/N23,0) -> 1 | Q25: =IFERROR(Q23/P23,0) -> 1
B26: Ashlynn Orng | C26: =SUMIF(A:A,B26,T:T) -> 8293.2 | E26: =SUMIFS(T:T,A:A,B26,D:D,"Y") -> 3538.2 | F26: =SUMIF(A:A,B26,G:G) -> 25 | G26: =SUMIF(A:A,B26,H:H) -> 23 | H26: =SUMIF(A:A,B26,I:I) -> 7 | I26: =SUMIF(A:A,B26,P:P) -> 1 | J26: =SUMIF(A:A,B26,Q:Q) -> 0 | K26: =SUMIF(A:A,B26,R:R) -> 4 | L26: =SUMIF(A:A,B26,S:S) -> 1 | M26: =SUMIF(A:A,B26,M:M) -> 81 | N26: =SUMIF(A:A,B26,N:N) -> 18 | O26: =SUMIF(A:A,B26,O:O) -> 5 | P26: =SUMIF(A:A,B26,J:J) -> 0 | Q26: =SUMIF(A:A,B26,K:K) -> 0 | R26: =SUMIF(A:A,B26,L:L) -> 0
C27: # of Agents | E27: ALP per sale | F27: Show Rate | G27: Close Ratio | H27: ALP/Agent | J27: POS Close | L27: VET Close | M27: REF Per Sit | O27: REF Close | Q27: OTS Close
C28: =COUNTIFS(A:A,B26) -> 11 | E28: =IFERROR(C26/H26,0) -> 1184.7429 | F28: =IFERROR((G26+R26)/F26,0) -> 0.92 | G28: =IFERROR(H26/G26,0) -> 0.30434783 | H28: =(C26/C28) -> 753.92727 | J28: =IFERROR(J26/I26,0) -> 0 | L28: =IFERROR(L26/K26,0) -> 0.25 | M28: =IFERROR(M26/SUM(R26+G26,0),"") -> 3.5217391 | O28: =IFERROR(O26/N26,0) -> 0.27777778 | Q28: =IFERROR(Q26/P26,0) -> 0
B29: Kenneth Preston | C29: =SUMIF(A:A,B29,T:T) -> 0 | E29: =SUMIFS(T:T,A:A,B29,D:D,"Y") -> 0 | F29: =SUMIF(A:A,B29,G:G) -> 0 | G29: =SUMIF(A:A,B29,H:H) -> 0 | H29: =SUMIF(A:A,B29,I:I) -> 0 | I29: =SUMIF(A:A,B29,P:P) -> 0 | J29: =SUMIF(A:A,B29,Q:Q) -> 0 | K29: =SUMIF(A:A,B29,R:R) -> 0 | L29: =SUMIF(A:A,B29,S:S) -> 0 | M29: =SUMIF(A:A,B29,M:M) -> 0 | N29: =SUMIF(A:A,B29,N:N) -> 0 | O29: =SUMIF(A:A,B29,O:O) -> 0 | P29: =SUMIF(A:A,B29,J:J) -> 0 | Q29: =SUMIF(A:A,B29,K:K) -> 0 | R29: =SUMIF(A:A,B29,L:L) -> 0
C30: # of Agents | E30: ALP per sale | F30: Show Rate | G30: Close Ratio | H30: ALP/Agent | J30: POS Close | L30: VET Close | M30: REF Per Sit | O30: REF Close | Q30: OTS Close
C31: =COUNTIFS(A:A,B29) -> 2 | E31: =IFERROR(C29/H29,0) -> 0 | F31: =IFERROR((G29+R29)/F29,0) -> 0 | G31: =IFERROR(H29/G29,0) -> 0 | H31: =(C29/C31) -> 0 | J31: =IFERROR(J29/I29,0) -> 0 | L31: =IFERROR(L29/K29,0) -> 0 | M31: =IFERROR(M29/SUM(R29+G29,0),"") | O31: =IFERROR(O29/N29,0) -> 0 | Q31: =IFERROR(Q29/P29,0) -> 0
A33: MGA | B33: GA | C33: SA | E33: State | F33: Agent | G33: SETS | H33: SITS | I33: SALES | J33: OTS SITS | K33: OTS SALES | L33: N1 | M33: REF OBT | N33: REF SITS | O33: REF SALES | P33: POS SITS | Q33: POS SALES | R33: VETS SITS | S33: VET SALES | T33: ALP | U33: Close | V33: Show | W33: Code Date
A34: Joseph Gojcaj | D34: Y | E34: MI | F34: Joseph Gojcaj | U34: =IFERROR(I34/H34,0) -> 0 | V34: =IFERROR(SUM(H34+L34)/G34,0) -> 0
A35: Joseph Gojcaj | B35: Edward Leon | D35: Y | E35: MI | F35: Eddie Leon | U35: =IFERROR(I35/H35,0) -> 0 | V35: =IFERROR(SUM(H35+L35)/G35,0) -> 0
A36: Joseph Gojcaj | B36: Edward Leon | E36: CA | F36: Rick Argote | U36: =IFERROR(I36/H36,0) -> 0 | V36: =IFERROR(SUM(H36+L36)/G36,0) -> 0
A37: Joseph Gojcaj | B37: Edward Leon | C37: Julian Hyman | D37: Y | E37: MI | F37: Julian Hyman | U37: =IFERROR(I37/H37,0) -> 0 | V37: =IFERROR(SUM(H37+L37)/G37,0) -> 0
A38: Joseph Gojcaj | B38: Edward Leon | C38: Julian Hyman | F38: Kaliyah Pyles | U38: =IFERROR(I38/H38,0) -> 0 | V38: =IFERROR(SUM(H38+L38)/G38,0) -> 0
A39: Joseph Gojcaj | B39: Edward Leon | C39: Julian Hyman | F39: Ethan Lasley | U39: =IFERROR(I39/H39,0) -> 0 | V39: =IFERROR(SUM(H39+L39)/G39,0) -> 0
A40: Joseph Gojcaj | B40: Edward Leon | C40: Julian Hyman | E40: MI | F40: Keith Chmiel | U40: =IFERROR(I40/H40,0) -> 0 | V40: =IFERROR(SUM(H40+L40)/G40,0) -> 0
A41: Joseph Gojcaj | B41: Edward Leon | C41: Julian Hyman | E41: TX | F41: Veronica Sanchez | U41: =IFERROR(I41/H41,0) -> 0 | V41: =IFERROR(SUM(H41+L41)/G41,0) -> 0
A42: Joseph Gojcaj | B42: Edward Leon | C42: Julian Hyman | E42: AZ | F42: Brittany Luke | U42: =IFERROR(I42/H42,0) -> 0 | V42: =IFERROR(SUM(H42+L42)/G42,0) -> 0
A43: Joseph Gojcaj | B43: Timothy Noe | D43: Y | E43: TN | F43: Timothy Noe | U43: =IFERROR(I43/H43,0) -> 0 | V43: =IFERROR(SUM(H43+L43)/G43,0) -> 0
A44: Joseph Gojcaj | B44: Timothy Noe | C44: Preston Opperman | D44: Y | E44: TN | F44: Preston Opperman | U44: =IFERROR(I44/H44,0) -> 0 | V44: =IFERROR(SUM(H44+L44)/G44,0) -> 0
A45: Joseph Gojcaj | B45: Timothy Noe | C45: Preston Opperman | E45: TN | F45: Bilal Abdullah | U45: =IFERROR(I45/H45,0) -> 0 | V45: =IFERROR(SUM(H45+L45)/G45,0) -> 0
A46: Joseph Gojcaj | B46: Timothy Noe | C46: Preston Opperman | E46: TN | F46: Kain White-Conley | U46: =IFERROR(I46/H46,0) -> 0 | V46: =IFERROR(SUM(H46+L46)/G46,0) -> 0
A47: Joseph Gojcaj | B47: Javier Sandoval | D47: Y | E47: NH | F47: Javier Sandoval | U47: =IFERROR(I47/H47,0) -> 0 | V47: =IFERROR(SUM(H47+L47)/G47,0) -> 0
A48: Joseph Gojcaj | B48: Javier Sandoval | F48: Cheri DiPiero | U48: =IFERROR(I48/H48,0) -> 0 | V48: =IFERROR(SUM(H48+L48)/G48,0) -> 0
A49: Joseph Gojcaj | B49: Javier Sandoval | E49: MI | F49: Regina Gumma | U49: =IFERROR(I49/H49,0) -> 0 | V49: =IFERROR(SUM(H49+L49)/G49,0) -> 0
A50: Joseph Gojcaj | B50: Javier Sandoval | C50: Andre Alire | D50: Y | F50: Andre Alire | U50: =IFERROR(I50/H50,0) -> 0 | V50: =IFERROR(SUM(H50+L50)/G50,0) -> 0
A51: Joseph Gojcaj | B51: Javier Sandoval | C51: Andre Alire | F51: Kelvin Claney | U51: =IFERROR(I51/H51,0) -> 0 | V51: =IFERROR(SUM(H51+L51)/G51,0) -> 0
A52: Joseph Gojcaj | B52: Javier Sandoval | C52: Andre Alire | F52: Patty Kilburn | U52: =IFERROR(I52/H52,0) -> 0 | V52: =IFERROR(SUM(H52+L52)/G52,0) -> 0
A53: Joseph Gojcaj | B53: Javier Sandoval | C53: Jacob Bandyk | D53: Y | F53: Jacob Bandyk | G53: 2 | H53: 0 | I53: 0 | J53: 0 | L53: 0 | M53: 0 | N53: 0 | O53: 0 | P53: 0 | Q53: 0 | R53: 0 | S53: 0 | T53: 0 | U53: 0 | V53: 0
A54: Joseph Gojcaj | B54: Javier Sandoval | C54: Jacob Bandyk | F54: Angelo Perez | U54: =IFERROR(I54/H54,0) -> 0 | V54: =IFERROR(SUM(H54+L54)/G54,0) -> 0
A55: Joseph Gojcaj | B55: Javier Sandoval | C55: Jacob Bandyk | F55: Megan Cannon | U55: =IFERROR(I55/H55,0) -> 0 | V55: =IFERROR(SUM(H55+L55)/G55,0) -> 0
A56: Joseph Gojcaj | B56: Javier Sandoval | C56: Melissa Elam | D56: Y | E56: MS | F56: Melissa Elam | G56: 1 | H56: 0 | I56: 0 | J56: 0 | K56: 0 | L56: 0 | M56: 0 | N56: 0 | O56: 0 | P56: 0 | Q56: 0 | R56: 0 | S56: 0 | T56: 0 | U56: =IFERROR(I56/H56,0) -> 0 | V56: =IFERROR(SUM(H56+L56)/G56,0) -> 0
A57: Joseph Gojcaj | B57: Javier Sandoval | C57: Melissa Elam | E57: TX | F57: Ronald Montoya | G57: 0 | H57: 0 | I57: 0 | J57: 0 | K57: 0 | L57: 0 | M57: 0 | N57: 0 | O57: 0 | P57: 0 | Q57: 0 | R57: 0 | S57: 0 | T57: 0 | U57: =IFERROR(I57/H57,0) -> 0 | V57: =IFERROR(SUM(H57+L57)/G57,0) -> 0
A58: Joseph Gojcaj | B58: Javier Sandoval | C58: Melissa Elam | E58: TX | F58: Frances Gonzalez | G58: 0 | H58: 0 | I58: 0 | J58: 0 | K58: 0 | L58: 0 | M58: 0 | N58: 0 | O58: 0 | P58: 0 | Q58: 0 | R58: 0 | S58: 0 | T58: 0 | U58: =IFERROR(I58/H58,0) -> 0 | V58: =IFERROR(SUM(H58+L58)/G58,0) -> 0
A59: Joseph Gojcaj | B59: Javier Sandoval | C59: Melissa Elam | E59: TX | F59: Karina Picado | G59: 0 | H59: 0 | I59: 0 | J59: 0 | K59: 0 | L59: 0 | M59: 0 | N59: 0 | O59: 0 | P59: 0 | Q59: 0 | R59: 0 | S59: 0 | T59: 0 | U59: =IFERROR(I59/H59,0) -> 0 | V59: =IFERROR(SUM(H59+L59)/G59,0) -> 0
A60: Joseph Gojcaj | B60: Javier Sandoval | C60: Melissa Elam | E60: MO | F60: Danielle Loux | G60: 0 | H60: 0 | I60: 0 | J60: 0 | K60: 0 | L60: 0 | M60: 0 | N60: 0 | O60: 0 | P60: 0 | Q60: 0 | R60: 0 | S60: 0 | T60: 0 | U60: =IFERROR(I60/H60,0) -> 0 | V60: =IFERROR(SUM(H60+L60)/G60,0) -> 0
A61: Joseph Gojcaj | B61: Javier Sandoval | C61: Melissa Elam | F61: Tiera Williams | G61: 0 | H61: 0 | I61: 0 | J61: 0 | K61: 0 | L61: 0 | M61: 0 | N61: 0 | O61: 0 | P61: 0 | Q61: 0 | R61: 0 | S61: 0 | T61: 0 | U61: =IFERROR(I61/H61,0) -> 0 | V61: =IFERROR(SUM(H61+L61)/G61,0) -> 0
A62: Joseph Gojcaj | B62: Javier Sandoval | C62: Melissa Elam | E62: GA | F62: Romona Armstead | G62: 0 | H62: 0 | I62: 0 | J62: 0 | K62: 0 | L62: 0 | M62: 0 | N62: 0 | O62: 0 | P62: 0 | Q62: 0 | R62: 0 | S62: 0 | T62: 0 | U62: =IFERROR(I62/H62,0) -> 0 | V62: =IFERROR(SUM(H62+L62)/G62,0) -> 0
A63: MGA | B63: GA | C63: SA | E63: State | F63: Agent | G63: SETS | H63: SITS | I63: SALES | J63: OTS SITS | K63: OTS SALES | L63: N1 | M63: REF OBT | N63: REF SITS | O63: REF SALES | P63: POS SITS | Q63: POS SALES | R63: VETS SITS | S63: VET SALES | T63: ALP | U63: Close | V63: Show
A64: Jacob Brown | D64: Y | E64: MI | F64: Jacob Brown | U64: =IFERROR(I64/H64,0) -> 0 | V64: =IFERROR(SUM(H64+L64)/G64,0) -> 0
A65: Jacob Brown | C65: Kristen Fox | D65: Y | E65: NC | F65: Kristen Fox | G65: 0 | H65: 0 | I65: 0 | J65: 0 | K65: 0 | L65: 0 | M65: 0 | N65: 0 | O65: 0 | P65: 0 | Q65: 0 | R65: 0 | S65: 0 | T65: 0 | U65: =IFERROR(I65/H65,0) -> 0 | V65: =IFERROR(SUM(H65+L65)/G65,0) -> 0
A66: Jacob Brown | C66: Kristen Fox | F66: Marci Dyer | U66: =IFERROR(I66/H66,0) -> 0 | V66: =IFERROR(SUM(H66+L66)/G66,0) -> 0
A67: Jacob Brown | C67: Joylynn Harris | D67: Y | E67: CA | F67: Joylynn Harris | G67: 0 | H67: 0 | I67: 0 | J67: 0 | K67: 0 | L67: 0 | M67: 0 | N67: 0 | O67: 0 | P67: 0 | Q67: 0 | R67: 0 | S67: 0 | T67: 0 | U67: =IFERROR(I67/H67,0) -> 0 | V67: =IFERROR(SUM(H67+L67)/G67,0) -> 0
A68: Jacob Brown | C68: Joylynn Harris | E68: TX | F68: Shafay Sutton | G68: 0 | H68: 0 | I68: 0 | J68: 0 | K68: 0 | L68: 0 | M68: 0 | N68: 0 | O68: 0 | P68: 0 | Q68: 0 | R68: 0 | S68: 0 | T68: 0 | U68: =IFERROR(I68/H68,0) -> 0 | V68: =IFERROR(SUM(H68+L68)/G68,0) -> 0
A69: Jacob Brown | C69: Joylynn Harris | E69: IL | F69: Michael Hall | G69: 0 | H69: 0 | I69: 0 | J69: 0 | K69: 0 | L69: 0 | M69: 0 | N69: 0 | O69: 0 | P69: 0 | Q69: 0 | R69: 0 | S69: 0 | T69: 0 | U69: =IFERROR(I69/H69,0) -> 0 | V69: =IFERROR(SUM(H69+L69)/G69,0) -> 0
A70: MGA | B70: GA | C70: SA | E70: State | F70: Agent | G70: SETS | H70: SITS | I70: SALES | J70: OTS SITS | K70: OTS SALES | L70: N1 | M70: REF OBT | N70: REF SITS | O70: REF SALES | P70: POS SITS | Q70: POS SALES | R70: VETS SITS | S70: VET SALES | T70: ALP | U70: Close | V70: Show
A71: Derron Alexander | D71: Y | E71: NY | F71: Derron Alexander | U71: =IFERROR(I71/H71,0) -> 0 | V71: =IFERROR(SUM(H71+L71)/G71,0) -> 0
A72: Derron Alexander | E72: MD | F72: Makeisha Allen | U72: =IFERROR(I72/H72,0) -> 0 | V72: =IFERROR(SUM(H72+L72)/G72,0) -> 0
A73: Derron Alexander | E73: NY | F73: Kisha Darby | U73: =IFERROR(I73/H73,0) -> 0 | V73: =IFERROR(SUM(H73+L73)/G73,0) -> 0
A74: Derron Alexander | E74: NY | F74: Michael Dolin | U74: =IFERROR(I74/H74,0) -> 0 | V74: =IFERROR(SUM(H74+L74)/G74,0) -> 0
A75: Derron Alexander | E75: NY | F75: Toel Jefferson | U75: =IFERROR(I75/H75,0) -> 0 | V75: =IFERROR(SUM(H75+L75)/G75,0) -> 0
A76: Derron Alexander | E76: NY | F76: Zev Bienenstock | U76: =IFERROR(I76/H76,0) -> 0 | V76: =IFERROR(SUM(H76+L76)/G76,0) -> 0
A77: Derron Alexander | E77: NY | F77: Marie Cano | U77: =IFERROR(I77/H77,0) -> 0 | V77: =IFERROR(SUM(H77+L77)/G77,0) -> 0
A78: Derron Alexander | E78: NY | F78: Jordan McFarlane | U78: =IFERROR(I78/H78,0) -> 0 | V78: =IFERROR(SUM(H78+L78)/G78,0) -> 0
A79: Derron Alexander | E79: NY | F79: LaToya Clark | U79: =IFERROR(I79/H79,0) -> 0 | V79: =IFERROR(SUM(H79+L79)/G79,0) -> 0
A80: MGA | B80: GA | C80: SA | E80: State | F80: Agent | G80: SETS | H80: SITS | I80: SALES | J80: OTS SITS | K80: OTS SALES | L80: N1 | M80: REF OBT | N80: REF SITS | O80: REF SALES | P80: POS SITS | Q80: POS SALES | R80: VETS SITS | S80: VET SALES | T80: ALP | U80: Close | V80: Show
A81: David Fulfer | D81: Y | E81: SC | F81: David Fulfer | U81: =IFERROR(I81/H81,0) -> 0 | V81: =IFERROR(SUM(H81+L81)/G81,0) -> 0
A82: David Fulfer | E82: MO | F82: William Benline | U82: =IFERROR(I82/H82,0) -> 0 | V82: =IFERROR(SUM(H82+L82)/G82,0) -> 0
A83: David Fulfer | C83: Ken Hermann | D83: Y | E83: TX | F83: Ken Hermann | G83: 1 | H83: 1 | I83: 1 | J83: 1 | K83: 1 | L83: 0 | M83: 3 | N83: 1 | O83: 1 | P83: 0 | Q83: 0 | R83: 1 | S83: 1 | T83: 1262.76 | U83: =IFERROR(I83/H83,0) -> 1 | V83: =IFERROR(SUM(H83+L83)/G83,0) -> 1
A84: David Fulfer | C84: Ken Hermann | F84: Emmy Phipps | U84: =IFERROR(I84/H84,0) -> 0 | V84: =IFERROR(SUM(H84+L84)/G84,0) -> 0
A85: David Fulfer | C85: Ken Hermann | F85: Sasha Blake | U85: =IFERROR(I85/H85,0) -> 0 | V85: =IFERROR(SUM(H85+L85)/G85,0) -> 0
A86: David Fulfer | C86: Annie Ransom | D86: Y | E86: OR | F86: Annie Ransom | U86: =IFERROR(I86/H86,0) -> 0 | V86: =IFERROR(SUM(H86+L86)/G86,0) -> 0
