Workbook

Sheet Weekly Totals
C1: ALP | E1: LEADERSHIP ALP | F1: Appts | G1: Pres | H1: Sales | I1: POS SITS | J1: POS SA | K1: VET SITS | L1: VET SA | M1: REF OBT | N1: REF SITS | O1: REF SA | P1: OTS SITS | Q1: OTS SA | R1: N1
B2: RUST RGA | C2: =SUM(C5,C14,C17) -> 8032 | E2: =SUM(E5,E14,E17) -> 5447 | F2: =SUM(F5,F14,F17) -> 94 | G2: =SUM(G5,G14,G17) -> 42 | H2: =SUM(H5,H14,H17) -> 8 | I2: =SUM(I5,I14,I17) -> 8 | J2: =SUM(J5,J14,J17) -> 0 | K2: =SUM(K5,K14,K17) -> 23 | L2: =SUM(L5,L14,L17) -> 2 | ... R2: =SUM(R5,R14,R17) -> 15
C3: # of Agents | E3: ALP per sale | F3: Show Rate | G3: Close Ratio | H3: ALP/Agent | J3: POS Close | L3: VET Close | M3: REF Per Sit | O3: REF Close | Q3: OTS Close
C4: =SUM(C7,C19,C16) -> 45 | E4: =IFERROR(C2/H2,0) -> 1004 | F4: =IFERROR((G2+R2)/F2,0) -> 0.60638298 | G4: =IFERROR(H2/G2,0) -> 0.19047619 | H4: =(C2/C4) -> 178.48889 | J4: =IFERROR(J2/I2,0) -> 0 | L4: =IFERROR(L2/K2,0) -> 0.086956522 | M4: =IFERROR(M2/G2,0) -> 2.047619 | O4: =IFERROR(O2/N2,0) -> 0.55555556 | Q4: =IFERROR(Q2/P2,0) -> 0.0625
B5: Ashley Rust | C5: =SUMIF(A:A,B5,T:T) -> 670 | E5: =SUMIFS(T:T,A:A,B5,D:D,"Y") -> 0 | F5: =SUMIF(A:A,B5,G:G) -> 33 | G5: =SUMIF(A:A,B5,H:H) -> 13 | H5: =SUMIF(A:A,B5,I:I) -> 1 | I5: =SUMIF(A:A,B5,P:P) -> 0 | J5: =SUMIF(A:A,B5,Q:Q) -> 0 | K5: =SUMIF(A:A,B5,R:R) -> 4 | L5: =SUMIF(A:A,B5,S:S) -> 0 | M5: =SUMIF(A:A,B5,M:M) -> 46 | N5: =SUMIF(A:A,B5,N:N) -> 4 | O5: =SUMIF(A:A,B5,O:O) -> 1 | P5: =SUMIF(A:A,B5,J:J) -> 4 | Q5: =SUMIF(A:A,B5,K:K) -> 0 | R5: =SUMIF(A:A,B5,L:L) -> 6
C6: # of Agents | E6: ALP per sale | F6: Show Rate | G6: Close Ratio | H6: ALP/Agent | J6: POS Close | L6: VET Close | M6: REF Per Sit | O6: REF Close | Q6: OTS Close
C7: =COUNTIFS(A:A,B5) -> 19 | E7: =IFERROR(C5/H5,0) -> 670 | F7: =IFERROR((G5+R5)/F5,0) -> 0.57575758 | G7: =IFERROR(H5/G5,0) -> 0.076923077 | H7: =(C5/C7) -> 35.263158 | J7: =IFERROR(J5/I5,0) -> 0 | L7: =IFERROR(L5/K5,0) -> 0 | M7: =IFERROR(M5/SUM(R5+G5,0),"") -> 2.4210526 | O7: =IFERROR(O5/N5,0) -> 0.25 | Q7: =IFERROR(Q5/P5,0) -> 0
B8: Troy Williams | C8: =SUMIF(B:B,B8,T:T) -> 0 | E8: =SUMIFS(T:T,B:B,B8,D:D,"Y") -> 0 | F8: =SUMIF(B39:B1066,B8,G39:G1066) -> 0 | G8: =SUMIF(B39:B1066,B8,H39:H1066) -> 0 | H8: =SUMIF(B39:B1066,B8,I39:I1066) -> 0 | I8: =SUMIF(B39:B1066,B8,P39:P1066) -> 0 | J8: =SUMIF(B39:B1066,B8,Q39:Q1066) -> 0 | K8: =SUMIF(B39:B1066,B8,R39:R1066) -> 0 | L8: =SUMIF(B39:B1066,B8,S39:S1066) -> 0 | M8: =SUMIF(B39:B1066,B8,M39:M1066) -> 0 | N8: =SUMIF(B39:B1066,B8,N39:N1066) -> 0 | O8: =SUMIF(B39:B1066,B8,O39:O1066) -> 0 | P8: =SUMIF(B39:B1066,B8,J39:J1066) -> 0 | Q8: =SUMIF(B39:B1066,B8,K39:K1066) -> 0 | R8: =SUMIF(B39:B1066,B8,L39:L1066) -> 0
C9: # of Agents | E9: ALP per sale | F9: Show Rate | G9: Close Ratio | H9: ALP/Agent | J9: POS Close | L9: VET Close | M9: REF Per Sit | O9: REF Close | Q9: OTS Close
C10: =COUNTIFS(B28:B1066,B8) -> 5 | E10: =IFERROR(C8/H8,0) -> 0 | F10: =IFERROR((G8+R8)/F8,0) -> 0 | G10: =IFERROR(H8/G8,0) -> 0 | H10: =(C8/C10) -> 0 | J10: =IFERROR(J8/I8,0) -> 0 | L10: =IFERROR(L8/K8,0) -> 0 | M10: =IFERROR(M8/SUM(G8+R8,0),"") | O10: =IFERROR(O8/N8,0) -> 0 | Q10: =IFERROR(Q8/P8,0) -> 0
B11: Karami Kovar | C11: =SUMIF(B:B,B11,T:T) -> 670 | E11: =SUMIFS(T:T,B:B,B11,D:D,"Y") -> 0 | F11: =SUMIF(B28:B1066,B11,G28:G1066) -> 25 | G11: =SUMIF(C28:C1066,C11,H28:H1066) -> 0 | H11: =SUMIF(D28:D1066,D11,I28:I1066) -> 0 | I11: =SUMIF(E28:E1066,E11,J28:J1066) -> 0 | J11: =SUMIF(F28:F1066,F11,K28:K1066) -> 0 | K11: =SUMIF(G28:G1066,G11,L28:L1066) -> 0 | L11: =SUMIF(H28:H1066,H11,M28:M1066) -> 0 | M11: =SUMIF(I28:I1066,I11,N28:N1066) -> 3 | ... R11: =SUMIF(N28:N1066,N11,S28:S1066) -> 0
C12: # of Agents | E12: ALP per sale | F12: Show Rate | G12: Close Ratio | H12: ALP/Agent | J12: POS Close | L12: VET Close | M12: REF Per Sit | O12: REF Close | Q12: OTS Close
C13: =COUNTIFS(B27:B1066,B11) -> 11 | E13: =IFERROR(C11/H11,0) -> 0 | F13: =IFERROR((G11+R11)/F11,0) -> 0 | G13: =IFERROR(H11/G11,0) -> 0 | H13: =(C11/C13) -> 60.909091 | J13: =IFERROR(J11/I11,0) -> 0 | L13: =IFERROR(L11/K11,0) -> 0 | M13: =IFERROR(M11/SUM(G11+R11,0),"") | O13: =IFERROR(O11/N11,0) -> 2.6666667 | Q13: =IFERROR(Q11/P11,0) -> 0
B14: Joy Vann-Austin | C14: =SUMIF(A:A,B14,T:T) -> 774 | E14: =SUMIFS(T:T,A:A,B14,D:D,"Y") -> 774 | F14: =SUMIF(A:A,B14,G:G) -> 7 | G14: =SUMIF(A:A,B14,H:H) -> 4 | H14: =SUMIF(A:A,B14,I:I) -> 1 | I14: =SUMIF(A:A,B14,P:P) -> 0 | J14: =SUMIF(A:A,B14,Q:Q) -> 0 | K14: =SUMIF(A:A,B14,R:R) -> 3 | L14: =SUMIF(A:A,B14,S:S) -> 0 | M14: =SUMIF(A:A,B14,M:M) -> 7 | N14: =SUMIF(A:A,B14,N:N) -> 0 | O14: =SUMIF(A:A,B14,O:O) -> 0 | P14: =SUMIF(A:A,B14,J:J) -> 2 | Q14: =SUMIF(A:A,B14,K:K) -> 0 | R14: =SUMIF(A:A,B14,L:L) -> 2
C15: # of Agents | E15: ALP per sale | F15: Show Rate | G15: Close Ratio | H15: ALP/Agent | J15: POS Close | L15: VET Close | M15: REF Per Sit | O15: REF Close | Q15: OTS Close
C16: =COUNTIFS(A:A,B14) -> 4 | E16: =IFERROR(C14/H14,0) -> 774 | F16: =IFERROR((G14+R14)/F14,0) -> 0.85714286 | G16: =IFERROR(H14/G14,0) -> 0.25 | H16: =(C14/C16) -> 193.5 | J16: =IFERROR(J14/I14,0) -> 0 | L16: =IFERROR(L14/K14,0) -> 0 | M16: =IFERROR(M14/SUM(R14+G14,0),"") -> 1.1666667 | O16: =IFERROR(O14/N14,0) -> 0 | Q16: =IFERROR(Q14/P14,0) -> 0
B17: Torian Fields | C17: =SUMIF(A:A,B17,T:T) -> 6588 | E17: =SUMIFS(T:T,A:A,B17,D:D,"Y") -> 4673 | F17: =SUMIF(A:A,B17,G:G) -> 54 | G17: =SUMIF(A:A,B17,H:H) -> 25 | H17: =SUMIF(A:A,B17,I:I) -> 6 | I17: =SUMIF(A:A,B17,P:P) -> 8 | J17: =SUMIF(A:A,B17,Q:Q) -> 0 | K17: =SUMIF(A:A,B17,R:R) -> 16 | L17: =SUMIF(A:A,B17,S:S) -> 2 | M17: =SUMIF(A:A,B17,M:M) -> 33 | N17: =SUMIF(A:A,B17,N:N) -> 5 | O17: =SUMIF(A:A,B17,O:O) -> 4 | P17: =SUMIF(A:A,B17,J:J) -> 10 | Q17: =SUMIF(A:A,B17,K:K) -> 1 | R17: =SUMIF(A:A,B17,L:L) -> 7
C18: # of Agents | E18: ALP per sale | F18: Show Rate | G18: Close Ratio | H18: ALP/Agent | J18: POS Close | L18: VET Close | M18: REF Per Sit | O18: REF Close | Q18: OTS Close
C19: =COUNTIFS(A:A,B17) -> 22 | E19: =IFERROR(C17/H17,0) -> 1098 | F19: =IFERROR((G17+R17)/F17,0) -> 0.59259259 | G19: =IFERROR(H17/G17,0) -> 0.24 | H19: =(C17/C19) -> 299.45455 | J19: =IFERROR(J17/I17,0) -> 0 | L19: =IFERROR(L17/K17,0) -> 0.125 | M19: =IFERROR(M17/SUM(G17+R17,0),"") -> 1.03125 | O19: =IFERROR(O17/N17,0) -> 0.8 | Q19: =IFERROR(Q17/P17,0) -> 0.1
B20: Devin Gould | C20: =SUMIF(B:B,B20,T:T) -> 6588 | E20: =SUMIFS(T:T,B:B,B20,D:D,"Y") -> 4673 | F20: =SUMIF(B47:B1066,B20,G47:G1066) -> 53 | G20: =SUMIF(B47:B1066,B20,H47:H1066) -> 24 | H20: =SUMIF(B47:B1066,B20,I47:I1066) -> 6 | I20: =SUMIF(B47:B1066,B20,P47:P1066) -> 8 | J20: =SUMIF(B47:B1066,B20,Q47:Q1066) -> 0 | K20: =SUMIF(B47:B1066,B20,R47:R1066) -> 15 | L20: =SUMIF(B47:B1066,B20,S47:S1066) -> 2 | M20: =SUMIF(B47:B1066,B20,M47:M1066) -> 33 | N20: =SUMIF(B47:B1066,B20,N47:N1066) -> 5 | O20: =SUMIF(B47:B1066,B20,O47:O1066) -> 4 | P20: =SUMIF(B47:B1066,B20,J47:J1066) -> 9 | Q20: =SUMIF(B47:B1066,B20,K47:K1066) -> 1 | R20: =SUMIF(B47:B1066,B20,L47:L1066) -> 7
C21: # of Agents | E21: ALP per sale | F21: Show Rate | G21: Close Ratio | H21: ALP/Agent | J21: POS Close | L21: VET Close | M21: REF Per Sit | O21: REF Close | Q21: OTS Close
C22: =COUNTIFS(B28:B1066,B20) -> 14 | E22: =IFERROR(C20/H20,0) -> 1098 | F22: =IFERROR((G20+R20)/F20,0) -> 0.58490566 | G22: =IFERROR(H20/G20,0) -> 0.25 | H22: =(C20/C22) -> 470.57143 | J22: =IFERROR(J20/I20,0) -> 0 | L22: =IFERROR(L20/K20,0) -> 0.13333333 | M22: =IFERROR(M20/SUM(G20+R20,0),"") -> 1.0645161 | O22: =IFERROR(O20/N20,0) -> 0.8 | Q22: =IFERROR(Q20/P20,0) -> 0.11111111
B23: Mikaela Hayes | C23: =SUMIF(B:B,B23,T:T) -> 0 | E23: =SUMIFS(T:T,B:B,B23,D:D,"Y") -> 0 | F23: =SUMIF(B50:B1066,B23,G50:G1066) -> 1 | G23: =SUMIF(B50:B1066,B23,H50:H1066) -> 1 | H23: =SUMIF(B50:B1066,B23,I50:I1066) -> 0 | I23: =SUMIF(B50:B1066,B23,P50:P1066) -> 0 | J23: =SUMIF(B50:B1066,B23,Q50:Q1066) -> 0 | K23: =SUMIF(B50:B1066,B23,R50:R1066) -> 1 | L23: =SUMIF(B50:B1066,B23,S50:S1066) -> 0 | M23: =SUMIF(B50:B1066,B23,M50:M1066) -> 0 | N23: =SUMIF(B50:B1066,B23,N50:N1066) -> 0 | O23: =SUMIF(B50:B1066,B23,O50:O1066) -> 0 | P23: =SUMIF(B50:B1066,B23,J50:J1066) -> 1 | Q23: =SUMIF(B50:B1066,B23,K50:K1066) -> 0 | R23: =SUMIF(B50:B1066,B23,L50:L1066) -> 0
C24: # of Agents | E24: ALP per sale | F24: Show Rate | G24: Close Ratio | H24: ALP/Agent | J24: POS Close | L24: VET Close | M24: REF Per Sit | O24: REF Close | Q24: OTS Close
C25: =COUNTIFS(B33:B1066,B23) -> 5 | E25: =IFERROR(C23/H23,0) -> 0 | F25: =IFERROR((G23+R23)/F23,0) -> 1 | G25: =IFERROR(H23/G23,0) -> 0 | H25: =(C23/C25) -> 0 | J25: =IFERROR(J23/I23,0) -> 0 | L25: =IFERROR(L23/K23,0) -> 0 | M25: =IFERROR(M23/SUM(G23+R23,0),"") -> 0 | O25: =IFERROR(O23/N23,0) -> 0 | Q25: =IFERROR(Q23/P23,0) -> 0
A27: MGA | B27: GA | C27: SA | E27: State | F27: Agent | G27: SETS | H27: SITS | I27: SALES | J27: OTS SITS | K27: OTS SALES | L27: N1 | M27: REF OBT | N27: REF SITS | O27: REF SALES | P27: POS SITS | Q27: POS SALES | R27: VETS SITS | S27: VET SALES | T27: ALP | U27: Close | V27: Show | W27: Code Date
A28: Ashley Rust | D28: Y | F28: Ashley Rust | G28: =('Thurs (2)'!G28+Thurs!G28+'Tues '!G28+Wed!G28+Fri!G28+'Mon '!G28+'Wed (2)'!G28+Sun!G28+Sat!G28) -> 0 | H28: =('Thurs (2)'!H28+Thurs!H28+'Tues '!H28+Wed!H28+Fri!H28+'Mon '!H28+'Wed (2)'!H28+Sun!H28+Sat!H28) -> 0 | I28: =('Thurs (2)'!I28+Thurs!I28+'Tues '!I28+Wed!I28+Fri!I28+'Mon '!I28+'Wed (2)'!I28+Sun!I28+Sat!I28) -> 0 | J28: =('Thurs (2)'!J28+Thurs!J28+'Tues '!J28+Wed!J28+Fri!J28+'Mon '!J28+'Wed (2)'!J28+Sun!J28+Sat!J28) -> 0 | K28: =('Thurs (2)'!K28+Thurs!K28+'Tues '!K28+Wed!K28+Fri!K28+'Mon '!K28+'Wed (2)'!K28+Sun!K28+Sat!K28) -> 0 | L28: =('Thurs (2)'!L28+Thurs!L28+'Tues '!L28+Wed!L28+Fri!L28+'Mon '!L28+'Wed (2)'!L28+Sun!L28+Sat!L28) -> 0 | M28: =('Thurs (2)'!M28+Thurs!M28+'Tues '!M28+Wed!M28+Fri!M28+'Mon '!M28+'Wed (2)'!M28+Sun!M28+Sat!M28) -> 0 | N28: =('Thurs (2)'!N28+Thurs!N28+'Tues '!N28+Wed!N28+Fri!N28+'Mon '!N28+'Wed (2)'!N28+Sun!N28+Sat!N28) -> 0 | ... T28: =('Thurs (2)'!T28+Thurs!T28+'Tues '!T28+Wed!T28+Fri!T28+'Mon '!T28+'Wed (2)'!T28+Sun!T28+Sat!T28) -> 0 | U28: =IFERROR(I28/H28,0) -> 0 | V28: =IFERROR(SUM(H28+L28)/G28,0) -> 0
A29: Ashley Rust | F29: Karly Kelly | G29: =('Thurs (2)'!G29+Thurs!G29+'Tues '!G29+Wed!G29+Fri!G29+'Mon '!G29+'Wed (2)'!G29+Sun!G29+Sat!G29) -> 0 | H29: =('Thurs (2)'!H29+Thurs!H29+'Tues '!H29+Wed!H29+Fri!H29+'Mon '!H29+'Wed (2)'!H29+Sun!H29+Sat!H29) -> 0 | I29: =('Thurs (2)'!I29+Thurs!I29+'Tues '!I29+Wed!I29+Fri!I29+'Mon '!I29+'Wed (2)'!I29+Sun!I29+Sat!I29) -> 0 | J29: =('Thurs (2)'!J29+Thurs!J29+'Tues '!J29+Wed!J29+Fri!J29+'Mon '!J29+'Wed (2)'!J29+Sun!J29+Sat!J29) -> 0 | K29: =('Thurs (2)'!K29+Thurs!K29+'Tues '!K29+Wed!K29+Fri!K29+'Mon '!K29+'Wed (2)'!K29+Sun!K29+Sat!K29) -> 0 | L29: =('Thurs (2)'!L29+Thurs!L29+'Tues '!L29+Wed!L29+Fri!L29+'Mon '!L29+'Wed (2)'!L29+Sun!L29+Sat!L29) -> 0 | M29: =('Thurs (2)'!M29+Thurs!M29+'Tues '!M29+Wed!M29+Fri!M29+'Mon '!M29+'Wed (2)'!M29+Sun!M29+Sat!M29) -> 0 | N29: =('Thurs (2)'!N29+Thurs!N29+'Tues '!N29+Wed!N29+Fri!N29+'Mon '!N29+'Wed (2)'!N29+Sun!N29+Sat!N29) -> 0 | ... T29: =('Thurs (2)'!T29+Thurs!T29+'Tues '!T29+Wed!T29+Fri!T29+'Mon '!T29+'Wed (2)'!T29+Sun!T29+Sat!T29) -> 0 | U29: =IFERROR(I29/H29,0) -> 0 | V29: =IFERROR(SUM(H29+L29)/G29,0) -> 0
A30: Ashley Rust | F30: Andrea Mulder | G30: =('Thurs (2)'!G30+Thurs!G30+'Tues '!G30+Wed!G30+Fri!G30+'Mon '!G30+'Wed (2)'!G30+Sun!G30+Sat!G30) -> 8 | H30: =('Thurs (2)'!H30+Thurs!H30+'Tues '!H30+Wed!H30+Fri!H30+'Mon '!H30+'Wed (2)'!H30+Sun!H30+Sat!H30) -> 5 | I30: =('Thurs (2)'!I30+Thurs!I30+'Tues '!I30+Wed!I30+Fri!I30+'Mon '!I30+'Wed (2)'!I30+Sun!I30+Sat!I30) -> 0 | J30: =('Thurs (2)'!J30+Thurs!J30+'Tues '!J30+Wed!J30+Fri!J30+'Mon '!J30+'Wed (2)'!J30+Sun!J30+Sat!J30) -> 2 | K30: =('Thurs (2)'!K30+Thurs!K30+'Tues '!K30+Wed!K30+Fri!K30+'Mon '!K30+'Wed (2)'!K30+Sun!K30+Sat!K30) -> 0 | L30: =('Thurs (2)'!L30+Thurs!L30+'Tues '!L30+Wed!L30+Fri!L30+'Mon '!L30+'Wed (2)'!L30+Sun!L30+Sat!L30) -> 4 | M30: =('Thurs (2)'!M30+Thurs!M30+'Tues '!M30+Wed!M30+Fri!M30+'Mon '!M30+'Wed (2)'!M30+Sun!M30+Sat!M30) -> 0 | N30: =('Thurs (2)'!N30+Thurs!N30+'Tues '!N30+Wed!N30+Fri!N30+'Mon '!N30+'Wed (2)'!N30+Sun!N30+Sat!N30) -> 1 | ... T30: =('Thurs (2)'!T30+Thurs!T30+'Tues '!T30+Wed!T30+Fri!T30+'Mon '!T30+'Wed (2)'!T30+Sun!T30+Sat!T30) -> 0 | U30: =IFERROR(I30/H30,0) -> 0 | V30: =IFERROR(SUM(H30+L30)/G30,0) -> 1.125
A31: Ashley Rust | B31: Karami Kovar | D31: Y | F31: Karami Kovar | G31: =('Thurs (2)'!G31+Thurs!G31+'Tues '!G31+Wed!G31+Fri!G31+'Mon '!G31+'Wed (2)'!G31+Sun!G31+Sat!G31) -> 0 | H31: =('Thurs (2)'!H31+Thurs!H31+'Tues '!H31+Wed!H31+Fri!H31+'Mon '!H31+'Wed (2)'!H31+Sun!H31+Sat!H31) -> 0 | I31: =('Thurs (2)'!I31+Thurs!I31+'Tues '!I31+Wed!I31+Fri!I31+'Mon '!I31+'Wed (2)'!I31+Sun!I31+Sat!I31) -> 0 | J31: =('Thurs (2)'!J31+Thurs!J31+'Tues '!J31+Wed!J31+Fri!J31+'Mon '!J31+'Wed (2)'!J31+Sun!J31+Sat!J31) -> 0 | K31: =('Thurs (2)'!K31+Thurs!K31+'Tues '!K31+Wed!K31+Fri!K31+'Mon '!K31+'Wed (2)'!K31+Sun!K31+Sat!K31) -> 0 | L31: =('Thurs (2)'!L31+Thurs!L31+'Tues '!L31+Wed!L31+Fri!L31+'Mon '!L31+'Wed (2)'!L31+Sun!L31+Sat!L31) -> 0 | M31: =('Thurs (2)'!M31+Thurs!M31+'Tues '!M31+Wed!M31+Fri!M31+'Mon '!M31+'Wed (2)'!M31+Sun!M31+Sat!M31) -> 0 | N31: =('Thurs (2)'!N31+Thurs!N31+'Tues '!N31+Wed!N31+Fri!N31+'Mon '!N31+'Wed (2)'!N31+Sun!N31+Sat!N31) -> 0 | ... T31: =('Thurs (2)'!T31+Thurs!T31+'Tues '!T31+Wed!T31+Fri!T31+'Mon '!T31+'Wed (2)'!T31+Sun!T31+Sat!T31) -> 0 | U31: =IFERROR(I31/H31,0) -> 0 | V31: =IFERROR(SUM(H31+L31)/G31,0) -> 0
A32: Ashley Rust | B32: Karami Kovar | F32: Bridgett McDaniels Russell | G32: =('Thurs (2)'!G32+Thurs!G32+'Tues '!G32+Wed!G32+Fri!G32+'Mon '!G32+'Wed (2)'!G32+Sun!G32+Sat!G32) -> 0 | H32: =('Thurs (2)'!H32+Thurs!H32+'Tues '!H32+Wed!H32+Fri!H32+'Mon '!H32+'Wed (2)'!H32+Sun!H32+Sat!H32) -> 0 | I32: =('Thurs (2)'!I32+Thurs!I32+'Tues '!I32+Wed!I32+Fri!I32+'Mon '!I32+'Wed (2)'!I32+Sun!I32+Sat!I32) -> 0 | J32: =('Thurs (2)'!J32+Thurs!J32+'Tues '!J32+Wed!J32+Fri!J32+'Mon '!J32+'Wed (2)'!J32+Sun!J32+Sat!J32) -> 0 | K32: =('Thurs (2)'!K32+Thurs!K32+'Tues '!K32+Wed!K32+Fri!K32+'Mon '!K32+'Wed (2)'!K32+Sun!K32+Sat!K32) -> 0 | L32: =('Thurs (2)'!L32+Thurs!L32+'Tues '!L32+Wed!L32+Fri!L32+'Mon '!L32+'Wed (2)'!L32+Sun!L32+Sat!L32) -> 0 | M32: =('Thurs (2)'!M32+Thurs!M32+'Tues '!M32+Wed!M32+Fri!M32+'Mon '!M32+'Wed (2)'!M32+Sun!M32+Sat!M32) -> 0 | N32: =('Thurs (2)'!N32+Thurs!N32+'Tues '!N32+Wed!N32+Fri!N32+'Mon '!N32+'Wed (2)'!N32+Sun!N32+Sat!N32) -> 0 | ... T32: =('Thurs (2)'!T32+Thurs!T32+'Tues '!T32+Wed!T32+Fri!T32+'Mon '!T32+'Wed (2)'!T32+Sun!T32+Sat!T32) -> 0 | U32: =IFERROR(I32/H32,0) -> 0 | V32: =IFERROR(SUM(H32+L32)/G32,0) -> 0
A33: Ashley Rust | B33: Karami Kovar | C33: Jasmine Marquez | D33: Y | F33: Jasmine Marquez | G33: =('Thurs (2)'!G33+Thurs!G33+'Tues '!G33+Wed!G33+Fri!G33+'Mon '!G33+'Wed (2)'!G33+Sun!G33+Sat!G33) -> 2 | H33: =('Thurs (2)'!H33+Thurs!H33+'Tues '!H33+Wed!H33+Fri!H33+'Mon '!H33+'Wed (2)'!H33+Sun!H33+Sat!H33) -> 1 | I33: =('Thurs (2)'!I33+Thurs!I33+'Tues '!I33+Wed!I33+Fri!I33+'Mon '!I33+'Wed (2)'!I33+Sun!I33+Sat!I33) -> 0 | J33: =('Thurs (2)'!J33+Thurs!J33+'Tues '!J33+Wed!J33+Fri!J33+'Mon '!J33+'Wed (2)'!J33+Sun!J33+Sat!J33) -> 1 | K33: =('Thurs (2)'!K33+Thurs!K33+'Tues '!K33+Wed!K33+Fri!K33+'Mon '!K33+'Wed (2)'!K33+Sun!K33+Sat!K33) -> 0 | L33: =('Thurs (2)'!L33+Thurs!L33+'Tues '!L33+Wed!L33+Fri!L33+'Mon '!L33+'Wed (2)'!L33+Sun!L33+Sat!L33) -> 1 | M33: =('Thurs (2)'!M33+Thurs!M33+'Tues '!M33+Wed!M33+Fri!M33+'Mon '!M33+'Wed (2)'!M33+Sun!M33+Sat!M33) -> 7 | N33: =('Thurs (2)'!N33+Thurs!N33+'Tues '!N33+Wed!N33+Fri!N33+'Mon '!N33+'Wed (2)'!N33+Sun!N33+Sat!N33) -> 1 | ... T33: =('Thurs (2)'!T33+Thurs!T33+'Tues '!T33+Wed!T33+Fri!T33+'Mon '!T33+'Wed (2)'!T33+Sun!T33+Sat!T33) -> 0 | U33: =IFERROR(I33/H33,0) -> 0 | V33: =IFERROR(SUM(H33+L33)/G33,0) -> 1
A34: Ashley Rust | B34: Karami Kovar | C34: Jasmine Marquez | F34: Ashley Varner-Warren | G34: =('Thurs (2)'!G34+Thurs!G34+'Tues '!G34+Wed!G34+Fri!G34+'Mon '!G34+'Wed (2)'!G34+Sun!G34+Sat!G34) -> 3 | H34: =('Thurs (2)'!H34+Thurs!H34+'Tues '!H34+Wed!H34+Fri!H34+'Mon '!H34+'Wed (2)'!H34+Sun!H34+Sat!H34) -> 0 | I34: =('Thurs (2)'!I34+Thurs!I34+'Tues '!I34+Wed!I34+Fri!I34+'Mon '!I34+'Wed (2)'!I34+Sun!I34+Sat!I34) -> 0 | J34: =('Thurs (2)'!J34+Thurs!J34+'Tues '!J34+Wed!J34+Fri!J34+'Mon '!J34+'Wed (2)'!J34+Sun!J34+Sat!J34) -> 0 | K34: =('Thurs (2)'!K34+Thurs!K34+'Tues '!K34+Wed!K34+Fri!K34+'Mon '!K34+'Wed (2)'!K34+Sun!K34+Sat!K34) -> 0 | L34: =('Thurs (2)'!L34+Thurs!L34+'Tues '!L34+Wed!L34+Fri!L34+'Mon '!L34+'Wed (2)'!L34+Sun!L34+Sat!L34) -> 0 | M34: =('Thurs (2)'!M34+Thurs!M34+'Tues '!M34+Wed!M34+Fri!M34+'Mon '!M34+'Wed (2)'!M34+Sun!M34+Sat!M34) -> 0 | N34: =('Thurs (2)'!N34+Thurs!N34+'Tues '!N34+Wed!N34+Fri!N34+'Mon '!N34+'Wed (2)'!N34+Sun!N34+Sat!N34) -> 0 | ... T34: =('Thurs (2)'!T34+Thurs!T34+'Tues '!T34+Wed!T34+Fri!T34+'Mon '!T34+'Wed (2)'!T34+Sun!T34+Sat!T34) -> 0 | U34: =IFERROR(I34/H34,0) -> 0 | V34: =IFERROR(SUM(H34+L34)/G34,0) -> 0
A35: Ashley Rust | B35: Karami Kovar | C35: Jasmine Marquez | F35: Kristen Walton | G35: =('Thurs (2)'!G35+Thurs!G35+'Tues '!G35+Wed!G35+Fri!G35+'Mon '!G35+'Wed (2)'!G35+Sun!G35+Sat!G35) -> 9 | H35: =('Thurs (2)'!H35+Thurs!H35+'Tues '!H35+Wed!H35+Fri!H35+'Mon '!H35+'Wed (2)'!H35+Sun!H35+Sat!H35) -> 3 | I35: =('Thurs (2)'!I35+Thurs!I35+'Tues '!I35+Wed!I35+Fri!I35+'Mon '!I35+'Wed (2)'!I35+Sun!I35+Sat!I35) -> 0 | J35: =('Thurs (2)'!J35+Thurs!J35+'Tues '!J35+Wed!J35+Fri!J35+'Mon '!J35+'Wed (2)'!J35+Sun!J35+Sat!J35) -> 0 | K35: =('Thurs (2)'!K35+Thurs!K35+'Tues '!K35+Wed!K35+Fri!K35+'Mon '!K35+'Wed (2)'!K35+Sun!K35+Sat!K35) -> 0 | L35: =('Thurs (2)'!L35+Thurs!L35+'Tues '!L35+Wed!L35+Fri!L35+'Mon '!L35+'Wed (2)'!L35+Sun!L35+Sat!L35) -> 1 | M35: =('Thurs (2)'!M35+Thurs!M35+'Tues '!M35+Wed!M35+Fri!M35+'Mon '!M35+'Wed (2)'!M35+Sun!M35+Sat!M35) -> 22 | N35: =('Thurs (2)'!N35+Thurs!N35+'Tues '!N35+Wed!N35+Fri!N35+'Mon '!N35+'Wed (2)'!N35+Sun!N35+Sat!N35) -> 0 | ... T35: =('Thurs (2)'!T35+Thurs!T35+'Tues '!T35+Wed!T35+Fri!T35+'Mon '!T35+'Wed (2)'!T35+Sun!T35+Sat!T35) -> 0 | U35: =IFERROR(I35/H35,0) -> 0 | V35: =IFERROR(SUM(H35+L35)/G35,0) -> 0.44444444
A36: Ashley Rust | B36: Karami Kovar | C36: Jasmine Marquez | F36: Sara Subo | G36: =('Thurs (2)'!G36+Thurs!G36+'Tues '!G36+Wed!G36+Fri!G36+'Mon '!G36+'Wed (2)'!G36+Sun!G36+Sat!G36) -> 0 | H36: =('Thurs (2)'!H36+Thurs!H36+'Tues '!H36+Wed!H36+Fri!H36+'Mon '!H36+'Wed (2)'!H36+Sun!H36+Sat!H36) -> 0 | I36: =('Thurs (2)'!I36+Thurs!I36+'Tues '!I36+Wed!I36+Fri!I36+'Mon '!I36+'Wed (2)'!I36+Sun!I36+Sat!I36) -> 0 | J36: =('Thurs (2)'!J36+Thurs!J36+'Tues '!J36+Wed!J36+Fri!J36+'Mon '!J36+'Wed (2)'!J36+Sun!J36+Sat!J36) -> 0 | K36: =('Thurs (2)'!K36+Thurs!K36+'Tues '!K36+Wed!K36+Fri!K36+'Mon '!K36+'Wed (2)'!K36+Sun!K36+Sat!K36) -> 0 | L36: =('Thurs (2)'!L36+Thurs!L36+'Tues '!L36+Wed!L36+Fri!L36+'Mon '!L36+'Wed (2)'!L36+Sun!L36+Sat!L36) -> 0 | M36: =('Thurs (2)'!M36+Thurs!M36+'Tues '!M36+Wed!M36+Fri!M36+'Mon '!M36+'Wed (2)'!M36+Sun!M36+Sat!M36) -> 0 | N36: =('Thurs (2)'!N36+Thurs!N36+'Tues '!N36+Wed!N36+Fri!N36+'Mon '!N36+'Wed (2)'!N36+Sun!N36+Sat!N36) -> 0 | ... T36: =('Thurs (2)'!T36+Thurs!T36+'Tues '!T36+Wed!T36+Fri!T36+'Mon '!T36+'Wed (2)'!T36+Sun!T36+Sat!T36) -> 0 | U36: =IFERROR(I36/H36,0) -> 0 | V36: =IFERROR(SUM(H36+L36)/G36,0) -> 0
A37: Ashley Rust | B37: Karami Kovar | C37: Jasmine Marquez | F37: Thomas Kirk | G37: =('Thurs (2)'!G37+Thurs!G37+'Tues '!G37+Wed!G37+Fri!G37+'Mon '!G37+'Wed (2)'!G37+Sun!G37+Sat!G37) -> 1 | H37: =('Thurs (2)'!H37+Thurs!H37+'Tues '!H37+Wed!H37+Fri!H37+'Mon '!H37+'Wed (2)'!H37+Sun!H37+Sat!H37) -> 1 | I37: =('Thurs (2)'!I37+Thurs!I37+'Tues '!I37+Wed!I37+Fri!I37+'Mon '!I37+'Wed (2)'!I37+Sun!I37+Sat!I37) -> 1 | J37: =('Thurs (2)'!J37+Thurs!J37+'Tues '!J37+Wed!J37+Fri!J37+'Mon '!J37+'Wed (2)'!J37+Sun!J37+Sat!J37) -> 0 | K37: =('Thurs (2)'!K37+Thurs!K37+'Tues '!K37+Wed!K37+Fri!K37+'Mon '!K37+'Wed (2)'!K37+Sun!K37+Sat!K37) -> 0 | L37: =('Thurs (2)'!L37+Thurs!L37+'Tues '!L37+Wed!L37+Fri!L37+'Mon '!L37+'Wed (2)'!L37+Sun!L37+Sat!L37) -> 0 | M37: =('Thurs (2)'!M37+Thurs!M37+'Tues '!M37+Wed!M37+Fri!M37+'Mon '!M37+'Wed (2)'!M37+Sun!M37+Sat!M37) -> 3 | N37: =('Thurs (2)'!N37+Thurs!N37+'Tues '!N37+Wed!N37+Fri!N37+'Mon '!N37+'Wed (2)'!N37+Sun!N37+Sat!N37) -> 1 | ... T37: =('Thurs (2)'!T37+Thurs!T37+'Tues '!T37+Wed!T37+Fri!T37+'Mon '!T37+'Wed (2)'!T37+Sun!T37+Sat!T37) -> 670 | U37: =IFERROR(I37/H37,0) -> 1 | V37: =IFERROR(SUM(H37+L37)/G37,0) -> 1
A38: Ashley Rust | B38: Karami Kovar | C38: Jasmine Marquez | F38: Isabela Maneiro | G38: =('Thurs (2)'!G38+Thurs!G38+'Tues '!G38+Wed!G38+Fri!G38+'Mon '!G38+'Wed (2)'!G38+Sun!G38+Sat!G38) -> 10 | H38: =('Thurs (2)'!H38+Thurs!H38+'Tues '!H38+Wed!H38+Fri!H38+'Mon '!H38+'Wed (2)'!H38+Sun!H38+Sat!H38) -> 3 | I38: =('Thurs (2)'!I38+Thurs!I38+'Tues '!I38+Wed!I38+Fri!I38+'Mon '!I38+'Wed (2)'!I38+Sun!I38+Sat!I38) -> 0 | J38: =('Thurs (2)'!J38+Thurs!J38+'Tues '!J38+Wed!J38+Fri!J38+'Mon '!J38+'Wed (2)'!J38+Sun!J38+Sat!J38) -> 1 | K38: =('Thurs (2)'!K38+Thurs!K38+'Tues '!K38+Wed!K38+Fri!K38+'Mon '!K38+'Wed (2)'!K38+Sun!K38+Sat!K38) -> 0 | L38: =('Thurs (2)'!L38+Thurs!L38+'Tues '!L38+Wed!L38+Fri!L38+'Mon '!L38+'Wed (2)'!L38+Sun!L38+Sat!L38) -> 0 | M38: =('Thurs (2)'!M38+Thurs!M38+'Tues '!M38+Wed!M38+Fri!M38+'Mon '!M38+'Wed (2)'!M38+Sun!M38+Sat!M38) -> 14 | N38: =('Thurs (2)'!N38+Thurs!N38+'Tues '!N38+Wed!N38+Fri!N38+'Mon '!N38+'Wed (2)'!N38+Sun!N38+Sat!N38) -> 1 | ... T38: =('Thurs (2)'!T38+Thurs!T38+'Tues '!T38+Wed!T38+Fri!T38+'Mon '!T38+'Wed (2)'!T38+Sun!T38+Sat!T38) -> 0 | U38: =IFERROR(I38/H38,0) -> 0 | V38: =IFERROR(SUM(H38+L38)/G38,0) -> 0.3
A39: Ashley Rust | B39: Karami Kovar | C39: Ryan Cummings | D39: Y | F39: Ryan Cummings | G39: =('Thurs (2)'!G39+Thurs!G39+'Tues '!G39+Wed!G39+Fri!G39+'Mon '!G39+'Wed (2)'!G39+Sun!G39+Sat!G39) -> 0 | H39: =('Thurs (2)'!H39+Thurs!H39+'Tues '!H39+Wed!H39+Fri!H39+'Mon '!H39+'Wed (2)'!H39+Sun!H39+Sat!H39) -> 0 | I39: =('Thurs (2)'!I39+Thurs!I39+'Tues '!I39+Wed!I39+Fri!I39+'Mon '!I39+'Wed (2)'!I39+Sun!I39+Sat!I39) -> 0 | J39: =('Thurs (2)'!J39+Thurs!J39+'Tues '!J39+Wed!J39+Fri!J39+'Mon '!J39+'Wed (2)'!J39+Sun!J39+Sat!J39) -> 0 | K39: =('Thurs (2)'!K39+Thurs!K39+'Tues '!K39+Wed!K39+Fri!K39+'Mon '!K39+'Wed (2)'!K39+Sun!K39+Sat!K39) -> 0 | L39: =('Thurs (2)'!L39+Thurs!L39+'Tues '!L39+Wed!L39+Fri!L39+'Mon '!L39+'Wed (2)'!L39+Sun!L39+Sat!L39) -> 0 | M39: =('Thurs (2)'!M39+Thurs!M39+'Tues '!M39+Wed!M39+Fri!M39+'Mon '!M39+'Wed (2)'!M39+Sun!M39+Sat!M39) -> 0 | N39: =('Thurs (2)'!N39+Thurs!N39+'Tues '!N39+Wed!N39+Fri!N39+'Mon '!N39+'Wed (2)'!N39+Sun!N39+Sat!N39) -> 0 | ... T39: =('Thurs (2)'!T39+Thurs!T39+'Tues '!T39+Wed!T39+Fri!T39+'Mon '!T39+'Wed (2)'!T39+Sun!T39+Sat!T39) -> 0 | U39: =IFERROR(I39/H39,0) -> 0 | V39: =IFERROR(SUM(H39+L39)/G39,0) -> 0
A40: Ashley Rust | B40: Karami Kovar | C40: Ryan Cummings | F40: Charlie Hudson | G40: =('Thurs (2)'!G40+Thurs!G40+'Tues '!G40+Wed!G40+Fri!G40+'Mon '!G40+'Wed (2)'!G40+Sun!G40+Sat!G40) -> 0 | H40: =('Thurs (2)'!H40+Thurs!H40+'Tues '!H40+Wed!H40+Fri!H40+'Mon '!H40+'Wed (2)'!H40+Sun!H40+Sat!H40) -> 0 | I40: =('Thurs (2)'!I40+Thurs!I40+'Tues '!I40+Wed!I40+Fri!I40+'Mon '!I40+'Wed (2)'!I40+Sun!I40+Sat!I40) -> 0 | J40: =('Thurs (2)'!J40+Thurs!J40+'Tues '!J40+Wed!J40+Fri!J40+'Mon '!J40+'Wed (2)'!J40+Sun!J40+Sat!J40) -> 0 | K40: =('Thurs (2)'!K40+Thurs!K40+'Tues '!K40+Wed!K40+Fri!K40+'Mon '!K40+'Wed (2)'!K40+Sun!K40+Sat!K40) -> 0 | L40: =('Thurs (2)'!L40+Thurs!L40+'Tues '!L40+Wed!L40+Fri!L40+'Mon '!L40+'Wed (2)'!L40+Sun!L40+Sat!L40) -> 0 | M40: =('Thurs (2)'!M40+Thurs!M40+'Tues '!M40+Wed!M40+Fri!M40+'Mon '!M40+'Wed (2)'!M40+Sun!M40+Sat!M40) -> 0 | N40: =('Thurs (2)'!N40+Thurs!N40+'Tues '!N40+Wed!N40+Fri!N40+'Mon '!N40+'Wed (2)'!N40+Sun!N40+Sat!N40) -> 0 | ... T40: =('Thurs (2)'!T40+Thurs!T40+'Tues '!T40+Wed!T40+Fri!T40+'Mon '!T40+'Wed (2)'!T40+Sun!T40+Sat!T40) -> 0 | U40: =IFERROR(I40/H40,0) -> 0 | V40: =IFERROR(SUM(H40+L40)/G40,0) -> 0
A41: Ashley Rust | B41: Karami Kovar | C41: Ryan Cummings | F41: Bayle Kizer | G41: =('Thurs (2)'!G41+Thurs!G41+'Tues '!G41+Wed!G41+Fri!G41+'Mon '!G41+'Wed (2)'!G41+Sun!G41+Sat!G41) -> 0 | H41: =('Thurs (2)'!H41+Thurs!H41+'Tues '!H41+Wed!H41+Fri!H41+'Mon '!H41+'Wed (2)'!H41+Sun!H41+Sat!H41) -> 0 | I41: =('Thurs (2)'!I41+Thurs!I41+'Tues '!I41+Wed!I41+Fri!I41+'Mon '!I41+'Wed (2)'!I41+Sun!I41+Sat!I41) -> 0 | J41: =('Thurs (2)'!J41+Thurs!J41+'Tues '!J41+Wed!J41+Fri!J41+'Mon '!J41+'Wed (2)'!J41+Sun!J41+Sat!J41) -> 0 | K41: =('Thurs (2)'!K41+Thurs!K41+'Tues '!K41+Wed!K41+Fri!K41+'Mon '!K41+'Wed (2)'!K41+Sun!K41+Sat!K41) -> 0 | L41: =('Thurs (2)'!L41+Thurs!L41+'Tues '!L41+Wed!L41+Fri!L41+'Mon '!L41+'Wed (2)'!L41+Sun!L41+Sat!L41) -> 0 | M41: =('Thurs (2)'!M41+Thurs!M41+'Tues '!M41+Wed!M41+Fri!M41+'Mon '!M41+'Wed (2)'!M41+Sun!M41+Sat!M41) -> 0 | N41: =('Thurs (2)'!N41+Thurs!N41+'Tues '!N41+Wed!N41+Fri!N41+'Mon '!N41+'Wed (2)'!N41+Sun!N41+Sat!N41) -> 0 | ... T41: =('Thurs (2)'!T41+Thurs!T41+'Tues '!T41+Wed!T41+Fri!T41+'Mon '!T41+'Wed (2)'!T41+Sun!T41+Sat!T41) -> 0 | U41: =IFERROR(I41/H41,0) -> 0 | V41: =IFERROR(SUM(H41+L41)/G41,0) -> 0
A42: Ashley Rust | B42: Troy Williams | D42: Y | F42: Troy Williams | G42: =('Thurs (2)'!G42+Thurs!G42+'Tues '!G42+Wed!G42+Fri!G42+'Mon '!G42+'Wed (2)'!G42+Sun!G42+Sat!G42) -> 0 | H42: =('Thurs (2)'!H42+Thurs!H42+'Tues '!H42+Wed!H42+Fri!H42+'Mon '!H42+'Wed (2)'!H42+Sun!H42+Sat!H42) -> 0 | I42: =('Thurs (2)'!I42+Thurs!I42+'Tues '!I42+Wed!I42+Fri!I42+'Mon '!I42+'Wed (2)'!I42+Sun!I42+Sat!I42) -> 0 | J42: =('Thurs (2)'!J42+Thurs!J42+'Tues '!J42+Wed!J42+Fri!J42+'Mon '!J42+'Wed (2)'!J42+Sun!J42+Sat!J42) -> 0 | K42: =('Thurs (2)'!K42+Thurs!K42+'Tues '!K42+Wed!K42+Fri!K42+'Mon '!K42+'Wed (2)'!K42+Sun!K42+Sat!K42) -> 0 | L42: =('Thurs (2)'!L42+Thurs!L42+'Tues '!L42+Wed!L42+Fri!L42+'Mon '!L42+'Wed (2)'!L42+Sun!L42+Sat!L42) -> 0 | M42: =('Thurs (2)'!M42+Thurs!M42+'Tues '!M42+Wed!M42+Fri!M42+'Mon '!M42+'Wed (2)'!M42+Sun!M42+Sat!M42) -> 0 | N42: =('Thurs (2)'!N42+Thurs!N42+'Tues '!N42+Wed!N42+Fri!N42+'Mon '!N42+'Wed (2)'!N42+Sun!N42+Sat!N42) -> 0 | ... T42: =('Thurs (2)'!T42+Thurs!T42+'Tues '!T42+Wed!T42+Fri!T42+'Mon '!T42+'Wed (2)'!T42+Sun!T42+Sat!T42) -> 0 | U42: =IFERROR(I42/H42,0) -> 0 | V42: =IFERROR(SUM(H42+L42)/G42,0) -> 0
A43: Ashley Rust | B43: Troy Williams | F43: Janice Elgedawy | G43: =('Thurs (2)'!G43+Thurs!G43+'Tues '!G43+Wed!G43+Fri!G43+'Mon '!G43+'Wed (2)'!G43+Sun!G43+Sat!G43) -> 0 | H43: =('Thurs (2)'!H43+Thurs!H43+'Tues '!H43+Wed!H43+Fri!H43+'Mon '!H43+'Wed (2)'!H43+Sun!H43+Sat!H43) -> 0 | I43: =('Thurs (2)'!I43+Thurs!I43+'Tues '!I43+Wed!I43+Fri!I43+'Mon '!I43+'Wed (2)'!I43+Sun!I43+Sat!I43) -> 0 | J43: =('Thurs (2)'!J43+Thurs!J43+'Tues '!J43+Wed!J43+Fri!J43+'Mon '!J43+'Wed (2)'!J43+Sun!J43+Sat!J43) -> 0 | K43: =('Thurs (2)'!K43+Thurs!K43+'Tues '!K43+Wed!K43+Fri!K43+'Mon '!K43+'Wed (2)'!K43+Sun!K43+Sat!K43) -> 0 | L43: =('Thurs (2)'!L43+Thurs!L43+'Tues '!L43+Wed!L43+Fri!L43+'Mon '!L43+'Wed (2)'!L43+Sun!L43+Sat!L43) -> 0 | M43: =('Thurs (2)'!M43+Thurs!M43+'Tues '!M43+Wed!M43+Fri!M43+'Mon '!M43+'Wed (2)'!M43+Sun!M43+Sat!M43) -> 0 | N43: =('Thurs (2)'!N43+Thurs!N43+'Tues '!N43+Wed!N43+Fri!N43+'Mon '!N43+'Wed (2)'!N43+Sun!N43+Sat!N43) -> 0 | ... T43: =('Thurs (2)'!T43+Thurs!T43+'Tues '!T43+Wed!T43+Fri!T43+'Mon '!T43+'Wed (2)'!T43+Sun!T43+Sat!T43) -> 0 | U43: =IFERROR(I43/H43,0) -> 0 | V43: =IFERROR(SUM(H43+L43)/G43,0) -> 0
A44: Ashley Rust | B44: Troy Williams | F44: Garland Simrel | G44: =('Thurs (2)'!G44+Thurs!G44+'Tues '!G44+Wed!G44+Fri!G44+'Mon '!G44+'Wed (2)'!G44+Sun!G44+Sat!G44) -> 0 | H44: =('Thurs (2)'!H44+Thurs!H44+'Tues '!H44+Wed!H44+Fri!H44+'Mon '!H44+'Wed (2)'!H44+Sun!H44+Sat!H44) -> 0 | I44: =('Thurs (2)'!I44+Thurs!I44+'Tues '!I44+Wed!I44+Fri!I44+'Mon '!I44+'Wed (2)'!I44+Sun!I44+Sat!I44) -> 0 | J44: =('Thurs (2)'!J44+Thurs!J44+'Tues '!J44+Wed!J44+Fri!J44+'Mon '!J44+'Wed (2)'!J44+Sun!J44+Sat!J44) -> 0 | K44: =('Thurs (2)'!K44+Thurs!K44+'Tues '!K44+Wed!K44+Fri!K44+'Mon '!K44+'Wed (2)'!K44+Sun!K44+Sat!K44) -> 0 | L44: =('Thurs (2)'!L44+Thurs!L44+'Tues '!L44+Wed!L44+Fri!L44+'Mon '!L44+'Wed (2)'!L44+Sun!L44+Sat!L44) -> 0 | M44: =('Thurs (2)'!M44+Thurs!M44+'Tues '!M44+Wed!M44+Fri!M44+'Mon '!M44+'Wed (2)'!M44+Sun!M44+Sat!M44) -> 0 | N44: =('Thurs (2)'!N44+Thurs!N44+'Tues '!N44+Wed!N44+Fri!N44+'Mon '!N44+'Wed (2)'!N44+Sun!N44+Sat!N44) -> 0 | ... T44: =('Thurs (2)'!T44+Thurs!T44+'Tues '!T44+Wed!T44+Fri!T44+'Mon '!T44+'Wed (2)'!T44+Sun!T44+Sat!T44) -> 0 | U44: =IFERROR(I44/H44,0) -> 0 | V44: =IFERROR(SUM(H44+L44)/G44,0) -> 0
A45: Ashley Rust | B45: Troy Williams | F45: Sherita Thompson | G45: =('Thurs (2)'!G45+Thurs!G45+'Tues '!G45+Wed!G45+Fri!G45+'Mon '!G45+'Wed (2)'!G45+Sun!G45+Sat!G45) -> 0 | H45: =('Thurs (2)'!H45+Thurs!H45+'Tues '!H45+Wed!H45+Fri!H45+'Mon '!H45+'Wed (2)'!H45+Sun!H45+Sat!H45) -> 0 | I45: =('Thurs (2)'!I45+Thurs!I45+'Tues '!I45+Wed!I45+Fri!I45+'Mon '!I45+'Wed (2)'!I45+Sun!I45+Sat!I45) -> 0 | J45: =('Thurs (2)'!J45+Thurs!J45+'Tues '!J45+Wed!J45+Fri!J45+'Mon '!J45+'Wed (2)'!J45+Sun!J45+Sat!J45) -> 0 | K45: =('Thurs (2)'!K45+Thurs!K45+'Tues '!K45+Wed!K45+Fri!K45+'Mon '!K45+'Wed (2)'!K45+Sun!K45+Sat!K45) -> 0 | L45: =('Thurs (2)'!L45+Thurs!L45+'Tues '!L45+Wed!L45+Fri!L45+'Mon '!L45+'Wed (2)'!L45+Sun!L45+Sat!L45) -> 0 | M45: =('Thurs (2)'!M45+Thurs!M45+'Tues '!M45+Wed!M45+Fri!M45+'Mon '!M45+'Wed (2)'!M45+Sun!M45+Sat!M45) -> 0 | N45: =('Thurs (2)'!N45+Thurs!N45+'Tues '!N45+Wed!N45+Fri!N45+'Mon '!N45+'Wed (2)'!N45+Sun!N45+Sat!N45) -> 0 | ... T45: =('Thurs (2)'!T45+Thurs!T45+'Tues '!T45+Wed!T45+Fri!T45+'Mon '!T45+'Wed (2)'!T45+Sun!T45+Sat!T45) -> 0 | U45: =IFERROR(I45/H45,0) -> 0 | V45: =IFERROR(SUM(H45+L45)/G45,0) -> 0
A46: Ashley Rust | B46: Troy Williams | F46: Kay Finch | G46: =('Thurs (2)'!G46+Thurs!G46+'Tues '!G46+Wed!G46+Fri!G46+'Mon '!G46+'Wed (2)'!G46+Sun!G46+Sat!G46) -> 0 | H46: =('Thurs (2)'!H46+Thurs!H46+'Tues '!H46+Wed!H46+Fri!H46+'Mon '!H46+'Wed (2)'!H46+Sun!H46+Sat!H46) -> 0 | I46: =('Thurs (2)'!I46+Thurs!I46+'Tues '!I46+Wed!I46+Fri!I46+'Mon '!I46+'Wed (2)'!I46+Sun!I46+Sat!I46) -> 0 | J46: =('Thurs (2)'!J46+Thurs!J46+'Tues '!J46+Wed!J46+Fri!J46+'Mon '!J46+'Wed (2)'!J46+Sun!J46+Sat!J46) -> 0 | K46: =('Thurs (2)'!K46+Thurs!K46+'Tues '!K46+Wed!K46+Fri!K46+'Mon '!K46+'Wed (2)'!K46+Sun!K46+Sat!K46) -> 0 | L46: =('Thurs (2)'!L46+Thurs!L46+'Tues '!L46+Wed!L46+Fri!L46+'Mon '!L46+'Wed (2)'!L46+Sun!L46+Sat!L46) -> 0 | M46: =('Thurs (2)'!M46+Thurs!M46+'Tues '!M46+Wed!M46+Fri!M46+'Mon '!M46+'Wed (2)'!M46+Sun!M46+Sat!M46) -> 0 | N46: =('Thurs (2)'!N46+Thurs!N46+'Tues '!N46+Wed!N46+Fri!N46+'Mon '!N46+'Wed (2)'!N46+Sun!N46+Sat!N46) -> 0 | ... T46: =('Thurs (2)'!T46+Thurs!T46+'Tues '!T46+Wed!T46+Fri!T46+'Mon '!T46+'Wed (2)'!T46+Sun!T46+Sat!T46) -> 0 | U46: =IFERROR(I46/H46,0) -> 0 | V46: =IFERROR(SUM(H46+L46)/G46,0) -> 0
A47: MGA | B47: GA | C47: SA | E47: State | F47: Agent | G47: SETS | H47: SITS | I47: SALES | J47: OTS SITS | K47: OTS SALES | L47: N1 | M47: REF OBT | N47: REF SITS | O47: REF SALES | P47: POS SITS | Q47: POS SALES | R47: VETS SITS | S47: VET SALES | T47: ALP | U47: Close | V47: Show
A48: Joy Vann-Austin | D48: Y | F48: Joy Vann-Austin | G48: =('Thurs (2)'!G48+Thurs!G48+'Tues '!G48+Wed!G48+Fri!G48+'Mon '!G48+'Wed (2)'!G48+Sun!G48+Sat!G48) -> 0 | H48: =('Thurs (2)'!H48+Thurs!H48+'Tues '!H48+Wed!H48+Fri!H48+'Mon '!H48+'Wed (2)'!H48+Sun!H48+Sat!H48) -> 0 | I48: =('Thurs (2)'!I48+Thurs!I48+'Tues '!I48+Wed!I48+Fri!I48+'Mon '!I48+'Wed (2)'!I48+Sun!I48+Sat!I48) -> 0 | J48: =('Thurs (2)'!J48+Thurs!J48+'Tues '!J48+Wed!J48+Fri!J48+'Mon '!J48+'Wed (2)'!J48+Sun!J48+Sat!J48) -> 0 | K48: =('Thurs (2)'!K48+Thurs!K48+'Tues '!K48+Wed!K48+Fri!K48+'Mon '!K48+'Wed (2)'!K48+Sun!K48+Sat!K48) -> 0 | L48: =('Thurs (2)'!L48+Thurs!L48+'Tues '!L48+Wed!L48+Fri!L48+'Mon '!L48+'Wed (2)'!L48+Sun!L48+Sat!L48) -> 0 | M48: =('Thurs (2)'!M48+Thurs!M48+'Tues '!M48+Wed!M48+Fri!M48+'Mon '!M48+'Wed (2)'!M48+Sun!M48+Sat!M48) -> 0 | N48: =('Thurs (2)'!N48+Thurs!N48+'Tues '!N48+Wed!N48+Fri!N48+'Mon '!N48+'Wed (2)'!N48+Sun!N48+Sat!N48) -> 0 | ... T48: =('Thurs (2)'!T48+Thurs!T48+'Tues '!T48+Wed!T48+Fri!T48+'Mon '!T48+'Wed (2)'!T48+Sun!T48+Sat!T48) -> 0 | U48: =IFERROR(I48/H48,0) -> 0 | V48: =IFERROR(SUM(H48+L48)/G48,0) -> 0
A49: Joy Vann-Austin | F49: Courtney Morse | G49: =('Thurs (2)'!G49+Thurs!G49+'Tues '!G49+Wed!G49+Fri!G49+'Mon '!G49+'Wed (2)'!G49+Sun!G49+Sat!G49) -> 0 | H49: =('Thurs (2)'!H49+Thurs!H49+'Tues '!H49+Wed!H49+Fri!H49+'Mon '!H49+'Wed (2)'!H49+Sun!H49+Sat!H49) -> 0 | I49: =('Thurs (2)'!I49+Thurs!I49+'Tues '!I49+Wed!I49+Fri!I49+'Mon '!I49+'Wed (2)'!I49+Sun!I49+Sat!I49) -> 0 | J49: =('Thurs (2)'!J49+Thurs!J49+'Tues '!J49+Wed!J49+Fri!J49+'Mon '!J49+'Wed (2)'!J49+Sun!J49+Sat!J49) -> 0 | K49: =('Thurs (2)'!K49+Thurs!K49+'Tues '!K49+Wed!K49+Fri!K49+'Mon '!K49+'Wed (2)'!K49+Sun!K49+Sat!K49) -> 0 | L49: =('Thurs (2)'!L49+Thurs!L49+'Tues '!L49+Wed!L49+Fri!L49+'Mon '!L49+'Wed (2)'!L49+Sun!L49+Sat!L49) -> 0 | M49: =('Thurs (2)'!M49+Thurs!M49+'Tues '!M49+Wed!M49+Fri!M49+'Mon '!M49+'Wed (2)'!M49+Sun!M49+Sat!M49) -> 0 | N49: =('Thurs (2)'!N49+Thurs!N49+'Tues '!N49+Wed!N49+Fri!N49+'Mon '!N49+'Wed (2)'!N49+Sun!N49+Sat!N49) -> 0 | ... T49: =('Thurs (2)'!T49+Thurs!T49+'Tues '!T49+Wed!T49+Fri!T49+'Mon '!T49+'Wed (2)'!T49+Sun!T49+Sat!T49) -> 0 | U49: =IFERROR(I49/H49,0) -> 0 | V49: =IFERROR(SUM(H49+L49)/G49,0) -> 0
A50: Joy Vann-Austin | C50: Shayla Williamson | D50: Y | F50: Shayla Williamson | G50: =('Thurs (2)'!G50+Thurs!G50+'Tues '!G50+Wed!G50+Fri!G50+'Mon '!G50+'Wed (2)'!G50+Sun!G50+Sat!G50) -> 7 | H50: =('Thurs (2)'!H50+Thurs!H50+'Tues '!H50+Wed!H50+Fri!H50+'Mon '!H50+'Wed (2)'!H50+Sun!H50+Sat!H50) -> 4 | I50: =('Thurs (2)'!I50+Thurs!I50+'Tues '!I50+Wed!I50+Fri!I50+'Mon '!I50+'Wed (2)'!I50+Sun!I50+Sat!I50) -> 1 | J50: =('Thurs (2)'!J50+Thurs!J50+'Tues '!J50+Wed!J50+Fri!J50+'Mon '!J50+'Wed (2)'!J50+Sun!J50+Sat!J50) -> 2 | K50: =('Thurs (2)'!K50+Thurs!K50+'Tues '!K50+Wed!K50+Fri!K50+'Mon '!K50+'Wed (2)'!K50+Sun!K50+Sat!K50) -> 0 | L50: =('Thurs (2)'!L50+Thurs!L50+'Tues '!L50+Wed!L50+Fri!L50+'Mon '!L50+'Wed (2)'!L50+Sun!L50+Sat!L50) -> 2 | M50: =('Thurs (2)'!M50+Thurs!M50+'Tues '!M50+Wed!M50+Fri!M50+'Mon '!M50+'Wed (2)'!M50+Sun!M50+Sat!M50) -> 7 | N50: =('Thurs (2)'!N50+Thurs!N50+'Tues '!N50+Wed!N50+Fri!N50+'Mon '!N50+'Wed (2)'!N50+Sun!N50+Sat!N50) -> 0 | ... T50: =('Thurs (2)'!T50+Thurs!T50+'Tues '!T50+Wed!T50+Fri!T50+'Mon '!T50+'Wed (2)'!T50+Sun!T50+Sat!T50) -> 774 | U50: =IFERROR(I50/H50,0) -> 0.25 | V50: =IFERROR(SUM(H50+L50)/G50,0) -> 0.85714286
A51: Joy Vann-Austin | C51: Shayla Williamson | F51: Jared Kelly | G51: =('Thurs (2)'!G51+Thurs!G51+'Tues '!G51+Wed!G51+Fri!G51+'Mon '!G51+'Wed (2)'!G51+Sun!G51+Sat!G51) -> 0 | H51: =('Thurs (2)'!H51+Thurs!H51+'Tues '!H51+Wed!H51+Fri!H51+'Mon '!H51+'Wed (2)'!H51+Sun!H51+Sat!H51) -> 0 | I51: =('Thurs (2)'!I51+Thurs!I51+'Tues '!I51+Wed!I51+Fri!I51+'Mon '!I51+'Wed (2)'!I51+Sun!I51+Sat!I51) -> 0 | J51: =('Thurs (2)'!J51+Thurs!J51+'Tues '!J51+Wed!J51+Fri!J51+'Mon '!J51+'Wed (2)'!J51+Sun!J51+Sat!J51) -> 0 | K51: =('Thurs (2)'!K51+Thurs!K51+'Tues '!K51+Wed!K51+Fri!K51+'Mon '!K51+'Wed (2)'!K51+Sun!K51+Sat!K51) -> 0 | L51: =('Thurs (2)'!L51+Thurs!L51+'Tues '!L51+Wed!L51+Fri!L51+'Mon '!L51+'Wed (2)'!L51+Sun!L51+Sat!L51) -> 0 | M51: =('Thurs (2)'!M51+Thurs!M51+'Tues '!M51+Wed!M51+Fri!M51+'Mon '!M51+'Wed (2)'!M51+Sun!M51+Sat!M51) -> 0 | N51: =('Thurs (2)'!N51+Thurs!N51+'Tues '!N51+Wed!N51+Fri!N51+'Mon '!N51+'Wed (2)'!N51+Sun!N51+Sat!N51) -> 0 | ... T51: =('Thurs (2)'!T51+Thurs!T51+'Tues '!T51+Wed!T51+Fri!T51+'Mon '!T51+'Wed (2)'!T51+Sun!T51+Sat!T51) -> 0 | U51: =IFERROR(I51/H51,0) -> 0 | V51: =IFERROR(SUM(H51+L51)/G51,0) -> 0
A52: MGA | B52: GA | C52: SA | E52: State | F52: Agent | G52: SETS | H52: SITS | I52: SALES | J52: OTS SITS | K52: OTS SALES | L52: N1 | M52: REF OBT | N52: REF SITS | O52: REF SALES | P52: POS SITS | Q52: POS SALES | R52: VETS SITS | S52: VET SALES | T52: ALP | U52: Close | V52: Show
A53: Torian Fields | D53: Y | F53: Torian Fields | G53: =('Thurs (2)'!G53+Thurs!G53+'Tues '!G53+Wed!G53+Fri!G53+'Mon '!G53+'Wed (2)'!G53+Sun!G53+Sat!G53) -> 0 | H53: =('Thurs (2)'!H53+Thurs!H53+'Tues '!H53+Wed!H53+Fri!H53+'Mon '!H53+'Wed (2)'!H53+Sun!H53+Sat!H53) -> 0 | I53: =('Thurs (2)'!I53+Thurs!I53+'Tues '!I53+Wed!I53+Fri!I53+'Mon '!I53+'Wed (2)'!I53+Sun!I53+Sat!I53) -> 0 | J53: =('Thurs (2)'!J53+Thurs!J53+'Tues '!J53+Wed!J53+Fri!J53+'Mon '!J53+'Wed (2)'!J53+Sun!J53+Sat!J53) -> 0 | K53: =('Thurs (2)'!K53+Thurs!K53+'Tues '!K53+Wed!K53+Fri!K53+'Mon '!K53+'Wed (2)'!K53+Sun!K53+Sat!K53) -> 0 | L53: =('Thurs (2)'!L53+Thurs!L53+'Tues '!L53+Wed!L53+Fri!L53+'Mon '!L53+'Wed (2)'!L53+Sun!L53+Sat!L53) -> 0 | M53: =('Thurs (2)'!M53+Thurs!M53+'Tues '!M53+Wed!M53+Fri!M53+'Mon '!M53+'Wed (2)'!M53+Sun!M53+Sat!M53) -> 0 | N53: =('Thurs (2)'!N53+Thurs!N53+'Tues '!N53+Wed!N53+Fri!N53+'Mon '!N53+'Wed (2)'!N53+Sun!N53+Sat!N53) -> 0 | ... T53: =('Thurs (2)'!T53+Thurs!T53+'Tues '!T53+Wed!T53+Fri!T53+'Mon '!T53+'Wed (2)'!T53+Sun!T53+Sat!T53) -> 0 | U53: =IFERROR(I53/H53,0) -> 0 | V53: =IFERROR(SUM(H53+L53)/G53,0) -> 0
A54: Torian Fields | F54: Martin Austin | G54: =('Thurs (2)'!G54+Thurs!G54+'Tues '!G54+Wed!G54+Fri!G54+'Mon '!G54+'Wed (2)'!G54+Sun!G54+Sat!G54) -> 0 | H54: =('Thurs (2)'!H54+Thurs!H54+'Tues '!H54+Wed!H54+Fri!H54+'Mon '!H54+'Wed (2)'!H54+Sun!H54+Sat!H54) -> 0 | I54: =('Thurs (2)'!I54+Thurs!I54+'Tues '!I54+Wed!I54+Fri!I54+'Mon '!I54+'Wed (2)'!I54+Sun!I54+Sat!I54) -> 0 | J54: =('Thurs (2)'!J54+Thurs!J54+'Tues '!J54+Wed!J54+Fri!J54+'Mon '!J54+'Wed (2)'!J54+Sun!J54+Sat!J54) -> 0 | K54: =('Thurs (2)'!K54+Thurs!K54+'Tues '!K54+Wed!K54+Fri!K54+'Mon '!K54+'Wed (2)'!K54+Sun!K54+Sat!K54) -> 0 | L54: =('Thurs (2)'!L54+Thurs!L54+'Tues '!L54+Wed!L54+Fri!L54+'Mon '!L54+'Wed (2)'!L54+Sun!L54+Sat!L54) -> 0 | M54: =('Thurs (2)'!M54+Thurs!M54+'Tues '!M54+Wed!M54+Fri!M54+'Mon '!M54+'Wed (2)'!M54+Sun!M54+Sat!M54) -> 0 | N54: =('Thurs (2)'!N54+Thurs!N54+'Tues '!N54+Wed!N54+Fri!N54+'Mon '!N54+'Wed (2)'!N54+Sun!N54+Sat!N54) -> 0 | ... T54: =('Thurs (2)'!T54+Thurs!T54+'Tues '!T54+Wed!T54+Fri!T54+'Mon '!T54+'Wed (2)'!T54+Sun!T54+Sat!T54) -> 0 | U54: =IFERROR(I54/H54,0) -> 0 | V54: =IFERROR(SUM(H54+L54)/G54,0) -> 0
A55: Torian Fields | F55: Harley Negrete | G55: =('Thurs (2)'!G55+Thurs!G55+'Tues '!G55+Wed!G55+Fri!G55+'Mon '!G55+'Wed (2)'!G55+Sun!G55+Sat!G55) -> 0 | H55: =('Thurs (2)'!H55+Thurs!H55+'Tues '!H55+Wed!H55+Fri!H55+'Mon '!H55+'Wed (2)'!H55+Sun!H55+Sat!H55) -> 0 | I55: =('Thurs (2)'!I55+Thurs!I55+'Tues '!I55+Wed!I55+Fri!I55+'Mon '!I55+'Wed (2)'!I55+Sun!I55+Sat!I55) -> 0 | J55: =('Thurs (2)'!J55+Thurs!J55+'Tues '!J55+Wed!J55+Fri!J55+'Mon '!J55+'Wed (2)'!J55+Sun!J55+Sat!J55) -> 0 | K55: =('Thurs (2)'!K55+Thurs!K55+'Tues '!K55+Wed!K55+Fri!K55+'Mon '!K55+'Wed (2)'!K55+Sun!K55+Sat!K55) -> 0 | L55: =('Thurs (2)'!L55+Thurs!L55+'Tues '!L55+Wed!L55+Fri!L55+'Mon '!L55+'Wed (2)'!L55+Sun!L55+Sat!L55) -> 0 | M55: =('Thurs (2)'!M55+Thurs!M55+'Tues '!M55+Wed!M55+Fri!M55+'Mon '!M55+'Wed (2)'!M55+Sun!M55+Sat!M55) -> 0 | N55: =('Thurs (2)'!N55+Thurs!N55+'Tues '!N55+Wed!N55+Fri!N55+'Mon '!N55+'Wed (2)'!N55+Sun!N55+Sat!N55) -> 0 | ... T55: =('Thurs (2)'!T55+Thurs!T55+'Tues '!T55+Wed!T55+Fri!T55+'Mon '!T55+'Wed (2)'!T55+Sun!T55+Sat!T55) -> 0 | U55: =IFERROR(I55/H55,0) -> 0 | V55: =IFERROR(SUM(H55+L55)/G55,0) -> 0
A56: Torian Fields | B56: Devin Gould | D56: Y | F56: Devin Gould | G56: =('Thurs (2)'!G56+Thurs!G56+'Tues '!G56+Wed!G56+Fri!G56+'Mon '!G56+'Wed (2)'!G56+Sun!G56+Sat!G56) -> 24 | H56: =('Thurs (2)'!H56+Thurs!H56+'Tues '!H56+Wed!H56+Fri!H56+'Mon '!H56+'Wed (2)'!H56+Sun!H56+Sat!H56) -> 8 | I56: =('Thurs (2)'!I56+Thurs!I56+'Tues '!I56+Wed!I56+Fri!I56+'Mon '!I56+'Wed (2)'!I56+Sun!I56+Sat!I56) -> 1 | J56: =('Thurs (2)'!J56+Thurs!J56+'Tues '!J56+Wed!J56+Fri!J56+'Mon '!J56+'Wed (2)'!J56+Sun!J56+Sat!J56) -> 7 | K56: =('Thurs (2)'!K56+Thurs!K56+'Tues '!K56+Wed!K56+Fri!K56+'Mon '!K56+'Wed (2)'!K56+Sun!K56+Sat!K56) -> 0 | L56: =('Thurs (2)'!L56+Thurs!L56+'Tues '!L56+Wed!L56+Fri!L56+'Mon '!L56+'Wed (2)'!L56+Sun!L56+Sat!L56) -> 2 | M56: =('Thurs (2)'!M56+Thurs!M56+'Tues '!M56+Wed!M56+Fri!M56+'Mon '!M56+'Wed (2)'!M56+Sun!M56+Sat!M56) -> 21 | N56: =('Thurs (2)'!N56+Thurs!N56+'Tues '!N56+Wed!N56+Fri!N56+'Mon '!N56+'Wed (2)'!N56+Sun!N56+Sat!N56) -> 1 | ... T56: =('Thurs (2)'!T56+Thurs!T56+'Tues '!T56+Wed!T56+Fri!T56+'Mon '!T56+'Wed (2)'!T56+Sun!T56+Sat!T56) -> 992 | U56: =IFERROR(I56/H56,0) -> 0.125 | V56: =IFERROR(SUM(H56+L56)/G56,0) -> 0.41666667
A57: Torian Fields | B57: Devin Gould | F57: Mariah Ruff | G57: =('Thurs (2)'!G57+Thurs!G57+'Tues '!G57+Wed!G57+Fri!G57+'Mon '!G57+'Wed (2)'!G57+Sun!G57+Sat!G57) -> 0 | H57: =('Thurs (2)'!H57+Thurs!H57+'Tues '!H57+Wed!H57+Fri!H57+'Mon '!H57+'Wed (2)'!H57+Sun!H57+Sat!H57) -> 0 | I57: =('Thurs (2)'!I57+Thurs!I57+'Tues '!I57+Wed!I57+Fri!I57+'Mon '!I57+'Wed (2)'!I57+Sun!I57+Sat!I57) -> 0 | J57: =('Thurs (2)'!J57+Thurs!J57+'Tues '!J57+Wed!J57+Fri!J57+'Mon '!J57+'Wed (2)'!J57+Sun!J57+Sat!J57) -> 0 | K57: =('Thurs (2)'!K57+Thurs!K57+'Tues '!K57+Wed!K57+Fri!K57+'Mon '!K57+'Wed (2)'!K57+Sun!K57+Sat!K57) -> 0 | L57: =('Thurs (2)'!L57+Thurs!L57+'Tues '!L57+Wed!L57+Fri!L57+'Mon '!L57+'Wed (2)'!L57+Sun!L57+Sat!L57) -> 0 | M57: =('Thurs (2)'!M57+Thurs!M57+'Tues '!M57+Wed!M57+Fri!M57+'Mon '!M57+'Wed (2)'!M57+Sun!M57+Sat!M57) -> 0 | N57: =('Thurs (2)'!N57+Thurs!N57+'Tues '!N57+Wed!N57+Fri!N57+'Mon '!N57+'Wed (2)'!N57+Sun!N57+Sat!N57) -> 0 | ... T57: =('Thurs (2)'!T57+Thurs!T57+'Tues '!T57+Wed!T57+Fri!T57+'Mon '!T57+'Wed (2)'!T57+Sun!T57+Sat!T57) -> 0 | U57: =IFERROR(I57/H57,0) -> 0 | V57: =IFERROR(SUM(H57+L57)/G57,0) -> 0
A58: Torian Fields | B58: Devin Gould | F58: Dontae Reeves | G58: =('Thurs (2)'!G58+Thurs!G58+'Tues '!G58+Wed!G58+Fri!G58+'Mon '!G58+'Wed (2)'!G58+Sun!G58+Sat!G58) -> 0 | H58: =('Thurs (2)'!H58+Thurs!H58+'Tues '!H58+Wed!H58+Fri!H58+'Mon '!H58+'Wed (2)'!H58+Sun!H58+Sat!H58) -> 0 | I58: =('Thurs (2)'!I58+Thurs!I58+'Tues '!I58+Wed!I58+Fri!I58+'Mon '!I58+'Wed (2)'!I58+Sun!I58+Sat!I58) -> 0 | J58: =('Thurs (2)'!J58+Thurs!J58+'Tues '!J58+Wed!J58+Fri!J58+'Mon '!J58+'Wed (2)'!J58+Sun!J58+Sat!J58) -> 0 | K58: =('Thurs (2)'!K58+Thurs!K58+'Tues '!K58+Wed!K58+Fri!K58+'Mon '!K58+'Wed (2)'!K58+Sun!K58+Sat!K58) -> 0 | L58: =('Thurs (2)'!L58+Thurs!L58+'Tues '!L58+Wed!L58+Fri!L58+'Mon '!L58+'Wed (2)'!L58+Sun!L58+Sat!L58) -> 0 | M58: =('Thurs (2)'!M58+Thurs!M58+'Tues '!M58+Wed!M58+Fri!M58+'Mon '!M58+'Wed (2)'!M58+Sun!M58+Sat!M58) -> 0 | N58: =('Thurs (2)'!N58+Thurs!N58+'Tues '!N58+Wed!N58+Fri!N58+'Mon '!N58+'Wed (2)'!N58+Sun!N58+Sat!N58) -> 0 | ... T58: =('Thurs (2)'!T58+Thurs!T58+'Tues '!T58+Wed!T58+Fri!T58+'Mon '!T58+'Wed (2)'!T58+Sun!T58+Sat!T58) -> 0 | U58: =IFERROR(I58/H58,0) -> 0 | V58: =IFERROR(SUM(H58+L58)/G58,0) -> 0
A59: Torian Fields | B59: Devin Gould | F59: Lisa Berry | G59: =('Thurs (2)'!G59+Thurs!G59+'Tues '!G59+Wed!G59+Fri!G59+'Mon '!G59+'Wed (2)'!G59+Sun!G59+Sat!G59) -> 0 | H59: =('Thurs (2)'!H59+Thurs!H59+'Tues '!H59+Wed!H59+Fri!H59+'Mon '!H59+'Wed (2)'!H59+Sun!H59+Sat!H59) -> 0 | I59: =('Thurs (2)'!I59+Thurs!I59+'Tues '!I59+Wed!I59+Fri!I59+'Mon '!I59+'Wed (2)'!I59+Sun!I59+Sat!I59) -> 0 | J59: =('Thurs (2)'!J59+Thurs!J59+'Tues '!J59+Wed!J59+Fri!J59+'Mon '!J59+'Wed (2)'!J59+Sun!J59+Sat!J59) -> 0 | K59: =('Thurs (2)'!K59+Thurs!K59+'Tues '!K59+Wed!K59+Fri!K59+'Mon '!K59+'Wed (2)'!K59+Sun!K59+Sat!K59) -> 0 | L59: =('Thurs (2)'!L59+Thurs!L59+'Tues '!L59+Wed!L59+Fri!L59+'Mon '!L59+'Wed (2)'!L59+Sun!L59+Sat!L59) -> 0 | M59: =('Thurs (2)'!M59+Thurs!M59+'Tues '!M59+Wed!M59+Fri!M59+'Mon '!M59+'Wed (2)'!M59+Sun!M59+Sat!M59) -> 0 | N59: =('Thurs (2)'!N59+Thurs!N59+'Tues '!N59+Wed!N59+Fri!N59+'Mon '!N59+'Wed (2)'!N59+Sun!N59+Sat!N59) -> 0 | ... T59: =('Thurs (2)'!T59+Thurs!T59+'Tues '!T59+Wed!T59+Fri!T59+'Mon '!T59+'Wed (2)'!T59+Sun!T59+Sat!T59) -> 0 | U59: =IFERROR(I59/H59,0) -> 0 | V59: =IFERROR(SUM(H59+L59)/G59,0) -> 0
A60: Torian Fields | B60: Devin Gould | C60: Abdur-Rahmaan Yaseen | D60: Y | F60: Abdur-Rahmaan Yaseen | G60: =('Thurs (2)'!G60+Thurs!G60+'Tues '!G60+Wed!G60+Fri!G60+'Mon '!G60+'Wed (2)'!G60+Sun!G60+Sat!G60) -> 5 | H60: =('Thurs (2)'!H60+Thurs!H60+'Tues '!H60+Wed!H60+Fri!H60+'Mon '!H60+'Wed (2)'!H60+Sun!H60+Sat!H60) -> 5 | I60: =('Thurs (2)'!I60+Thurs!I60+'Tues '!I60+Wed!I60+Fri!I60+'Mon '!I60+'Wed (2)'!I60+Sun!I60+Sat!I60) -> 1 | J60: =('Thurs (2)'!J60+Thurs!J60+'Tues '!J60+Wed!J60+Fri!J60+'Mon '!J60+'Wed (2)'!J60+Sun!J60+Sat!J60) -> 1 | K60: =('Thurs (2)'!K60+Thurs!K60+'Tues '!K60+Wed!K60+Fri!K60+'Mon '!K60+'Wed (2)'!K60+Sun!K60+Sat!K60) -> 1 | L60: =('Thurs (2)'!L60+Thurs!L60+'Tues '!L60+Wed!L60+Fri!L60+'Mon '!L60+'Wed (2)'!L60+Sun!L60+Sat!L60) -> 1 | M60: =('Thurs (2)'!M60+Thurs!M60+'Tues '!M60+Wed!M60+Fri!M60+'Mon '!M60+'Wed (2)'!M60+Sun!M60+Sat!M60) -> 5 | N60: =('Thurs (2)'!N60+Thurs!N60+'Tues '!N60+Wed!N60+Fri!N60+'Mon '!N60+'Wed (2)'!N60+Sun!N60+Sat!N60) -> 1 | ... T60: =('Thurs (2)'!T60+Thurs!T60+'Tues '!T60+Wed!T60+Fri!T60+'Mon '!T60+'Wed (2)'!T60+Sun!T60+Sat!T60) -> 897 | U60: =IFERROR(I60/H60,0) -> 0.2 | V60: =IFERROR(SUM(H60+L60)/G60,0) -> 1.2
A61: Torian Fields | B61: Devin Gould | C61: Abdur-Rahmaan Yaseen | F61: Anthony Golino | G61: =('Thurs (2)'!G61+Thurs!G61+'Tues '!G61+Wed!G61+Fri!G61+'Mon '!G61+'Wed (2)'!G61+Sun!G61+Sat!G61) -> 5 | H61: =('Thurs (2)'!H61+Thurs!H61+'Tues '!H61+Wed!H61+Fri!H61+'Mon '!H61+'Wed (2)'!H61+Sun!H61+Sat!H61) -> 2 | I61: =('Thurs (2)'!I61+Thurs!I61+'Tues '!I61+Wed!I61+Fri!I61+'Mon '!I61+'Wed (2)'!I61+Sun!I61+Sat!I61) -> 2 | J61: =('Thurs (2)'!J61+Thurs!J61+'Tues '!J61+Wed!J61+Fri!J61+'Mon '!J61+'Wed (2)'!J61+Sun!J61+Sat!J61) -> 1 | K61: =('Thurs (2)'!K61+Thurs!K61+'Tues '!K61+Wed!K61+Fri!K61+'Mon '!K61+'Wed (2)'!K61+Sun!K61+Sat!K61) -> 0 | L61: =('Thurs (2)'!L61+Thurs!L61+'Tues '!L61+Wed!L61+Fri!L61+'Mon '!L61+'Wed (2)'!L61+Sun!L61+Sat!L61) -> 1 | M61: =('Thurs (2)'!M61+Thurs!M61+'Tues '!M61+Wed!M61+Fri!M61+'Mon '!M61+'Wed (2)'!M61+Sun!M61+Sat!M61) -> 5 | N61: =('Thurs (2)'!N61+Thurs!N61+'Tues '!N61+Wed!N61+Fri!N61+'Mon '!N61+'Wed (2)'!N61+Sun!N61+Sat!N61) -> 1 | ... T61: =('Thurs (2)'!T61+Thurs!T61+'Tues '!T61+Wed!T61+Fri!T61+'Mon '!T61+'Wed (2)'!T61+Sun!T61+Sat!T61) -> 1915 | U61: =IFERROR(I61/H61,0) -> 1 | V61: =IFERROR(SUM(H61+L61)/G61,0) -> 0.6
A62: Torian Fields | B62: Devin Gould | C62: Abdur-Rahmaan Yaseen | F62: Cameron Platt | G62: =('Thurs (2)'!G62+Thurs!G62+'Tues '!G62+Wed!G62+Fri!G62+'Mon '!G62+'Wed (2)'!G62+Sun!G62+Sat!G62) -> 1 | H62: =('Thurs (2)'!H62+Thurs!H62+'Tues '!H62+Wed!H62+Fri!H62+'Mon '!H62+'Wed (2)'!H62+Sun!H62+Sat!H62) -> 0 | I62: =('Thurs (2)'!I62+Thurs!I62+'Tues '!I62+Wed!I62+Fri!I62+'Mon '!I62+'Wed (2)'!I62+Sun!I62+Sat!I62) -> 0 | J62: =('Thurs (2)'!J62+Thurs!J62+'Tues '!J62+Wed!J62+Fri!J62+'Mon '!J62+'Wed (2)'!J62+Sun!J62+Sat!J62) -> 0 | K62: =('Thurs (2)'!K62+Thurs!K62+'Tues '!K62+Wed!K62+Fri!K62+'Mon '!K62+'Wed (2)'!K62+Sun!K62+Sat!K62) -> 0 | L62: =('Thurs (2)'!L62+Thurs!L62+'Tues '!L62+Wed!L62+Fri!L62+'Mon '!L62+'Wed (2)'!L62+Sun!L62+Sat!L62) -> 0 | M62: =('Thurs (2)'!M62+Thurs!M62+'Tues '!M62+Wed!M62+Fri!M62+'Mon '!M62+'Wed (2)'!M62+Sun!M62+Sat!M62) -> 0 | N62: =('Thurs (2)'!N62+Thurs!N62+'Tues '!N62+Wed!N62+Fri!N62+'Mon '!N62+'Wed (2)'!N62+Sun!N62+Sat!N62) -> 0 | ... T62: =('Thurs (2)'!T62+Thurs!T62+'Tues '!T62+Wed!T62+Fri!T62+'Mon '!T62+'Wed (2)'!T62+Sun!T62+Sat!T62) -> 0 | U62: =IFERROR(I62/H62,0) -> 0 | V62: =IFERROR(SUM(H62+L62)/G62,0) -> 0
A63: Torian Fields | B63: Devin Gould | C63: Abdur-Rahmaan Yaseen | F63: Taylor Waldrip | G63: =('Thurs (2)'!G63+Thurs!G63+'Tues '!G63+Wed!G63+Fri!G63+'Mon '!G63+'Wed (2)'!G63+Sun!G63+Sat!G63) -> 4 | H63: =('Thurs (2)'!H63+Thurs!H63+'Tues '!H63+Wed!H63+Fri!H63+'Mon '!H63+'Wed (2)'!H63+Sun!H63+Sat!H63) -> 0 | I63: =('Thurs (2)'!I63+Thurs!I63+'Tues '!I63+Wed!I63+Fri!I63+'Mon '!I63+'Wed (2)'!I63+Sun!I63+Sat!I63) -> 0 | J63: =('Thurs (2)'!J63+Thurs!J63+'Tues '!J63+Wed!J63+Fri!J63+'Mon '!J63+'Wed (2)'!J63+Sun!J63+Sat!J63) -> 0 | K63: =('Thurs (2)'!K63+Thurs!K63+'Tues '!K63+Wed!K63+Fri!K63+'Mon '!K63+'Wed (2)'!K63+Sun!K63+Sat!K63) -> 0 | L63: =('Thurs (2)'!L63+Thurs!L63+'Tues '!L63+Wed!L63+Fri!L63+'Mon '!L63+'Wed (2)'!L63+Sun!L63+Sat!L63) -> 0 | M63: =('Thurs (2)'!M63+Thurs!M63+'Tues '!M63+Wed!M63+Fri!M63+'Mon '!M63+'Wed (2)'!M63+Sun!M63+Sat!M63) -> 0 | N63: =('Thurs (2)'!N63+Thurs!N63+'Tues '!N63+Wed!N63+Fri!N63+'Mon '!N63+'Wed (2)'!N63+Sun!N63+Sat!N63) -> 0 | ... T63: =('Thurs (2)'!T63+Thurs!T63+'Tues '!T63+Wed!T63+Fri!T63+'Mon '!T63+'Wed (2)'!T63+Sun!T63+Sat!T63) -> 0 | U63: =IFERROR(I63/H63,0) -> 0 | V63: =IFERROR(SUM(H63+L63)/G63,0) -> 0
A64: Torian Fields | B64: Devin Gould | C64: Abdur-Rahmaan Yaseen | F64: Jeton Ajvazi | G64: =('Thurs (2)'!G64+Thurs!G64+'Tues '!G64+Wed!G64+Fri!G64+'Mon '!G64+'Wed (2)'!G64+Sun!G64+Sat!G64) -> 0 | H64: =('Thurs (2)'!H64+Thurs!H64+'Tues '!H64+Wed!H64+Fri!H64+'Mon '!H64+'Wed (2)'!H64+Sun!H64+Sat!H64) -> 0 | I64: =('Thurs (2)'!I64+Thurs!I64+'Tues '!I64+Wed!I64+Fri!I64+'Mon '!I64+'Wed (2)'!I64+Sun!I64+Sat!I64) -> 0 | J64: =('Thurs (2)'!J64+Thurs!J64+'Tues '!J64+Wed!J64+Fri!J64+'Mon '!J64+'Wed (2)'!J64+Sun!J64+Sat!J64) -> 0 | K64: =('Thurs (2)'!K64+Thurs!K64+'Tues '!K64+Wed!K64+Fri!K64+'Mon '!K64+'Wed (2)'!K64+Sun!K64+Sat!K64) -> 0 | L64: =('Thurs (2)'!L64+Thurs!L64+'Tues '!L64+Wed!L64+Fri!L64+'Mon '!L64+'Wed (2)'!L64+Sun!L64+Sat!L64) -> 0 | M64: =('Thurs (2)'!M64+Thurs!M64+'Tues '!M64+Wed!M64+Fri!M64+'Mon '!M64+'Wed (2)'!M64+Sun!M64+Sat!M64) -> 0 | N64: =('Thurs (2)'!N64+Thurs!N64+'Tues '!N64+Wed!N64+Fri!N64+'Mon '!N64+'Wed (2)'!N64+Sun!N64+Sat!N64) -> 0 | ... T64: =('Thurs (2)'!T64+Thurs!T64+'Tues '!T64+Wed!T64+Fri!T64+'Mon '!T64+'Wed (2)'!T64+Sun!T64+Sat!T64) -> 0 | U64: =IFERROR(I64/H64,0) -> 0 | V64: =IFERROR(SUM(H64+L64)/G64,0) -> 0
A65: Torian Fields | B65: Devin Gould | C65: Abdur-Rahmaan Yaseen | F65: Jillian Graham | G65: =('Thurs (2)'!G65+Thurs!G65+'Tues '!G65+Wed!G65+Fri!G65+'Mon '!G65+'Wed (2)'!G65+Sun!G65+Sat!G65) -> 0 | H65: =('Thurs (2)'!H65+Thurs!H65+'Tues '!H65+Wed!H65+Fri!H65+'Mon '!H65+'Wed (2)'!H65+Sun!H65+Sat!H65) -> 0 | I65: =('Thurs (2)'!I65+Thurs!I65+'Tues '!I65+Wed!I65+Fri!I65+'Mon '!I65+'Wed (2)'!I65+Sun!I65+Sat!I65) -> 0 | J65: =('Thurs (2)'!J65+Thurs!J65+'Tues '!J65+Wed!J65+Fri!J65+'Mon '!J65+'Wed (2)'!J65+Sun!J65+Sat!J65) -> 0 | K65: =('Thurs (2)'!K65+Thurs!K65+'Tues '!K65+Wed!K65+Fri!K65+'Mon '!K65+'Wed (2)'!K65+Sun!K65+Sat!K65) -> 0 | L65: =('Thurs (2)'!L65+Thurs!L65+'Tues '!L65+Wed!L65+Fri!L65+'Mon '!L65+'Wed (2)'!L65+Sun!L65+Sat!L65) -> 0 | M65: =('Thurs (2)'!M65+Thurs!M65+'Tues '!M65+Wed!M65+Fri!M65+'Mon '!M65+'Wed (2)'!M65+Sun!M65+Sat!M65) -> 0 | N65: =('Thurs (2)'!N65+Thurs!N65+'Tues '!N65+Wed!N65+Fri!N65+'Mon '!N65+'Wed (2)'!N65+Sun!N65+Sat!N65) -> 0 | ... T65: =('Thurs (2)'!T65+Thurs!T65+'Tues '!T65+Wed!T65+Fri!T65+'Mon '!T65+'Wed (2)'!T65+Sun!T65+Sat!T65) -> 0 | U65: =IFERROR(I65/H65,0) -> 0 | V65: =IFERROR(SUM(H65+L65)/G65,0) -> 0
A66: Torian Fields | B66: Devin Gould | C66: Bryson Brewer | D66: Y | F66: Bryson Brewer | G66: =('Thurs (2)'!G66+Thurs!G66+'Tues '!G66+Wed!G66+Fri!G66+'Mon '!G66+'Wed (2)'!G66+Sun!G66+Sat!G66) -> 0 | H66: =('Thurs (2)'!H66+Thurs!H66+'Tues '!H66+Wed!H66+Fri!H66+'Mon '!H66+'Wed (2)'!H66+Sun!H66+Sat!H66) -> 0 | I66: =('Thurs (2)'!I66+Thurs!I66+'Tues '!I66+Wed!I66+Fri!I66+'Mon '!I66+'Wed (2)'!I66+Sun!I66+Sat!I66) -> 0 | J66: =('Thurs (2)'!J66+Thurs!J66+'Tues '!J66+Wed!J66+Fri!J66+'Mon '!J66+'Wed (2)'!J66+Sun!J66+Sat!J66) -> 0 | K66: =('Thurs (2)'!K66+Thurs!K66+'Tues '!K66+Wed!K66+Fri!K66+'Mon '!K66+'Wed (2)'!K66+Sun!K66+Sat!K66) -> 0 | L66: =('Thurs (2)'!L66+Thurs!L66+'Tues '!L66+Wed!L66+Fri!L66+'Mon '!L66+'Wed (2)'!L66+Sun!L66+Sat!L66) -> 0 | M66: =('Thurs (2)'!M66+Thurs!M66+'Tues '!M66+Wed!M66+Fri!M66+'Mon '!M66+'Wed (2)'!M66+Sun!M66+Sat!M66) -> 0 | N66: =('Thurs (2)'!N66+Thurs!N66+'Tues '!N66+Wed!N66+Fri!N66+'Mon '!N66+'Wed (2)'!N66+Sun!N66+Sat!N66) -> 0 | ... T66: =('Thurs (2)'!T66+Thurs!T66+'Tues '!T66+Wed!T66+Fri!T66+'Mon '!T66+'Wed (2)'!T66+Sun!T66+Sat!T66) -> 0 | U66: =IFERROR(I66/H66,0) -> 0 | V66: =IFERROR(SUM(H66+L66)/G66,0) -> 0
A67: Torian Fields | B67: Devin Gould | C67: Maria Farley | D67: Y | F67: Maria Farley | G67: =('Thurs (2)'!G67+Fri!G67+'Tues '!G67+Wed!G67+Fri!G67+'Mon '!G67+'Wed (2)'!G67+Sun!G67+Sat!G67) -> 14 | H67: =('Thurs (2)'!H67+Fri!H67+'Tues '!H67+Wed!H67+Fri!H67+'Mon '!H67+'Wed (2)'!H67+Sun!H67+Sat!H67) -> 9 | I67: =('Thurs (2)'!I67+Fri!I67+'Tues '!I67+Wed!I67+Fri!I67+'Mon '!I67+'Wed (2)'!I67+Sun!I67+Sat!I67) -> 2 | J67: =('Thurs (2)'!J67+Fri!J67+'Tues '!J67+Wed!J67+Fri!J67+'Mon '!J67+'Wed (2)'!J67+Sun!J67+Sat!J67) -> 0 | K67: =('Thurs (2)'!K67+Fri!K67+'Tues '!K67+Wed!K67+Fri!K67+'Mon '!K67+'Wed (2)'!K67+Sun!K67+Sat!K67) -> 0 | L67: =('Thurs (2)'!L67+Fri!L67+'Tues '!L67+Wed!L67+Fri!L67+'Mon '!L67+'Wed (2)'!L67+Sun!L67+Sat!L67) -> 3 | M67: =('Thurs (2)'!M67+Fri!M67+'Tues '!M67+Wed!M67+Fri!M67+'Mon '!M67+'Wed (2)'!M67+Sun!M67+Sat!M67) -> 2 | N67: =('Thurs (2)'!N67+Fri!N67+'Tues '!N67+Wed!N67+Fri!N67+'Mon '!N67+'Wed (2)'!N67+Sun!N67+Sat!N67) -> 2 | ... T67: =('Thurs (2)'!T67+Fri!T67+'Tues '!T67+Wed!T67+Fri!T67+'Mon '!T67+'Wed (2)'!T67+Sun!T67+Sat!T67) -> 2784 | U67: =IFERROR(I67/H67,0) -> 0.22222222 | V67: =IFERROR(SUM(H67+L67)/G67,0) -> 0.85714286
A68: Torian Fields | B68: Devin Gould | C68: Maria Farley | F68: Deanna Delgado | G68: =('Thurs (2)'!G68+Thurs!G68+'Tues '!G68+Wed!G68+Fri!G68+'Mon '!G68+'Wed (2)'!G68+Sun!G68+Sat!G68) -> 0 | H68: =('Thurs (2)'!H68+Thurs!H68+'Tues '!H68+Wed!H68+Fri!H68+'Mon '!H68+'Wed (2)'!H68+Sun!H68+Sat!H68) -> 0 | I68: =('Thurs (2)'!I68+Thurs!I68+'Tues '!I68+Wed!I68+Fri!I68+'Mon '!I68+'Wed (2)'!I68+Sun!I68+Sat!I68) -> 0 | J68: =('Thurs (2)'!J68+Thurs!J68+'Tues '!J68+Wed!J68+Fri!J68+'Mon '!J68+'Wed (2)'!J68+Sun!J68+Sat!J68) -> 0 | K68: =('Thurs (2)'!K68+Thurs!K68+'Tues '!K68+Wed!K68+Fri!K68+'Mon '!K68+'Wed (2)'!K68+Sun!K68+Sat!K68) -> 0 | L68: =('Thurs (2)'!L68+Thurs!L68+'Tues '!L68+Wed!L68+Fri!L68+'Mon '!L68+'Wed (2)'!L68+Sun!L68+Sat!L68) -> 0 | M68: =('Thurs (2)'!M68+Thurs!M68+'Tues '!M68+Wed!M68+Fri!M68+'Mon '!M68+'Wed (2)'!M68+Sun!M68+Sat!M68) -> 0 | N68: =('Thurs (2)'!N68+Thurs!N68+'Tues '!N68+Wed!N68+Fri!N68+'Mon '!N68+'Wed (2)'!N68+Sun!N68+Sat!N68) -> 0 | ... T68: =('Thurs (2)'!T68+Thurs!T68+'Tues '!T68+Wed!T68+Fri!T68+'Mon '!T68+'Wed (2)'!T68+Sun!T68+Sat!T68) -> 0 | U68: =IFERROR(I68/H68,0) -> 0 | V68: =IFERROR(SUM(H68+L68)/G68,0) -> 0
A69: Torian Fields | B69: Devin Gould | C69: Maria Farley | F69: Anya White | G69: =('Thurs (2)'!G69+Thurs!G69+'Tues '!G69+Wed!G69+Fri!G69+'Mon '!G69+'Wed (2)'!G69+Sun!G69+Sat!G69) -> 0 | H69: =('Thurs (2)'!H69+Thurs!H69+'Tues '!H69+Wed!H69+Fri!H69+'Mon '!H69+'Wed (2)'!H69+Sun!H69+Sat!H69) -> 0 | I69: =('Thurs (2)'!I69+Thurs!I69+'Tues '!I69+Wed!I69+Fri!I69+'Mon '!I69+'Wed (2)'!I69+Sun!I69+Sat!I69) -> 0 | J69: =('Thurs (2)'!J69+Thurs!J69+'Tues '!J69+Wed!J69+Fri!J69+'Mon '!J69+'Wed (2)'!J69+Sun!J69+Sat!J69) -> 0 | K69: =('Thurs (2)'!K69+Thurs!K69+'Tues '!K69+Wed!K69+Fri!K69+'Mon '!K69+'Wed (2)'!K69+Sun!K69+Sat!K69) -> 0 | L69: =('Thurs (2)'!L69+Thurs!L69+'Tues '!L69+Wed!L69+Fri!L69+'Mon '!L69+'Wed (2)'!L69+Sun!L69+Sat!L69) -> 0 | M69: =('Thurs (2)'!M69+Thurs!M69+'Tues '!M69+Wed!M69+Fri!M69+'Mon '!M69+'Wed (2)'!M69+Sun!M69+Sat!M69) -> 0 | N69: =('Thurs (2)'!N69+Thurs!N69+'Tues '!N69+Wed!N69+Fri!N69+'Mon '!N69+'Wed (2)'!N69+Sun!N69+Sat!N69) -> 0 | ... T69: =('Thurs (2)'!T69+Thurs!T69+'Tues '!T69+Wed!T69+Fri!T69+'Mon '!T69+'Wed (2)'!T69+Sun!T69+Sat!T69) -> 0 | U69: =IFERROR(I69/H69,0) -> 0 | V69: =IFERROR(SUM(H69+L69)/G69,0) -> 0
A70: Torian Fields | B70: Mikaela Hayes | D70: Y | F70: Mikaela Hayes | G70: =('Thurs (2)'!G70+Thurs!G70+'Tues '!G70+Wed!G70+Fri!G70+'Mon '!G70+'Wed (2)'!G70+Sun!G70+Sat!G70) -> 0 | H70: =('Thurs (2)'!H70+Thurs!H70+'Tues '!H70+Wed!H70+Fri!H70+'Mon '!H70+'Wed (2)'!H70+Sun!H70+Sat!H70) -> 0 | I70: =('Thurs (2)'!I70+Thurs!I70+'Tues '!I70+Wed!I70+Fri!I70+'Mon '!I70+'Wed (2)'!I70+Sun!I70+Sat!I70) -> 0 | J70: =('Thurs (2)'!J70+Thurs!J70+'Tues '!J70+Wed!J70+Fri!J70+'Mon '!J70+'Wed (2)'!J70+Sun!J70+Sat!J70) -> 0 | K70: =('Thurs (2)'!K70+Thurs!K70+'Tues '!K70+Wed!K70+Fri!K70+'Mon '!K70+'Wed (2)'!K70+Sun!K70+Sat!K70) -> 0 | L70: =('Thurs (2)'!L70+Thurs!L70+'Tues '!L70+Wed!L70+Fri!L70+'Mon '!L70+'Wed (2)'!L70+Sun!L70+Sat!L70) -> 0 | M70: =('Thurs (2)'!M70+Thurs!M70+'Tues '!M70+Wed!M70+Fri!M70+'Mon '!M70+'Wed (2)'!M70+Sun!M70+Sat!M70) -> 0 | N70: =('Thurs (2)'!N70+Thurs!N70+'Tues '!N70+Wed!N70+Fri!N70+'Mon '!N70+'Wed (2)'!N70+Sun!N70+Sat!N70) -> 0 | ... T70: =('Thurs (2)'!T70+Thurs!T70+'Tues '!T70+Wed!T70+Fri!T70+'Mon '!T70+'Wed (2)'!T70+Sun!T70+Sat!T70) -> 0 | U70: =IFERROR(I70/H70,0) -> 0 | V70: =IFERROR(SUM(H70+L70)/G70,0) -> 0
A71: Torian Fields | B71: Mikaela Hayes | F71: Olivia Ruble | G71: =('Thurs (2)'!G71+Thurs!G71+'Tues '!G71+Wed!G71+Fri!G71+'Mon '!G71+'Wed (2)'!G71+Sun!G71+Sat!G71) -> 0 | H71: =('Thurs (2)'!H71+Thurs!H71+'Tues '!H71+Wed!H71+Fri!H71+'Mon '!H71+'Wed (2)'!H71+Sun!H71+Sat!H71) -> 0 | I71: =('Thurs (2)'!I71+Thurs!I71+'Tues '!I71+Wed!I71+Fri!I71+'Mon '!I71+'Wed (2)'!I71+Sun!I71+Sat!I71) -> 0 | J71: =('Thurs (2)'!J71+Thurs!J71+'Tues '!J71+Wed!J71+Fri!J71+'Mon '!J71+'Wed (2)'!J71+Sun!J71+Sat!J71) -> 0 | K71: =('Thurs (2)'!K71+Thurs!K71+'Tues '!K71+Wed!K71+Fri!K71+'Mon '!K71+'Wed (2)'!K71+Sun!K71+Sat!K71) -> 0 | L71: =('Thurs (2)'!L71+Thurs!L71+'Tues '!L71+Wed!L71+Fri!L71+'Mon '!L71+'Wed (2)'!L71+Sun!L71+Sat!L71) -> 0 | M71: =('Thurs (2)'!M71+Thurs!M71+'Tues '!M71+Wed!M71+Fri!M71+'Mon '!M71+'Wed (2)'!M71+Sun!M71+Sat!M71) -> 0 | N71: =('Thurs (2)'!N71+Thurs!N71+'Tues '!N71+Wed!N71+Fri!N71+'Mon '!N71+'Wed (2)'!N71+Sun!N71+Sat!N71) -> 0 | ... T71: =('Thurs (2)'!T71+Thurs!T71+'Tues '!T71+Wed!T71+Fri!T71+'Mon '!T71+'Wed (2)'!T71+Sun!T71+Sat!T71) -> 0 | U71: =IFERROR(I71/H71,0) -> 0 | V71: =IFERROR(SUM(H71+L71)/G71,0) -> 0
A72: Torian Fields | B72: Mikaela Hayes | F72: Jaedeen Perez | G72: =('Thurs (2)'!G72+Thurs!G72+'Tues '!G72+Wed!G72+Fri!G72+'Mon '!G72+'Wed (2)'!G72+Sun!G72+Sat!G72) -> 0 | H72: =('Thurs (2)'!H72+Thurs!H72+'Tues '!H72+Wed!H72+Fri!H72+'Mon '!H72+'Wed (2)'!H72+Sun!H72+Sat!H72) -> 0 | I72: =('Thurs (2)'!I72+Thurs!I72+'Tues '!I72+Wed!I72+Fri!I72+'Mon '!I72+'Wed (2)'!I72+Sun!I72+Sat!I72) -> 0 | J72: =('Thurs (2)'!J72+Thurs!J72+'Tues '!J72+Wed!J72+Fri!J72+'Mon '!J72+'Wed (2)'!J72+Sun!J72+Sat!J72) -> 0 | K72: =('Thurs (2)'!K72+Thurs!K72+'Tues '!K72+Wed!K72+Fri!K72+'Mon '!K72+'Wed (2)'!K72+Sun!K72+Sat!K72) -> 0 | L72: =('Thurs (2)'!L72+Thurs!L72+'Tues '!L72+Wed!L72+Fri!L72+'Mon '!L72+'Wed (2)'!L72+Sun!L72+Sat!L72) -> 0 | M72: =('Thurs (2)'!M72+Thurs!M72+'Tues '!M72+Wed!M72+Fri!M72+'Mon '!M72+'Wed (2)'!M72+Sun!M72+Sat!M72) -> 0 | N72: =('Thurs (2)'!N72+Thurs!N72+'Tues '!N72+Wed!N72+Fri!N72+'Mon '!N72+'Wed (2)'!N72+Sun!N72+Sat!N72) -> 0 | ... T72: =('Thurs (2)'!T72+Thurs!T72+'Tues '!T72+Wed!T72+Fri!T72+'Mon '!T72+'Wed (2)'!T72+Sun!T72+Sat!T72) -> 0 | U72: =IFERROR(I72/H72,0) -> 0 | V72: =IFERROR(SUM(H72+L72)/G72,0) -> 0
A73: Torian Fields | B73: Mikaela Hayes | F73: Kelsey Folcarelli | G73: =('Thurs (2)'!G73+Thurs!G73+'Tues '!G73+Wed!G73+Fri!G73+'Mon '!G73+'Wed (2)'!G73+Sun!G73+Sat!G73) -> 1 | H73: =('Thurs (2)'!H73+Thurs!H73+'Tues '!H73+Wed!H73+Fri!H73+'Mon '!H73+'Wed (2)'!H73+Sun!H73+Sat!H73) -> 1 | I73: =('Thurs (2)'!I73+Thurs!I73+'Tues '!I73+Wed!I73+Fri!I73+'Mon '!I73+'Wed (2)'!I73+Sun!I73+Sat!I73) -> 0 | J73: =('Thurs (2)'!J73+Thurs!J73+'Tues '!J73+Wed!J73+Fri!J73+'Mon '!J73+'Wed (2)'!J73+Sun!J73+Sat!J73) -> 1 | K73: =('Thurs (2)'!K73+Thurs!K73+'Tues '!K73+Wed!K73+Fri!K73+'Mon '!K73+'Wed (2)'!K73+Sun!K73+Sat!K73) -> 0 | L73: =('Thurs (2)'!L73+Thurs!L73+'Tues '!L73+Wed!L73+Fri!L73+'Mon '!L73+'Wed (2)'!L73+Sun!L73+Sat!L73) -> 0 | M73: =('Thurs (2)'!M73+Thurs!M73+'Tues '!M73+Wed!M73+Fri!M73+'Mon '!M73+'Wed (2)'!M73+Sun!M73+Sat!M73) -> 0 | N73: =('Thurs (2)'!N73+Thurs!N73+'Tues '!N73+Wed!N73+Fri!N73+'Mon '!N73+'Wed (2)'!N73+Sun!N73+Sat!N73) -> 0 | ... T73: =('Thurs (2)'!T73+Thurs!T73+'Tues '!T73+Wed!T73+Fri!T73+'Mon '!T73+'Wed (2)'!T73+Sun!T73+Sat!T73) -> 0 | U73: =IFERROR(I73/H73,0) -> 0 | V73: =IFERROR(SUM(H73+L73)/G73,0) -> 1
A74: Torian Fields | B74: Mikaela Hayes | C74: Deandre Barber | D74: Y | F74: Deandre Barber | G74: =('Thurs (2)'!G74+Thurs!G74+'Tues '!G74+Wed!G74+Fri!G74+'Mon '!G74+'Wed (2)'!G74+Sun!G74+Sat!G74) -> 0 | H74: =('Thurs (2)'!H74+Thurs!H74+'Tues '!H74+Wed!H74+Fri!H74+'Mon '!H74+'Wed (2)'!H74+Sun!H74+Sat!H74) -> 0 | I74: =('Thurs (2)'!I74+Thurs!I74+'Tues '!I74+Wed!I74+Fri!I74+'Mon '!I74+'Wed (2)'!I74+Sun!I74+Sat!I74) -> 0 | J74: =('Thurs (2)'!J74+Thurs!J74+'Tues '!J74+Wed!J74+Fri!J74+'Mon '!J74+'Wed (2)'!J74+Sun!J74+Sat!J74) -> 0 | K74: =('Thurs (2)'!K74+Thurs!K74+'Tues '!K74+Wed!K74+Fri!K74+'Mon '!K74+'Wed (2)'!K74+Sun!K74+Sat!K74) -> 0 | L74: =('Thurs (2)'!L74+Thurs!L74+'Tues '!L74+Wed!L74+Fri!L74+'Mon '!L74+'Wed (2)'!L74+Sun!L74+Sat!L74) -> 0 | M74: =('Thurs (2)'!M74+Thurs!M74+'Tues '!M74+Wed!M74+Fri!M74+'Mon '!M74+'Wed (2)'!M74+Sun!M74+Sat!M74) -> 0 | N74: =('Thurs (2)'!N74+Thurs!N74+'Tues '!N74+Wed!N74+Fri!N74+'Mon '!N74+'Wed (2)'!N74+Sun!N74+Sat!N74) -> 0 | ... T74: =('Thurs (2)'!T74+Thurs!T74+'Tues '!T74+Wed!T74+Fri!T74+'Mon '!T74+'Wed (2)'!T74+Sun!T74+Sat!T74) -> 0 | U74: =IFERROR(I74/H74,0) -> 0 | V74: =IFERROR(SUM(H74+L74)/G74,0) -> 0

Sheet Wed
C1: ALP | E1: LEADERSHIP ALP | F1: Appts | G1: Pres | H1: Sales | I1: POS SITS | J1: POS SA | K1: VET SITS | L1: VET SA | M1: REF OBT | N1: REF SITS | O1: REF SA | P1: OTS SITS | Q1: OTS SA | R1: N1
B2: RUST RGA | C2: =SUM(C5,C14,C17) -> 774 | E2: =SUM(E5,E14,E17) -> 774 | F2: =SUM(F5,F14,F17) -> 19 | G2: =SUM(G5,G14,G17) -> 9 | H2: =SUM(H5,H14,H17) -> 1 | I2: =SUM(I5,I14,I17) -> 0 | J2: =SUM(J5,J14,J17) -> 0 | K2: =SUM(K5,K14,K17) -> 5 | L2: =SUM(L5,L14,L17) -> 0 | ... R2: =SUM(R5,R14,R17) -> 3
C3: # of Agents | E3: ALP per sale | F3: Show Rate | G3: Close Ratio | H3: ALP/Agent | J3: POS Close | L3: VET Close | M3: REF Per Sit | O3: REF Close | Q3: OTS Close
C4: =SUM(C7,C19,C16) -> 45 | E4: =IFERROR(C2/H2,0) -> 774 | F4: =IFERROR((G2+R2)/F2,0) -> 0.63157895 | G4: =IFERROR(H2/G2,0) -> 0.11111111 | H4: =(C2/C4) -> 17.2 | J4: =IFERROR(J2/I2,0) -> 0 | L4: =IFERROR(L2/K2,0) -> 0 | M4: =IFERROR(M2/G2,0) -> 1.4444444 | O4: =IFERROR(O2/N2,0) -> 0 | Q4: =IFERROR(Q2/P2,0) -> 0
B5: Ashley Rust | C5: =SUMIF(A:A,B5,T:T) -> 0 | E5: =SUMIFS(T:T,A:A,B5,D:D,"Y") -> 0 | F5: =SUMIF(A:A,B5,G:G) -> 8 | G5: =SUMIF(A:A,B5,H:H) -> 2 | H5: =SUMIF(A:A,B5,I:I) -> 0 | I5: =SUMIF(A:A,B5,P:P) -> 0 | J5: =SUMIF(A:A,B5,Q:Q) -> 0 | K5: =SUMIF(A:A,B5,R:R) -> 0 | L5: =SUMIF(A:A,B5,S:S) -> 0 | M5: =SUMIF(A:A,B5,M:M) -> 7 | N5: =SUMIF(A:A,B5,N:N) -> 1 | O5: =SUMIF(A:A,B5,O:O) -> 0 | P5: =SUMIF(A:A,B5,J:J) -> 1 | Q5: =SUMIF(A:A,B5,K:K) -> 0 | R5: =SUMIF(A:A,B5,L:L) -> 1
C6: # of Agents | E6: ALP per sale | F6: Show Rate | G6: Close Ratio | H6: ALP/Agent | J6: POS Close | L6: VET Close | M6: REF Per Sit | O6: REF Close | Q6: OTS Close
C7: =COUNTIFS(A:A,B5) -> 19 | E7: =IFERROR(C5/H5,0) -> 0 | F7: =IFERROR((G5+R5)/F5,0) -> 0.375 | G7: =IFERROR(H5/G5,0) -> 0 | H7: =(C5/C7) -> 0 | J7: =IFERROR(J5/I5,0) -> 0 | L7: =IFERROR(L5/K5,0) -> 0 | M7: =IFERROR(M5/SUM(R5+G5,0),"") -> 2.3333333 | O7: =IFERROR(O5/N5,0) -> 0 | Q7: =IFERROR(Q5/P5,0) -> 0
B8: Troy Williams | C8: =SUMIF(B:B,B8,T:T) -> 0 | E8: =SUMIFS(T:T,B:B,B8,D:D,"Y") -> 0 | F8: =SUMIF(B39:B1137,B8,G39:G1137) -> 0 | G8: =SUMIF(B39:B1137,B8,H39:H1137) -> 0 | H8: =SUMIF(B39:B1137,B8,I39:I1137) -> 0 | I8: =SUMIF(B39:B1137,B8,P39:P1137) -> 0 | J8: =SUMIF(B39:B1137,B8,Q39:Q1137) -> 0 | K8: =SUMIF(B39:B1137,B8,R39:R1137) -> 0 | L8: =SUMIF(B39:B1137,B8,S39:S1137) -> 0 | M8: =SUMIF(B39:B1137,B8,M39:M1137) -> 0 | N8: =SUMIF(B39:B1137,B8,N39:N1137) -> 0 | O8: =SUMIF(B39:B1137,B8,O39:O1137) -> 0 | P8: =SUMIF(B39:B1137,B8,J39:J1137) -> 0 | Q8: =SUMIF(B39:B1137,B8,K39:K1137) -> 0 | R8: =SUMIF(B39:B1137,B8,L39:L1137) -> 0
C9: # of Agents | E9: ALP per sale | F9: Show Rate | G9: Close Ratio | H9: ALP/Agent | J9: POS Close | L9: VET Close | M9: REF Per Sit | O9: REF Close | Q9: OTS Close
C10: =COUNTIFS(B28:B1137,B8) -> 5 | E10: =IFERROR(C8/H8,0) -> 0 | F10: =IFERROR((G8+R8)/F8,0) -> 0 | G10: =IFERROR(H8/G8,0) -> 0 | H10: =(C8/C10) -> 0 | J10: =IFERROR(J8/I8,0) -> 0 | L10: =IFERROR(L8/K8,0) -> 0 | M10: =IFERROR(M8/SUM(G8+R8,0),"") | O10: =IFERROR(O8/N8,0) -> 0 | Q10: =IFERROR(Q8/P8,0) -> 0
B11: Karami Kovar | C11: =SUMIF(B:B,B11,T:T) -> 0 | E11: =SUMIFS(T:T,B:B,B11,D:D,"Y") -> 0 | F11: =SUMIF(B28:B1137,B11,G28:G1137) -> 6 | G11: =SUMIF(C28:C1137,C11,H28:H1137) -> 0 | H11: =SUMIF(D28:D1137,D11,I28:I1137) -> 0 | I11: =SUMIF(E28:E1137,E11,J28:J1137) -> 0 | J11: =SUMIF(F28:F1137,F11,K28:K1137) -> 0 | K11: =SUMIF(G28:G1137,G11,L28:L1137) -> 0 | L11: =SUMIF(H28:H1137,H11,M28:M1137) -> 0 | M11: =SUMIF(I28:I1137,I11,N28:N1137) -> 2 | ... R11: =SUMIF(N28:N1137,N11,S28:S1137) -> 0
C12: # of Agents | E12: ALP per sale | F12: Show Rate | G12: Close Ratio | H12: ALP/Agent | J12: POS Close | L12: VET Close | M12: REF Per Sit | O12: REF Close | Q12: OTS Close
C13: =COUNTIFS(B27:B1137,B11) -> 11 | E13: =IFERROR(C11/H11,0) -> 0 | F13: =IFERROR((G11+R11)/F11,0) -> 0 | G13: =IFERROR(H11/G11,0) -> 0 | H13: =(C11/C13) -> 0 | J13: =IFERROR(J11/I11,0) -> 0 | L13: =IFERROR(L11/K11,0) -> 0 | M13: =IFERROR(M11/SUM(G11+R11,0),"") | O13: =IFERROR(O11/N11,0) -> 0 | Q13: =IFERROR(Q11/P11,0) -> 0
B14: Joy Vann-Austin | C14: =SUMIF(A:A,B14,T:T) -> 774 | E14: =SUMIFS(T:T,A:A,B14,D:D,"Y") -> 774 | F14: =SUMIF(A:A,B14,G:G) -> 2 | G14: =SUMIF(A:A,B14,H:H) -> 2 | H14: =SUMIF(A:A,B14,I:I) -> 1 | I14: =SUMIF(A:A,B14,P:P) -> 0 | J14: =SUMIF(A:A,B14,Q:Q) -> 0 | K14: =SUMIF(A:A,B14,R:R) -> 1 | L14: =SUMIF(A:A,B14,S:S) -> 0 | M14: =SUMIF(A:A,B14,M:M) -> 2 | N14: =SUMIF(A:A,B14,N:N) -> 0 | O14: =SUMIF(A:A,B14,O:O) -> 0 | P14: =SUMIF(A:A,B14,J:J) -> 1 | Q14: =SUMIF(A:A,B14,K:K) -> 0 | R14: =SUMIF(A:A,B14,L:L) -> 1
C15: # of Agents | E15: ALP per sale | F15: Show Rate | G15: Close Ratio | H15: ALP/Agent | J15: POS Close | L15: VET Close | M15: REF Per Sit | O15: REF Close | Q15: OTS Close
C16: =COUNTIFS(A:A,B14) -> 4 | E16: =IFERROR(C14/H14,0) -> 774 | F16: =IFERROR((G14+R14)/F14,0) -> 1.5 | G16: =IFERROR(H14/G14,0) -> 0.5 | H16: =(C14/C16) -> 193.5 | J16: =IFERROR(J14/I14,0) -> 0 | L16: =IFERROR(L14/K14,0) -> 0 | M16: =IFERROR(M14/SUM(R14+G14,0),"") -> 0.66666667 | O16: =IFERROR(O14/N14,0) -> 0 | Q16: =IFERROR(Q14/P14,0) -> 0
B17: Torian Fields | C17: =SUMIF(A:A,B17,T:T) -> 0 | E17: =SUMIFS(T:T,A:A,B17,D:D,"Y") -> 0 | F17: =SUMIF(A:A,B17,G:G) -> 9 | G17: =SUMIF(A:A,B17,H:H) -> 5 | H17: =SUMIF(A:A,B17,I:I) -> 0 | I17: =SUMIF(A:A,B17,P:P) -> 0 | J17: =SUMIF(A:A,B17,Q:Q) -> 0 | K17: =SUMIF(A:A,B17,R:R) -> 4 | L17: =SUMIF(A:A,B17,S:S) -> 0 | M17: =SUMIF(A:A,B17,M:M) -> 4 | N17: =SUMIF(A:A,B17,N:N) -> 1 | O17: =SUMIF(A:A,B17,O:O) -> 0 | P17: =SUMIF(A:A,B17,J:J) -> 3 | Q17: =SUMIF(A:A,B17,K:K) -> 0 | R17: =SUMIF(A:A,B17,L:L) -> 1
C18: # of Agents | E18: ALP per sale | F18: Show Rate | G18: Close Ratio | H18: ALP/Agent | J18: POS Close | L18: VET Close | M18: REF Per Sit | O18: REF Close | Q18: OTS Close
C19: =COUNTIFS(A:A,B17) -> 22 | E19: =IFERROR(C17/H17,0) -> 0 | F19: =IFERROR((G17+R17)/F17,0) -> 0.66666667 | G19: =IFERROR(H17/G17,0) -> 0 | H19: =(C17/C19) -> 0 | J19: =IFERROR(J17/I17,0) -> 0 | L19: =IFERROR(L17/K17,0) -> 0 | M19: =IFERROR(M17/SUM(G17+R17,0),"") -> 0.66666667 | O19: =IFERROR(O17/N17,0) -> 0 | Q19: =IFERROR(Q17/P17,0) -> 0
B20: Devin Gould | C20: =SUMIF(B:B,B20,T:T) -> 0 | E20: =SUMIFS(T:T,B:B,B20,D:D,"Y") -> 0 | F20: =SUMIF(B47:B1137,B20,G47:G1137) -> 8 | G20: =SUMIF(B47:B1137,B20,H47:H1137) -> 4 | H20: =SUMIF(B47:B1137,B20,I47:I1137) -> 0 | I20: =SUMIF(B47:B1137,B20,P47:P1137) -> 0 | J20: =SUMIF(B47:B1137,B20,Q47:Q1137) -> 0 | K20: =SUMIF(B47:B1137,B20,R47:R1137) -> 3 | L20: =SUMIF(B47:B1137,B20,S47:S1137) -> 0 | M20: =SUMIF(B47:B1137,B20,M47:M1137) -> 4 | N20: =SUMIF(B47:B1137,B20,N47:N1137) -> 1 | O20: =SUMIF(B47:B1137,B20,O47:O1137) -> 0 | P20: =SUMIF(B47:B1137,B20,J47:J1137) -> 2 | Q20: =SUMIF(B47:B1137,B20,K47:K1137) -> 0 | R20: =SUMIF(B47:B1137,B20,L47:L1137) -> 1
C21: # of Agents | E21: ALP per sale | F21: Show Rate | G21: Close Ratio | H21: ALP/Agent | J21: POS Close | L21: VET Close | M21: REF Per Sit | O21: REF Close | Q21: OTS Close
C22: =COUNTIFS(B28:B1137,B20) -> 14 | E22: =IFERROR(C20/H20,0) -> 0 | F22: =IFERROR((G20+R20)/F20,0) -> 0.625 | G22: =IFERROR(H20/G20,0) -> 0 | H22: =(C20/C22) -> 0 | J22: =IFERROR(J20/I20,0) -> 0 | L22: =IFERROR(L20/K20,0) -> 0 | M22: =IFERROR(M20/SUM(G20+R20,0),"") -> 0.8 | O22: =IFERROR(O20/N20,0) -> 0 | Q22: =IFERROR(Q20/P20,0) -> 0
B23: Mikaela Hayes | C23: =SUMIF(B:B,B23,T:T) -> 0 | E23: =SUMIFS(T:T,B:B,B23,D:D,"Y") -> 0 | F23: =SUMIF(B50:B1137,B23,G50:G1137) -> 1 | G23: =SUMIF(B50:B1137,B23,H50:H1137) -> 1 | H23: =SUMIF(B50:B1137,B23,I50:I1137) -> 0 | I23: =SUMIF(B50:B1137,B23,P50:P1137) -> 0 | J23: =SUMIF(B50:B1137,B23,Q50:Q1137) -> 0 | K23: =SUMIF(B50:B1137,B23,R50:R1137) -> 1 | L23: =SUMIF(B50:B1137,B23,S50:S1137) -> 0 | M23: =SUMIF(B50:B1137,B23,M50:M1137) -> 0 | N23: =SUMIF(B50:B1137,B23,N50:N1137) -> 0 | O23: =SUMIF(B50:B1137,B23,O50:O1137) -> 0 | P23: =SUMIF(B50:B1137,B23,J50:J1137) -> 1 | Q23: =SUMIF(B50:B1137,B23,K50:K1137) -> 0 | R23: =SUMIF(B50:B1137,B23,L50:L1137) -> 0
C24: # of Agents | E24: ALP per sale | F24: Show Rate | G24: Close Ratio | H24: ALP/Agent | J24: POS Close | L24: VET Close | M24: REF Per Sit | O24: REF Close | Q24: OTS Close
C25: =COUNTIFS(B33:B1137,B23) -> 5 | E25: =IFERROR(C23/H23,0) -> 0 | F25: =IFERROR((G23+R23)/F23,0) -> 1 | G25: =IFERROR(H23/G23,0) -> 0 | H25: =(C23/C25) -> 0 | J25: =IFERROR(J23/I23,0) -> 0 | L25: =IFERROR(L23/K23,0) -> 0 | M25: =IFERROR(M23/SUM(G23+R23,0),"") -> 0 | O25: =IFERROR(O23/N23,0) -> 0 | Q25: =IFERROR(Q23/P23,0) -> 0
A27: MGA | B27: GA | C27: SA | E27: State | F27: Agent | G27: SETS | H27: SITS | I27: SALES | J27: OTS SITS | K27: OTS SALES | L27: N1 | M27: REF OBT | N27: REF SITS | O27: REF SALES | P27: POS SITS | Q27: POS SALES | R27: VETS SITS | S27: VET SALES | T27: ALP | U27: Close | V27: Show | W27: Code Date
A28: Ashley Rust | D28: Y | F28: Ashley Rust | U28: =IFERROR(I28/H28,0) -> 0 | V28: =IFERROR(SUM(H28+L28)/G28,0) -> 0
A29: Ashley Rust | F29: Karly Kelly | U29: =IFERROR(I29/H29,0) -> 0 | V29: =IFERROR(SUM(H29+L29)/G29,0) -> 0
A30: Ashley Rust | F30: Andrea Mulder | G30: 2 | H30: 0 | I30: 0 | J30: 0 | K30: 0 | L30: 0 | M30: 0 | N30: 0 | O30: 0 | P30: 0 | Q30: 0 | R30: 0 | S30: 0 | T30: 0 | U30: =IFERROR(I30/H30,0) -> 0 | V30: =IFERROR(SUM(H30+L30)/G30,0) -> 0
A31: Ashley Rust | B31: Karami Kovar | D31: Y | F31: Karami Kovar | U31: =IFERROR(I31/H31,0) -> 0 | V31: =IFERROR(SUM(H31+L31)/G31,0) -> 0
A32: Ashley Rust | B32: Karami Kovar | F32: Bridgett McDaniels Russell | U32: =IFERROR(I32/H32,0) -> 0 | V32: =IFERROR(SUM(H32+L32)/G32,0) -> 0
A33: Ashley Rust | B33: Karami Kovar | C33: Jasmine Marquez | D33: Y | F33: Jasmine Marquez | G33: 0 | H33: 0 | I33: 0 | J33: 0 | K33: 0 | L33: 0 | M33: 0 | N33: 0 | O33: 0 | P33: 0 | Q33: 0 | R33: 0 | S33: 0 | T33: 0 | U33: =IFERROR(I33/H33,0) -> 0 | V33: =IFERROR(SUM(H33+L33)/G33,0) -> 0
A34: Ashley Rust | B34: Karami Kovar | C34: Jasmine Marquez | F34: Ashley Varner-Warren | G34: 1 | H34: 0 | I34: 0 | J34: 0 | K34: 0 | L34: 0 | M34: 0 | N34: 0 | O34: 0 | P34: 0 | Q34: 0 | R34: 0 | S34: 0 | T34: 0 | U34: =IFERROR(I34/H34,0) -> 0 | V34: =IFERROR(SUM(H34+L34)/G34,0) -> 0
A35: Ashley Rust | B35: Karami Kovar | C35: Jasmine Marquez | F35: Kristen Walton | G35: 2 | H35: 1 | I35: 0 | J35: 0 | K35: 0 | L35: 1 | M35: 4 | N35: 0 | O35: 0 | P35: 0 | Q35: 0 | R35: 0 | S35: 0 | T35: 0 | U35: =IFERROR(I35/H35,0) -> 0 | V35: =IFERROR(SUM(H35+L35)/G35,0) -> 1
A36: Ashley Rust | B36: Karami Kovar | C36: Jasmine Marquez | F36: Sara Subo | G36: 0 | H36: 0 | I36: 0 | J36: 0 | K36: 0 | L36: 0 | M36: 0 | N36: 0 | O36: 0 | P36: 0 | Q36: 0 | R36: 0 | S36: 0 | T36: 0 | U36: =IFERROR(I36/H36,0) -> 0 | V36: =IFERROR(SUM(H36+L36)/G36,0) -> 0
A37: Ashley Rust | B37: Karami Kovar | C37: Jasmine Marquez | F37: Thomas Kirk | G37: 0 | H37: 0 | I37: 0 | J37: 0 | K37: 0 | L37: 0 | M37: 0 | N37: 0 | O37: 0 | P37: 0 | Q37: 0 | R37: 0 | S37: 0 | T37: 0 | U37: =IFERROR(I37/H37,0) -> 0 | V37: =IFERROR(SUM(H37+L37)/G37,0) -> 0
A38: Ashley Rust | B38: Karami Kovar | C38: Jasmine Marquez | F38: Isabela Maneiro | G38: 3 | H38: 1 | I38: 0 | J38: 1 | K38: 0 | L38: 0 | M38: 3 | N38: 1 | O38: 0 | P38: 0 | Q38: 0 | R38: 0 | S38: 0 | T38: 0 | U38: =IFERROR(I38/H38,0) -> 0 | V38: =IFERROR(SUM(H38+L38)/G38,0) -> 0.33333333
A39: Ashley Rust | B39: Karami Kovar | C39: Ryan Cummings | D39: Y | F39: Ryan Cummings | U39: =IFERROR(I39/H39,0) -> 0 | V39: =IFERROR(SUM(H39+L39)/G39,0) -> 0
A40: Ashley Rust | B40: Karami Kovar | C40: Ryan Cummings | F40: Charlie Hudson | U40: =IFERROR(I40/H40,0) -> 0 | V40: =IFERROR(SUM(H40+L40)/G40,0) -> 0
A41: Ashley Rust | B41: Karami Kovar | C41: Ryan Cummings | F41: Bayle Kizer | U41: =IFERROR(I41/H41,0) -> 0 | V41: =IFERROR(SUM(H41+L41)/G41,0) -> 0
A42: Ashley Rust | B42: Troy Williams | D42: Y | F42: Troy Williams | U42: =IFERROR(I42/H42,0) -> 0 | V42: =IFERROR(SUM(H42+L42)/G42,0) -> 0
A43: Ashley Rust | B43: Troy Williams | F43: Janice Elgedawy | U43: =IFERROR(I43/H43,0) -> 0 | V43: =IFERROR(SUM(H43+L43)/G43,0) -> 0
A44: Ashley Rust | B44: Troy Williams | F44: Garland Simrel | U44: =IFERROR(I44/H44,0) -> 0 | V44: =IFERROR(SUM(H44+L44)/G44,0) -> 0
A45: Ashley Rust | B45: Troy Williams | F45: Sherita Thompson | U45: =IFERROR(I45/H45,0) -> 0 | V45: =IFERROR(SUM(H45+L45)/G45,0) -> 0
A46: Ashley Rust | B46: Troy Williams | F46: Kay Finch | U46: =IFERROR(I46/H46,0) -> 0 | V46: =IFERROR(SUM(H46+L46)/G46,0) -> 0
A47: MGA | B47: GA | C47: SA | E47: State | F47: Agent | G47: SETS | H47: SITS | I47: SALES | J47: OTS SITS | K47: OTS SALES | L47: N1 | M47: REF OBT | N47: REF SITS | O47: REF SALES | P47: POS SITS | Q47: POS SALES | R47: VETS SITS | S47: VET SALES | T47: ALP | U47: Close | V47: Show
A48: Joy Vann-Austin | D48: Y | F48: Joy Vann-Austin | U48: =IFERROR(I48/H48,0) -> 0 | V48: =IFERROR(SUM(H48+L48)/G48,0) -> 0
A49: Joy Vann-Austin | F49: Courtney Morse | U49: =IFERROR(I49/H49,0) -> 0 | V49: =IFERROR(SUM(H49+L49)/G49,0) -> 0
A50: Joy Vann-Austin | C50: Shayla Williamson | D50: Y | F50: Shayla Williamson | G50: 2 | H50: 2 | I50: 1 | J50: 1 | K50: 0 | L50: 1 | M50: 2 | N50: 0 | O50: 0 | P50: 0 | Q50: 0 | R50: 1 | S50: 0 | T50: 774 | U50: =IFERROR(I50/H50,0) -> 0.5 | V50: =IFERROR(SUM(H50+L50)/G50,0) -> 1.5
A51: Joy Vann-Austin | C51: Shayla Williamson | F51: Jared Kelly | U51: =IFERROR(I51/H51,0) -> 0 | V51: =IFERROR(SUM(H51+L51)/G51,0) -> 0
A52: MGA | B52: GA | C52: SA | E52: State | F52: Agent | G52: SETS | H52: SITS | I52: SALES | J52: OTS SITS | K52: OTS SALES | L52: N1 | M52: REF OBT | N52: REF SITS | O52: REF SALES | P52: POS SITS | Q52: POS SALES | R52: VETS SITS | S52: VET SALES | T52: ALP | U52: Close | V52: Show
A53: Torian Fields | D53: Y | F53: Torian Fields | G53: 0 | H53: 0 | I53: 0 | J53: 0 | K53: 0 | L53: 0 | M53: 0 | N53: 0 | O53: 0 | P53: 0 | Q53: 0 | R53: 0 | S53: 0 | T53: 0 | U53: =IFERROR(I53/H53,0) -> 0 | V53: =IFERROR(SUM(H53+L53)/G53,0) -> 0
A54: Torian Fields | F54: Martin Austin | G54: 0 | H54: 0 | I54: 0 | J54: 0 | K54: 0 | L54: 0 | M54: 0 | N54: 0 | O54: 0 | P54: 0 | Q54: 0 | R54: 0 | S54: 0 | T54: 0 | U54: =IFERROR(I54/H54,0) -> 0 | V54: =IFERROR(SUM(H54+L54)/G54,0) -> 0
A55: Torian Fields | F55: Harley Negrete | G55: 0 | H55: 0 | I55: 0 | J55: 0 | K55: 0 | L55: 0 | M55: 0 | N55: 0 | O55: 0 | P55: 0 | Q55: 0 | R55: 0 | S55: 0 | T55: 0 | U55: =IFERROR(I55/H55,0) -> 0 | V55: =IFERROR(SUM(H55+L55)/G55,0) -> 0
A56: Torian Fields | B56: Devin Gould | D56: Y | F56: Devin Gould | G56: 5 | H56: 2 | I56: 0 | J56: 2 | K56: 0 | L56: 0 | M56: 0 | N56: 1 | O56: 0 | P56: 0 | Q56: 0 | R56: 1 | S56: 0 | T56: 0 | U56: =IFERROR(I56/H56,0) -> 0 | V56: =IFERROR(SUM(H56+L56)/G56,0) -> 0.4
A57: Torian Fields | B57: Devin Gould | F57: Mariah Ruff | G57: 0 | H57: 0 | I57: 0 | J57: 0 | K57: 0 | L57: 0 | M57: 0 | N57: 0 | O57: 0 | P57: 0 | Q57: 0 | R57: 0 | S57: 0 | T57: 0 | U57: =IFERROR(I57/H57,0) -> 0 | V57: =IFERROR(SUM(H57+L57)/G57,0) -> 0
A58: Torian Fields | B58: Devin Gould | F58: Dontae Reeves | G58: 0 | H58: 0 | I58: 0 | J58: 0 | K58: 0 | L58: 0 | M58: 0 | N58: 0 | O58: 0 | P58: 0 | Q58: 0 | R58: 0 | S58: 0 | T58: 0 | U58: =IFERROR(I58/H58,0) -> 0 | V58: =IFERROR(SUM(H58+L58)/G58,0) -> 0
A59: Torian Fields | B59: Devin Gould | F59: Lisa Berry | G59: 0 | H59: 0 | I59: 0 | J59: 0 | K59: 0 | L59: 0 | M59: 0 | N59: 0 | O59: 0 | P59: 0 | Q59: 0 | R59: 0 | S59: 0 | T59: 0 | U59: =IFERROR(I59/H59,0) -> 0 | V59: =IFERROR(SUM(H59+L59)/G59,0) -> 0
A60: Torian Fields | B60: Devin Gould | C60: Abdur-Rahmaan Yaseen | D60: Y | F60: Abdur-Rahmaan Yaseen | G60: 2 | H60: 2 | I60: 0 | J60: 0 | K60: 0 | L60: 1 | M60: 4 | N60: 0 | O60: 0 | P60: 0 | Q60: 0 | R60: 2 | S60: 0 | T60: 0 | U60: =IFERROR(I60/H60,0) -> 0 | V60: =IFERROR(SUM(H60+L60)/G60,0) -> 1.5
A61: Torian Fields | B61: Devin Gould | C61: Abdur-Rahmaan Yaseen | F61: Anthony Golino | G61: 0 | H61: 0 | I61: 0 | J61: 0 | K61: 0 | L61: 0 | M61: 0 | N61: 0 | O61: 0 | P61: 0 | Q61: 0 | R61: 0 | S61: 0 | T61: 0 | U61: =IFERROR(I61/H61,0) -> 0 | V61: =IFERROR(SUM(H61+L61)/G61,0) -> 0
A62: Torian Fields | B62: Devin Gould | C62: Abdur-Rahmaan Yaseen | F62: Cameron Platt | G62: 1 | H62: 0 | I62: 0 | J62: 0 | K62: 0 | L62: 0 | M62: 0 | N62: 0 | O62: 0 | P62: 0 | Q62: 0 | R62: 0 | S62: 0 | T62: 0 | U62: =IFERROR(I62/H62,0) -> 0 | V62: =IFERROR(SUM(H62+L62)/G62,0) -> 0
A63: Torian Fields | B63: Devin Gould | C63: Abdur-Rahmaan Yaseen | F63: Taylor Waldrip | G63: 0 | H63: 0 | I63: 0 | J63: 0 | K63: 0 | L63: 0 | M63: 0 | N63: 0 | O63: 0 | P63: 0 | Q63: 0 | R63: 0 | S63: 0 | T63: 0 | U63: =IFERROR(I63/H63,0) -> 0 | V63: =IFERROR(SUM(H63+L63)/G63,0) -> 0
A64: Torian Fields | B64: Devin Gould | C64: Abdur-Rahmaan Yaseen | F64: Jeton Ajvazi | G64: 0 | H64: 0 | I64: 0 | J64: 0 | K64: 0 | L64: 0 | M64: 0 | N64: 0 | O64: 0 | P64: 0 | Q64: 0 | R64: 0 | S64: 0 | T64: 0 | U64: =IFERROR(I64/H64,0) -> 0 | V64: =IFERROR(SUM(H64+L64)/G64,0) -> 0
A65: Torian Fields | B65: Devin Gould | C65: Abdur-Rahmaan Yaseen | F65: Jillian Graham | G65: 0 | H65: 0 | I65: 0 | J65: 0 | K65: 0 | L65: 0 | M65: 0 | N65: 0 | O65: 0 | P65: 0 | Q65: 0 | R65: 0 | S65: 0 | T65: 0 | U65: =IFERROR(I65/H65,0) -> 0 | V65: =IFERROR(SUM(H65+L65)/G65,0) -> 0
A66: Torian Fields | B66: Devin Gould | C66: Bryson Brewer | D66: Y | F66: Bryson Brewer | G66: 0 | H66: 0 | I66: 0 | J66: 0 | K66: 0 | L66: 0 | M66: 0 | N66: 0 | O66: 0 | P66: 0 | Q66: 0 | R66: 0 | S66: 0 | T66: 0 | U66: =IFERROR(I66/H66,0) -> 0 | V66: =IFERROR(SUM(H66+L66)/G66,0) -> 0
A67: Torian Fields | B67: Devin Gould | C67: Maria Farley | D67: Y | F67: Maria Farley | G67: 0 | H67: 0 | I67: 0 | J67: 0 | K67: 0 | L67: 0 | M67: 0 | N67: 0 | O67: 0 | P67: 0 | Q67: 0 | R67: 0 | S67: 0 | T67: 0 | U67: =IFERROR(I67/H67,0) -> 0 | V67: =IFERROR(SUM(H67+L67)/G67,0) -> 0
A68: Torian Fields | B68: Devin Gould | C68: Maria Farley | F68: Deanna Delgado | G68: 0 | H68: 0 | I68: 0 | J68: 0 | K68: 0 | L68: 0 | M68: 0 | N68: 0 | O68: 0 | P68: 0 | Q68: 0 | R68: 0 | S68: 0 | T68: 0 | U68: =IFERROR(I68/H68,0) -> 0 | V68: =IFERROR(SUM(H68+L68)/G68,0) -> 0
A69: Torian Fields | B69: Devin Gould | C69: Maria Farley | F69: Anya White | G69: 0 | H69: 0 | I69: 0 | J69: 0 | K69: 0 | L69: 0 | M69: 0 | N69: 0 | O69: 0 | P69: 0 | Q69: 0 | R69: 0 | S69: 0 | T69: 0 | U69: =IFERROR(I69/H69,0) -> 0 | V69: =IFERROR(SUM(H69+L69)/G69,0) -> 0
A70: Torian Fields | B70: Mikaela Hayes | D70: Y | F70: Mikaela Hayes | G70: 0 | H70: 0 | I70: 0 | J70: 0 | K70: 0 | L70: 0 | M70: 0 | N70: 0 | O70: 0 | P70: 0 | Q70: 0 | R70: 0 | S70: 0 | T70: 0 | U70: =IFERROR(I70/H70,0) -> 0 | V70: =IFERROR(SUM(H70+L70)/G70,0) -> 0
A71: Torian Fields | B71: Mikaela Hayes | F71: Olivia Ruble | G71: 0 | H71: 0 | I71: 0 | J71: 0 | K71: 0 | L71: 0 | M71: 0 | N71: 0 | O71: 0 | P71: 0 | Q71: 0 | R71: 0 | S71: 0 | T71: 0 | U71: =IFERROR(I71/H71,0) -> 0 | V71: =IFERROR(SUM(H71+L71)/G71,0) -> 0
A72: Torian Fields | B72: Mikaela Hayes | F72: Jaedeen Perez | G72: 0 | H72: 0 | I72: 0 | J72: 0 | K72: 0 | L72: 0 | M72: 0 | N72: 0 | O72: 0 | P72: 0 | Q72: 0 | R72: 0 | S72: 0 | T72: 0 | U72: =IFERROR(I72/H72,0) -> 0 | V72: =IFERROR(SUM(H72+L72)/G72,0) -> 0
A73: Torian Fields | B73: Mikaela Hayes | F73: Kelsey Folcarelli | G73: 1 | H73: 1 | I73: 0 | J73: 1 | K73: 0 | L73: 0 | M73: 0 | N73: 0 | O73: 0 | P73: 0 | Q73: 0 | R73: 1 | S73: 0 | T73: 0 | U73: =IFERROR(I73/H73,0) -> 0 | V73: =IFERROR(SUM(H73+L73)/G73,0) -> 1
A74: Torian Fields | B74: Mikaela Hayes | C74: Deandre Barber | D74: Y | F74: Deandre Barber | G74: 0 | H74: 0 | I74: 0 | J74: 0 | K74: 0 | L74: 0 | M74: 0 | N74: 0 | O74: 0 | P74: 0 | Q74: 0 | R74: 0 | S74: 0 | T74: 0 | U74: =IFERROR(I74/H74,0) -> 0 | V74: =IFERROR(SUM(H74+L74)/G74,0) -> 0

Sheet Thurs
C1: ALP | E1: LEADERSHIP ALP | F1: Appts | G1: Pres | H1: Sales | I1: POS SITS | J1: POS SA | K1: VET SITS | L1: VET SA | M1: REF OBT | N1: REF SITS | O1: REF SA | P1: OTS SITS | Q1: OTS SA | R1: N1
B2: RUST RGA | C2: =SUM(C5,C14,C17) -> 670 | E2: =SUM(E5,E14,E17) -> 0 | F2: =SUM(F5,F14,F17) -> 18 | G2: =SUM(G5,G14,G17) -> 6 | H2: =SUM(H5,H14,H17) -> 1 | I2: =SUM(I5,I14,I17) -> 0 | J2: =SUM(J5,J14,J17) -> 0 | K2: =SUM(K5,K14,K17) -> 4 | L2: =SUM(L5,L14,L17) -> 0 | ... R2: =SUM(R5,R14,R17) -> 2
C3: # of Agents | E3: ALP per sale | F3: Show Rate | G3: Close Ratio | H3: ALP/Agent | J3: POS Close | L3: VET Close | M3: REF Per Sit | O3: REF Close | Q3: OTS Close
C4: =SUM(C7,C19,C16) -> 45 | E4: =IFERROR(C2/H2,0) -> 670 | F4: =IFERROR((G2+R2)/F2,0) -> 0.44444444 | G4: =IFERROR(H2/G2,0) -> 0.16666667 | H4: =(C2/C4) -> 14.888889 | J4: =IFERROR(J2/I2,0) -> 0 | L4: =IFERROR(L2/K2,0) -> 0 | M4: =IFERROR(M2/G2,0) -> 1.5 | O4: =IFERROR(O2/N2,0) -> 0.5 | Q4: =IFERROR(Q2/P2,0) -> 0
B5: Ashley Rust | C5: =SUMIF(A:A,B5,T:T) -> 670 | E5: =SUMIFS(T:T,A:A,B5,D:D,"Y") -> 0 | F5: =SUMIF(A:A,B5,G:G) -> 8 | G5: =SUMIF(A:A,B5,H:H) -> 5 | H5: =SUMIF(A:A,B5,I:I) -> 1 | I5: =SUMIF(A:A,B5,P:P) -> 0 | J5: =SUMIF(A:A,B5,Q:Q) -> 0 | K5: =SUMIF(A:A,B5,R:R) -> 3 | L5: =SUMIF(A:A,B5,S:S) -> 0 | M5: =SUMIF(A:A,B5,M:M) -> 8 | N5: =SUMIF(A:A,B5,N:N) -> 2 | O5: =SUMIF(A:A,B5,O:O) -> 1 | P5: =SUMIF(A:A,B5,J:J) -> 0 | Q5: =SUMIF(A:A,B5,K:K) -> 0 | R5: =SUMIF(A:A,B5,L:L) -> 2
C6: # of Agents | E6: ALP per sale | F6: Show Rate | G6: Close Ratio | H6: ALP/Agent | J6: POS Close | L6: VET Close | M6: REF Per Sit | O6: REF Close | Q6: OTS Close
C7: =COUNTIFS(A:A,B5) -> 19 | E7: =IFERROR(C5/H5,0) -> 670 | F7: =IFERROR((G5+R5)/F5,0) -> 0.875 | G7: =IFERROR(H5/G5,0) -> 0.2 | H7: =(C5/C7) -> 35.263158 | J7: =IFERROR(J5/I5,0) -> 0 | L7: =IFERROR(L5/K5,0) -> 0 | M7: =IFERROR(M5/SUM(R5+G5,0),"") -> 1.1428571 | O7: =IFERROR(O5/N5,0) -> 0.5 | Q7: =IFERROR(Q5/P5,0) -> 0
B8: Troy Williams | C8: =SUMIF(B:B,B8,T:T) -> 0 | E8: =SUMIFS(T:T,B:B,B8,D:D,"Y") -> 0 | F8: =SUMIF(B39:B1137,B8,G39:G1137) -> 0 | G8: =SUMIF(B39:B1137,B8,H39:H1137) -> 0 | H8: =SUMIF(B39:B1137,B8,I39:I1137) -> 0 | I8: =SUMIF(B39:B1137,B8,P39:P1137) -> 0 | J8: =SUMIF(B39:B1137,B8,Q39:Q1137) -> 0 | K8: =SUMIF(B39:B1137,B8,R39:R1137) -> 0 | L8: =SUMIF(B39:B1137,B8,S39:S1137) -> 0 | M8: =SUMIF(B39:B1137,B8,M39:M1137) -> 0 | N8: =SUMIF(B39:B1137,B8,N39:N1137) -> 0 | O8: =SUMIF(B39:B1137,B8,O39:O1137) -> 0 | P8: =SUMIF(B39:B1137,B8,J39:J1137) -> 0 | Q8: =SUMIF(B39:B1137,B8,K39:K1137) -> 0 | R8: =SUMIF(B39:B1137,B8,L39:L1137) -> 0
C9: # of Agents | E9: ALP per sale | F9: Show Rate | G9: Close Ratio | H9: ALP/Agent | J9: POS Close | L9: VET Close | M9: REF Per Sit | O9: REF Close | Q9: OTS Close
C10: =COUNTIFS(B28:B1137,B8) -> 5 | E10: =IFERROR(C8/H8,0) -> 0 | F10: =IFERROR((G8+R8)/F8,0) -> 0 | G10: =IFERROR(H8/G8,0) -> 0 | H10: =(C8/C10) -> 0 | J10: =IFERROR(J8/I8,0) -> 0 | L10: =IFERROR(L8/K8,0) -> 0 | M10: =IFERROR(M8/SUM(G8+R8,0),"") | O10: =IFERROR(O8/N8,0) -> 0 | Q10: =IFERROR(Q8/P8,0) -> 0
B11: Karami Kovar | C11: =SUMIF(B:B,B11,T:T) -> 670 | E11: =SUMIFS(T:T,B:B,B11,D:D,"Y") -> 0 | F11: =SUMIF(B28:B1137,B11,G28:G1137) -> 5 | G11: =SUMIF(C28:C1137,C11,H28:H1137) -> 0 | H11: =SUMIF(D28:D1137,D11,I28:I1137) -> 0 | I11: =SUMIF(E28:E1137,E11,J28:J1137) -> 0 | J11: =SUMIF(F28:F1137,F11,K28:K1137) -> 0 | K11: =SUMIF(G28:G1137,G11,L28:L1137) -> 0 | L11: =SUMIF(H28:H1137,H11,M28:M1137) -> 0 | M11: =SUMIF(I28:I1137,I11,N28:N1137) -> 1 | ... R11: =SUMIF(N28:N1137,N11,S28:S1137) -> 0
C12: # of Agents | E12: ALP per sale | F12: Show Rate | G12: Close Ratio | H12: ALP/Agent | J12: POS Close | L12: VET Close | M12: REF Per Sit | O12: REF Close | Q12: OTS Close
C13: =COUNTIFS(B27:B1137,B11) -> 11 | E13: =IFERROR(C11/H11,0) -> 0 | F13: =IFERROR((G11+R11)/F11,0) -> 0 | G13: =IFERROR(H11/G11,0) -> 0 | H13: =(C11/C13) -> 60.909091 | J13: =IFERROR(J11/I11,0) -> 0 | L13: =IFERROR(L11/K11,0) -> 0 | M13: =IFERROR(M11/SUM(G11+R11,0),"") | O13: =IFERROR(O11/N11,0) -> 0 | Q13: =IFERROR(Q11/P11,0) -> 0
B14: Joy Vann-Austin | C14: =SUMIF(A:A,B14,T:T) -> 0 | E14: =SUMIFS(T:T,A:A,B14,D:D,"Y") -> 0 | F14: =SUMIF(A:A,B14,G:G) -> 2 | G14: =SUMIF(A:A,B14,H:H) -> 0 | H14: =SUMIF(A:A,B14,I:I) -> 0 | I14: =SUMIF(A:A,B14,P:P) -> 0 | J14: =SUMIF(A:A,B14,Q:Q) -> 0 | K14: =SUMIF(A:A,B14,R:R) -> 0 | L14: =SUMIF(A:A,B14,S:S) -> 0 | M14: =SUMIF(A:A,B14,M:M) -> 0 | N14: =SUMIF(A:A,B14,N:N) -> 0 | O14: =SUMIF(A:A,B14,O:O) -> 0 | P14: =SUMIF(A:A,B14,J:J) -> 0 | Q14: =SUMIF(A:A,B14,K:K) -> 0 | R14: =SUMIF(A:A,B14,L:L) -> 0
C15: # of Agents | E15: ALP per sale | F15: Show Rate | G15: Close Ratio | H15: ALP/Agent | J15: POS Close | L15: VET Close | M15: REF Per Sit | O15: REF Close | Q15: OTS Close
C16: =COUNTIFS(A:A,B14) -> 4 | E16: =IFERROR(C14/H14,0) -> 0 | F16: =IFERROR((G14+R14)/F14,0) -> 0 | G16: =IFERROR(H14/G14,0) -> 0 | H16: =(C14/C16) -> 0 | J16: =IFERROR(J14/I14,0) -> 0 | L16: =IFERROR(L14/K14,0) -> 0 | M16: =IFERROR(M14/SUM(R14+G14,0),"") | O16: =IFERROR(O14/N14,0) -> 0 | Q16: =IFERROR(Q14/P14,0) -> 0
B17: Torian Fields | C17: =SUMIF(A:A,B17,T:T) -> 0 | E17: =SUMIFS(T:T,A:A,B17,D:D,"Y") -> 0 | F17: =SUMIF(A:A,B17,G:G) -> 8 | G17: =SUMIF(A:A,B17,H:H) -> 1 | H17: =SUMIF(A:A,B17,I:I) -> 0 | I17: =SUMIF(A:A,B17,P:P) -> 0 | J17: =SUMIF(A:A,B17,Q:Q) -> 0 | K17: =SUMIF(A:A,B17,R:R) -> 1 | L17: =SUMIF(A:A,B17,S:S) -> 0 | M17: =SUMIF(A:A,B17,M:M) -> 1 | N17: =SUMIF(A:A,B17,N:N) -> 0 | O17: =SUMIF(A:A,B17,O:O) -> 0 | P17: =SUMIF(A:A,B17,J:J) -> 0 | Q17: =SUMIF(A:A,B17,K:K) -> 0 | R17: =SUMIF(A:A,B17,L:L) -> 0
C18: # of Agents | E18: ALP per sale | F18: Show Rate | G18: Close Ratio | H18: ALP/Agent | J18: POS Close | L18: VET Close | M18: REF Per Sit | O18: REF Close | Q18: OTS Close
C19: =COUNTIFS(A:A,B17) -> 22 | E19: =IFERROR(C17/H17,0) -> 0 | F19: =IFERROR((G17+R17)/F17,0) -> 0.125 | G19: =IFERROR(H17/G17,0) -> 0 | H19: =(C17/C19) -> 0 | J19: =IFERROR(J17/I17,0) -> 0 | L19: =IFERROR(L17/K17,0) -> 0 | M19: =IFERROR(M17/SUM(G17+R17,0),"") -> 1 | O19: =IFERROR(O17/N17,0) -> 0 | Q19: =IFERROR(Q17/P17,0) -> 0
B20: Devin Gould | C20: =SUMIF(B:B,B20,T:T) -> 0 | E20: =SUMIFS(T:T,B:B,B20,D:D,"Y") -> 0 | F20: =SUMIF(B47:B1137,B20,G47:G1137) -> 8 | G20: =SUMIF(B47:B1137,B20,H47:H1137) -> 1 | H20: =SUMIF(B47:B1137,B20,I47:I1137) -> 0 | I20: =SUMIF(B47:B1137,B20,P47:P1137) -> 0 | J20: =SUMIF(B47:B1137,B20,Q47:Q1137) -> 0 | K20: =SUMIF(B47:B1137,B20,R47:R1137) -> 1 | L20: =SUMIF(B47:B1137,B20,S47:S1137) -> 0 | M20: =SUMIF(B47:B1137,B20,M47:M1137) -> 1 | N20: =SUMIF(B47:B1137,B20,N47:N1137) -> 0 | O20: =SUMIF(B47:B1137,B20,O47:O1137) -> 0 | P20: =SUMIF(B47:B1137,B20,J47:J1137) -> 0 | Q20: =SUMIF(B47:B1137,B20,K47:K1137) -> 0 | R20: =SUMIF(B47:B1137,B20,L47:L1137) -> 0
C21: # of Agents | E21: ALP per sale | F21: Show Rate | G21: Close Ratio | H21: ALP/Agent | J21: POS Close | L21: VET Close | M21: REF Per Sit | O21: REF Close | Q21: OTS Close
C22: =COUNTIFS(B28:B1137,B20) -> 14 | E22: =IFERROR(C20/H20,0) -> 0 | F22: =IFERROR((G20+R20)/F20,0) -> 0.125 | G22: =IFERROR(H20/G20,0) -> 0 | H22: =(C20/C22) -> 0 | J22: =IFERROR(J20/I20,0) -> 0 | L22: =IFERROR(L20/K20,0) -> 0 | M22: =IFERROR(M20/SUM(G20+R20,0),"") -> 1 | O22: =IFERROR(O20/N20,0) -> 0 | Q22: =IFERROR(Q20/P20,0) -> 0
B23: Mikaela Hayes | C23: =SUMIF(B:B,B23,T:T) -> 0 | E23: =SUMIFS(T:T,B:B,B23,D:D,"Y") -> 0 | F23: =SUMIF(B50:B1137,B23,G50:G1137) -> 0 | G23: =SUMIF(B50:B1137,B23,H50:H1137) -> 0 | H23: =SUMIF(B50:B1137,B23,I50:I1137) -> 0 | I23: =SUMIF(B50:B1137,B23,P50:P1137) -> 0 | J23: =SUMIF(B50:B1137,B23,Q50:Q1137) -> 0 | K23: =SUMIF(B50:B1137,B23,R50:R1137) -> 0 | L23: =SUMIF(B50:B1137,B23,S50:S1137) -> 0 | M23: =SUMIF(B50:B1137,B23,M50:M1137) -> 0 | N23: =SUMIF(B50:B1137,B23,N50:N1137) -> 0 | O23: =SUMIF(B50:B1137,B23,O50:O1137) -> 0 | P23: =SUMIF(B50:B1137,B23,J50:J1137) -> 0 | Q23: =SUMIF(B50:B1137,B23,K50:K1137) -> 0 | R23: =SUMIF(B50:B1137,B23,L50:L1137) -> 0
C24: # of Agents | E24: ALP per sale | F24: Show Rate | G24: Close Ratio | H24: ALP/Agent | J24: POS Close | L24: VET Close | M24: REF Per Sit | O24: REF Close | Q24: OTS Close
C25: =COUNTIFS(B33:B1137,B23) -> 5 | E25: =IFERROR(C23/H23,0) -> 0 | F25: =IFERROR((G23+R23)/F23,0) -> 0 | G25: =IFERROR(H23/G23,0) -> 0 | H25: =(C23/C25) -> 0 | J25: =IFERROR(J23/I23,0) -> 0 | L25: =IFERROR(L23/K23,0) -> 0 | M25: =IFERROR(M23/SUM(G23+R23,0),"") | O25: =IFERROR(O23/N23,0) -> 0 | Q25: =IFERROR(Q23/P23,0) -> 0
A27: MGA | B27: GA | C27: SA | E27: State | F27: Agent | G27: SETS | H27: SITS | I27: SALES | J27: OTS SITS | K27: OTS SALES | L27: N1 | M27: REF OBT | N27: REF SITS | O27: REF SALES | P27: POS SITS | Q27: POS SALES | R27: VETS SITS | S27: VET SALES | T27: ALP | U27: Close | V27: Show | W27: Code Date
A28: Ashley Rust | D28: Y | F28: Ashley Rust | U28: =IFERROR(I28/H28,0) -> 0 | V28: =IFERROR(SUM(H28+L28)/G28,0) -> 0
A29: Ashley Rust | F29: Karly Kelly | U29: =IFERROR(I29/H29,0) -> 0 | V29: =IFERROR(SUM(H29+L29)/G29,0) -> 0
A30: Ashley Rust | F30: Andrea Mulder | G30: 3 | H30: 3 | I30: 0 | J30: 0 | K30: 0 | L30: 2 | M30: 0 | N30: 1 | O30: 0 | P30: 0 | Q30: 0 | R30: 2 | S30: 0 | T30: 0 | U30: =IFERROR(I30/H30,0) -> 0 | V30: =IFERROR(SUM(H30+L30)/G30,0) -> 1.6666667
A31: Ashley Rust | B31: Karami Kovar | D31: Y | F31: Karami Kovar | U31: =IFERROR(I31/H31,0) -> 0 | V31: =IFERROR(SUM(H31+L31)/G31,0) -> 0
A32: Ashley Rust | B32: Karami Kovar | F32: Bridgett McDaniels Russell | U32: =IFERROR(I32/H32,0) -> 0 | V32: =IFERROR(SUM(H32+L32)/G32,0) -> 0
A33: Ashley Rust | B33: Karami Kovar | C33: Jasmine Marquez | D33: Y | F33: Jasmine Marquez | G33: 1 | H33: 0 | I33: 0 | J33: 0 | K33: 0 | L33: 0 | M33: 0 | N33: 0 | O33: 0 | P33: 0 | Q33: 0 | R33: 0 | S33: 0 | T33: 0 | U33: =IFERROR(I33/H33,0) -> 0 | V33: =IFERROR(SUM(H33+L33)/G33,0) -> 0
A34: Ashley Rust | B34: Karami Kovar | C34: Jasmine Marquez | F34: Ashley Varner-Warren | G34: 0 | H34: 0 | I34: 0 | J34: 0 | K34: 0 | L34: 0 | M34: 0 | N34: 0 | O34: 0 | P34: 0 | Q34: 0 | R34: 0 | S34: 0 | T34: 0 | U34: =IFERROR(I34/H34,0) -> 0 | V34: =IFERROR(SUM(H34+L34)/G34,0) -> 0
A35: Ashley Rust | B35: Karami Kovar | C35: Jasmine Marquez | F35: Kristen Walton | G35: 1 | H35: 0 | I35: 0 | J35: 0 | K35: 0 | L35: 0 | M35: 0 | N35: 0 | O35: 0 | P35: 0 | Q35: 0 | R35: 0 | S35: 0 | T35: 0 | U35: =IFERROR(I35/H35,0) -> 0 | V35: =IFERROR(SUM(H35+L35)/G35,0) -> 0
A36: Ashley Rust | B36: Karami Kovar | C36: Jasmine Marquez | F36: Sara Subo | G36: 0 | H36: 0 | I36: 0 | J36: 0 | K36: 0 | L36: 0 | M36: 0 | N36: 0 | O36: 0 | P36: 0 | Q36: 0 | R36: 0 | S36: 0 | T36: 0 | U36: =IFERROR(I36/H36,0) -> 0 | V36: =IFERROR(SUM(H36+L36)/G36,0) -> 0
A37: Ashley Rust | B37: Karami Kovar | C37: Jasmine Marquez | F37: Thomas Kirk | G37: 1 | H37: 1 | I37: 1 | J37: 0 | K37: 0 | L37: 0 | M37: 3 | N37: 1 | O37: 1 | P37: 0 | Q37: 0 | R37: 0 | S37: 0 | T37: 670 | U37: =IFERROR(I37/H37,0) -> 1 | V37: =IFERROR(SUM(H37+L37)/G37,0) -> 1
A38: Ashley Rust | B38: Karami Kovar | C38: Jasmine Marquez | F38: Isabela Maneiro | G38: 2 | H38: 1 | I38: 0 | J38: 0 | K38: 0 | L38: 0 | M38: 5 | N38: 0 | O38: 0 | P38: 0 | Q38: 0 | R38: 1 | S38: 0 | T38: 0 | U38: =IFERROR(I38/H38,0) -> 0 | V38: =IFERROR(SUM(H38+L38)/G38,0) -> 0.5
A39: Ashley Rust | B39: Karami Kovar | C39: Ryan Cummings | D39: Y | F39: Ryan Cummings | U39: =IFERROR(I39/H39,0) -> 0 | V39: =IFERROR(SUM(H39+L39)/G39,0) -> 0
A40: Ashley Rust | B40: Karami Kovar | C40: Ryan Cummings | F40: Charlie Hudson | U40: =IFERROR(I40/H40,0) -> 0 | V40: =IFERROR(SUM(H40+L40)/G40,0) -> 0
A41: Ashley Rust | B41: Karami Kovar | C41: Ryan Cummings | F41: Bayle Kizer | U41: =IFERROR(I41/H41,0) -> 0 | V41: =IFERROR(SUM(H41+L41)/G41,0) -> 0
A42: Ashley Rust | B42: Troy Williams | D42: Y | F42: Troy Williams | U42: =IFERROR(I42/H42,0) -> 0 | V42: =IFERROR(SUM(H42+L42)/G42,0) -> 0
A43: Ashley Rust | B43: Troy Williams | F43: Janice Elgedawy | U43: =IFERROR(I43/H43,0) -> 0 | V43: =IFERROR(SUM(H43+L43)/G43,0) -> 0
A44: Ashley Rust | B44: Troy Williams | F44: Garland Simrel | U44: =IFERROR(I44/H44,0) -> 0 | V44: =IFERROR(SUM(H44+L44)/G44,0) -> 0
A45: Ashley Rust | B45: Troy Williams | F45: Sherita Thompson | U45: =IFERROR(I45/H45,0) -> 0 | V45: =IFERROR(SUM(H45+L45)/G45,0) -> 0
A46: Ashley Rust | B46: Troy Williams | F46: Kay Finch | U46: =IFERROR(I46/H46,0) -> 0 | V46: =IFERROR(SUM(H46+L46)/G46,0) -> 0
A47: MGA | B47: GA | C47: SA | E47: State | F47: Agent | G47: SETS | H47: SITS | I47: SALES | J47: OTS SITS | K47: OTS SALES | L47: N1 | M47: REF OBT | N47: REF SITS | O47: REF SALES | P47: POS SITS | Q47: POS SALES | R47: VETS SITS | S47: VET SALES | T47: ALP | U47: Close | V47: Show
A48: Joy Vann-Austin | D48: Y | F48: Joy Vann-Austin | U48: =IFERROR(I48/H48,0) -> 0 | V48: =IFERROR(SUM(H48+L48)/G48,0) -> 0
A49: Joy Vann-Austin | F49: Courtney Morse | U49: =IFERROR(I49/H49,0) -> 0 | V49: =IFERROR(SUM(H49+L49)/G49,0) -> 0
A50: Joy Vann-Austin | C50: Shayla Williamson | D50: Y | F50: Shayla Williamson | G50: 2 | H50: 0 | I50: 0 | J50: 0 | K50: 0 | L50: 0 | M50: 0 | N50: 0 | O50: 0 | P50: 0 | Q50: 0 | R50: 0 | S50: 0 | T50: 0 | U50: =IFERROR(I50/H50,0) -> 0 | V50: =IFERROR(SUM(H50+L50)/G50,0) -> 0
A51: Joy Vann-Austin | C51: Shayla Williamson | F51: Jared Kelly | U51: =IFERROR(I51/H51,0) -> 0 | V51: =IFERROR(SUM(H51+L51)/G51,0) -> 0
A52: MGA | B52: GA | C52: SA | E52: State | F52: Agent | G52: SETS | H52: SITS | I52: SALES | J52: OTS SITS | K52: OTS SALES | L52: N1 | M52: REF OBT | N52: REF SITS | O52: REF SALES | P52: POS SITS | Q52: POS SALES | R52: VETS SITS | S52: VET SALES | T52: ALP | U52: Close | V52: Show
A53: Torian Fields | D53: Y | F53: Torian Fields | G53: 0 | H53: 0 | I53: 0 | J53: 0 | K53: 0 | L53: 0 | M53: 0 | N53: 0 | O53: 0 | P53: 0 | Q53: 0 | R53: 0 | S53: 0 | T53: 0 | U53: =IFERROR(I53/H53,0) -> 0 | V53: =IFERROR(SUM(H53+L53)/G53,0) -> 0
A54: Torian Fields | F54: Martin Austin | G54: 0 | H54: 0 | I54: 0 | J54: 0 | K54: 0 | L54: 0 | M54: 0 | N54: 0 | O54: 0 | P54: 0 | Q54: 0 | R54: 0 | S54: 0 | T54: 0 | U54: =IFERROR(I54/H54,0) -> 0 | V54: =IFERROR(SUM(H54+L54)/G54,0) -> 0
A55: Torian Fields | F55: Harley Negrete | G55: 0 | H55: 0 | I55: 0 | J55: 0 | K55: 0 | L55: 0 | M55: 0 | N55: 0 | O55: 0 | P55: 0 | Q55: 0 | R55: 0 | S55: 0 | T55: 0 | U55: =IFERROR(I55/H55,0) -> 0 | V55: =IFERROR(SUM(H55+L55)/G55,0) -> 0
A56: Torian Fields | B56: Devin Gould | D56: Y | F56: Devin Gould | G56: 3 | H56: 0 | I56: 0 | J56: 0 | K56: 0 | L56: 0 | M56: 0 | N56: 0 | O56: 0 | P56: 0 | Q56: 0 | R56: 0 | S56: 0 | T56: 0 | U56: =IFERROR(I56/H56,0) -> 0 | V56: =IFERROR(SUM(H56+L56)/G56,0) -> 0
A57: Torian Fields | B57: Devin Gould | F57: Mariah Ruff | G57: 0 | H57: 0 | I57: 0 | J57: 0 | K57: 0 | L57: 0 | M57: 0 | N57: 0 | O57: 0 | P57: 0 | Q57: 0 | R57: 0 | S57: 0 | T57: 0 | U57: =IFERROR(I57/H57,0) -> 0 | V57: =IFERROR(SUM(H57+L57)/G57,0) -> 0
A58: Torian Fields | B58: Devin Gould | F58: Dontae Reeves | G58: 0 | H58: 0 | I58: 0 | J58: 0 | K58: 0 | L58: 0 | M58: 0 | N58: 0 | O58: 0 | P58: 0 | Q58: 0 | R58: 0 | S58: 0 | T58: 0 | U58: =IFERROR(I58/H58,0) -> 0 | V58: =IFERROR(SUM(H58+L58)/G58,0) -> 0
A59: Torian Fields | B59: Devin Gould | F59: Lisa Berry | G59: 0 | H59: 0 | I59: 0 | J59: 0 | K59: 0 | L59: 0 | M59: 0 | N59: 0 | O59: 0 | P59: 0 | Q59: 0 | R59: 0 | S59: 0 | T59: 0 | U59: =IFERROR(I59/H59,0) -> 0 | V59: =IFERROR(SUM(H59+L59)/G59,0) -> 0
A60: Torian Fields | B60: Devin Gould | C60: Abdur-Rahmaan Yaseen | D60: Y | F60: Abdur-Rahmaan Yaseen | G60: 1 | H60: 1 | I60: 0 | J60: 0 | K60: 0 | L60: 0 | M60: 1 | N60: 0 | O60: 0 | P60: 0 | Q60: 0 | R60: 1 | S60: 0 | T60: 0 | U60: =IFERROR(I60/H60,0) -> 0 | V60: =IFERROR(SUM(H60+L60)/G60,0) -> 1
A61: Torian Fields | B61: Devin Gould | C61: Abdur-Rahmaan Yaseen | F61: Anthony Golino | G61: 0 | H61: 0 | I61: 0 | J61: 0 | K61: 0 | L61: 0 | M61: 0 | N61: 0 | O61: 0 | P61: 0 | Q61: 0 | R61: 0 | S61: 0 | T61: 0 | U61: =IFERROR(I61/H61,0) -> 0 | V61: =IFERROR(SUM(H61+L61)/G61,0) -> 0
A62: Torian Fields | B62: Devin Gould | C62: Abdur-Rahmaan Yaseen | F62: Cameron Platt | G62: 0 | H62: 0 | I62: 0 | J62: 0 | K62: 0 | L62: 0 | M62: 0 | N62: 0 | O62: 0 | P62: 0 | Q62: 0 | R62: 0 | S62: 0 | T62: 0 | U62: =IFERROR(I62/H62,0) -> 0 | V62: =IFERROR(SUM(H62+L62)/G62,0) -> 0
A63: Torian Fields | B63: Devin Gould | C63: Abdur-Rahmaan Yaseen | F63: Taylor Waldrip | G63: 4 | H63: 0 | I63: 0 | J63: 0 | K63: 0 | L63: 0 | M63: 0 | N63: 0 | O63: 0 | P63: 0 | Q63: 0 | R63: 0 | S63: 0 | T63: 0 | U63: =IFERROR(I63/H63,0) -> 0 | V63: =IFERROR(SUM(H63+L63)/G63,0) -> 0
A64: Torian Fields | B64: Devin Gould | C64: Abdur-Rahmaan Yaseen | F64: Jeton Ajvazi | G64: 0 | H64: 0 | I64: 0 | J64: 0 | K64: 0 | L64: 0 | M64: 0 | N64: 0 | O64: 0 | P64: 0 | Q64: 0 | R64: 0 | S64: 0 | T64: 0 | U64: =IFERROR(I64/H64,0) -> 0 | V64: =IFERROR(SUM(H64+L64)/G64,0) -> 0
A65: Torian Fields | B65: Devin Gould | C65: Abdur-Rahmaan Yaseen | F65: Jillian Graham | G65: 0 | H65: 0 | I65: 0 | J65: 0 | K65: 0 | L65: 0 | M65: 0 | N65: 0 | O65: 0 | P65: 0 | Q65: 0 | R65: 0 | S65: 0 | T65: 0 | U65: =IFERROR(I65/H65,0) -> 0 | V65: =IFERROR(SUM(H65+L65)/G65,0) -> 0
A66: Torian Fields | B66: Devin Gould | C66: Bryson Brewer | D66: Y | F66: Bryson Brewer | G66: 0 | H66: 0 | I66: 0 | J66: 0 | K66: 0 | L66: 0 | M66: 0 | N66: 0 | O66: 0 | P66: 0 | Q66: 0 | R66: 0 | S66: 0 | T66: 0 | U66: =IFERROR(I66/H66,0) -> 0 | V66: =IFERROR(SUM(H66+L66)/G66,0) -> 0
A67: Torian Fields | B67: Devin Gould | C67: Maria Farley | D67: Y | F67: Maria Farley | G67: 0 | H67: 0 | I67: 0 | J67: 0 | K67: 0 | L67: 0 | M67: 0 | N67: 0 | O67: 0 | P67: 0 | Q67: 0 | R67: 0 | S67: 0 | T67: 0 | U67: =IFERROR(Fri!I67/Fri!H67,0) -> 0.33333333 | V67: =IFERROR(SUM(Fri!H67+Fri!L67)/Fri!G67,0) -> 0.8
A68: Torian Fields | B68: Devin Gould | C68: Maria Farley | F68: Deanna Delgado | G68: 0 | H68: 0 | I68: 0 | J68: 0 | K68: 0 | L68: 0 | M68: 0 | N68: 0 | O68: 0 | P68: 0 | Q68: 0 | R68: 0 | S68: 0 | T68: 0 | U68: =IFERROR(I68/H68,0) -> 0 | V68: =IFERROR(SUM(H68+L68)/G68,0) -> 0
A69: Torian Fields | B69: Devin Gould | C69: Maria Farley | F69: Anya White | G69: 0 | H69: 0 | I69: 0 | J69: 0 | K69: 0 | L69: 0 | M69: 0 | N69: 0 | O69: 0 | P69: 0 | Q69: 0 | R69: 0 | S69: 0 | T69: 0 | U69: =IFERROR(I69/H69,0) -> 0 | V69: =IFERROR(SUM(H69+L69)/G69,0) -> 0
A70: Torian Fields | B70: Mikaela Hayes | D70: Y | F70: Mikaela Hayes | G70: 0 | H70: 0 | I70: 0 | J70: 0 | K70: 0 | L70: 0 | M70: 0 | N70: 0 | O70: 0 | P70: 0 | Q70: 0 | R70: 0 | S70: 0 | T70: 0 | U70: =IFERROR(I70/H70,0) -> 0 | V70: =IFERROR(SUM(H70+L70)/G70,0) -> 0
A71: Torian Fields | B71: Mikaela Hayes | F71: Olivia Ruble | G71: 0 | H71: 0 | I71: 0 | J71: 0 | K71: 0 | L71: 0 | M71: 0 | N71: 0 | O71: 0 | P71: 0 | Q71: 0 | R71: 0 | S71: 0 | T71: 0 | U71: =IFERROR(I71/H71,0) -> 0 | V71: =IFERROR(SUM(H71+L71)/G71,0) -> 0
A72: Torian Fields | B72: Mikaela Hayes | F72: Jaedeen Perez | G72: 0 | H72: 0 | I72: 0 | J72: 0 | K72: 0 | L72: 0 | M72: 0 | N72: 0 | O72: 0 | P72: 0 | Q72: 0 | R72: 0 | S72: 0 | T72: 0 | U72: =IFERROR(I72/H72,0) -> 0 | V72: =IFERROR(SUM(H72+L72)/G72,0) -> 0
A73: Torian Fields | B73: Mikaela Hayes | F73: Kelsey Folcarelli | G73: 0 | H73: 0 | I73: 0 | J73: 0 | K73: 0 | L73: 0 | M73: 0 | N73: 0 | O73: 0 | P73: 0 | Q73: 0 | R73: 0 | S73: 0 | T73: 0 | U73: =IFERROR(I73/H73,0) -> 0 | V73: =IFERROR(SUM(H73+L73)/G73,0) -> 0
A74: Torian Fields | B74: Mikaela Hayes | C74: Deandre Barber | D74: Y | F74: Deandre Barber | G74: 0 | H74: 0 | I74: 0 | J74: 0 | K74: 0 | L74: 0 | M74: 0 | N74: 0 | O74: 0 | P74: 0 | Q74: 0 | R74: 0 | S74: 0 | T74: 0 | U74: =IFERROR(I74/H74,0) -> 0 | V74: =IFERROR(SUM(H74+L74)/G74,0) -> 0

Sheet Fri
C1: ALP | E1: LEADERSHIP ALP | F1: Appts | G1: Pres | H1: Sales | I1: POS SITS | J1: POS SA | K1: VET SITS | L1: VET SA | M1: REF OBT | N1: REF SITS | O1: REF SA | P1: OTS SITS | Q1: OTS SA | R1: N1
B2: RUST RGA | C2: =SUM(C5,C14,C17) -> 1392 | E2: =SUM(E5,E14,E17) -> 1392 | F2: =SUM(F5,F14,F17) -> 13 | G2: =SUM(G5,G14,G17) -> 6 | H2: =SUM(H5,H14,H17) -> 1 | I2: =SUM(I5,I14,I17) -> 2 | J2: =SUM(J5,J14,J17) -> 0 | K2: =SUM(K5,K14,K17) -> 5 | L2: =SUM(L5,L14,L17) -> 0 | ... R2: =SUM(R5,R14,R17) -> 4
C3: # of Agents | E3: ALP per sale | F3: Show Rate | G3: Close Ratio | H3: ALP/Agent | J3: POS Close | L3: VET Close | M3: REF Per Sit | O3: REF Close | Q3: OTS Close
C4: =SUM(C7,C19,C16) -> 45 | E4: =IFERROR(C2/H2,0) -> 1392 | F4: =IFERROR((G2+R2)/F2,0) -> 0.76923077 | G4: =IFERROR(H2/G2,0) -> 0.16666667 | H4: =(C2/C4) -> 30.933333 | J4: =IFERROR(J2/I2,0) -> 0 | L4: =IFERROR(L2/K2,0) -> 0 | M4: =IFERROR(M2/G2,0) -> 2.1666667 | O4: =IFERROR(O2/N2,0) -> 1 | Q4: =IFERROR(Q2/P2,0) -> 0
B5: Ashley Rust | C5: =SUMIF(A:A,B5,T:T) -> 0 | E5: =SUMIFS(T:T,A:A,B5,D:D,"Y") -> 0 | F5: =SUMIF(A:A,B5,G:G) -> 1 | G5: =SUMIF(A:A,B5,H:H) -> 0 | H5: =SUMIF(A:A,B5,I:I) -> 0 | I5: =SUMIF(A:A,B5,P:P) -> 0 | J5: =SUMIF(A:A,B5,Q:Q) -> 0 | K5: =SUMIF(A:A,B5,R:R) -> 0 | L5: =SUMIF(A:A,B5,S:S) -> 0 | M5: =SUMIF(A:A,B5,M:M) -> 0 | N5: =SUMIF(A:A,B5,N:N) -> 0 | O5: =SUMIF(A:A,B5,O:O) -> 0 | P5: =SUMIF(A:A,B5,J:J) -> 0 | Q5: =SUMIF(A:A,B5,K:K) -> 0 | R5: =SUMIF(A:A,B5,L:L) -> 0
C6: # of Agents | E6: ALP per sale | F6: Show Rate | G6: Close Ratio | H6: ALP/Agent | J6: POS Close | L6: VET Close | M6: REF Per Sit | O6: REF Close | Q6: OTS Close
C7: =COUNTIFS(A:A,B5) -> 19 | E7: =IFERROR(C5/H5,0) -> 0 | F7: =IFERROR((G5+R5)/F5,0) -> 0 | G7: =IFERROR(H5/G5,0) -> 0 | H7: =(C5/C7) -> 0 | J7: =IFERROR(J5/I5,0) -> 0 | L7: =IFERROR(L5/K5,0) -> 0 | M7: =IFERROR(M5/SUM(R5+G5,0),"") | O7: =IFERROR(O5/N5,0) -> 0 | Q7: =IFERROR(Q5/P5,0) -> 0
B8: Troy Williams | C8: =SUMIF(B:B,B8,T:T) -> 0 | E8: =SUMIFS(T:T,B:B,B8,D:D,"Y") -> 0 | F8: =SUMIF(B39:B1137,B8,G39:G1137) -> 0 | G8: =SUMIF(B39:B1137,B8,H39:H1137) -> 0 | H8: =SUMIF(B39:B1137,B8,I39:I1137) -> 0 | I8: =SUMIF(B39:B1137,B8,P39:P1137) -> 0 | J8: =SUMIF(B39:B1137,B8,Q39:Q1137) -> 0 | K8: =SUMIF(B39:B1137,B8,R39:R1137) -> 0 | L8: =SUMIF(B39:B1137,B8,S39:S1137) -> 0 | M8: =SUMIF(B39:B1137,B8,M39:M1137) -> 0 | N8: =SUMIF(B39:B1137,B8,N39:N1137) -> 0 | O8: =SUMIF(B39:B1137,B8,O39:O1137) -> 0 | P8: =SUMIF(B39:B1137,B8,J39:J1137) -> 0 | Q8: =SUMIF(B39:B1137,B8,K39:K1137) -> 0 | R8: =SUMIF(B39:B1137,B8,L39:L1137) -> 0
C9: # of Agents | E9: ALP per sale | F9: Show Rate | G9: Close Ratio | H9: ALP/Agent | J9: POS Close | L9: VET Close | M9: REF Per Sit | O9: REF Close | Q9: OTS Close
C10: =COUNTIFS(B28:B1137,B8) -> 5 | E10: =IFERROR(C8/H8,0) -> 0 | F10: =IFERROR((G8+R8)/F8,0) -> 0 | G10: =IFERROR(H8/G8,0) -> 0 | H10: =(C8/C10) -> 0 | J10: =IFERROR(J8/I8,0) -> 0 | L10: =IFERROR(L8/K8,0) -> 0 | M10: =IFERROR(M8/SUM(G8+R8,0),"") | O10: =IFERROR(O8/N8,0) -> 0 | Q10: =IFERROR(Q8/P8,0) -> 0
B11: Karami Kovar | C11: =SUMIF(B:B,B11,T:T) -> 0 | E11: =SUMIFS(T:T,B:B,B11,D:D,"Y") -> 0 | F11: =SUMIF(B28:B1137,B11,G28:G1137) -> 1 | G11: =SUMIF(C28:C1137,C11,H28:H1137) -> 0 | H11: =SUMIF(D28:D1137,D11,I28:I1137) -> 0 | I11: =SUMIF(E28:E1137,E11,J28:J1137) -> 0 | J11: =SUMIF(F28:F1137,F11,K28:K1137) -> 0 | K11: =SUMIF(G28:G1137,G11,L28:L1137) -> 0 | L11: =SUMIF(H28:H1137,H11,M28:M1137) -> 0 | M11: =SUMIF(I28:I1137,I11,N28:N1137) -> 0 | ... R11: =SUMIF(N28:N1137,N11,S28:S1137) -> 0
C12: # of Agents | E12: ALP per sale | F12: Show Rate | G12: Close Ratio | H12: ALP/Agent | J12: POS Close | L12: VET Close | M12: REF Per Sit | O12: REF Close | Q12: OTS Close
C13: =COUNTIFS(B27:B1137,B11) -> 11 | E13: =IFERROR(C11/H11,0) -> 0 | F13: =IFERROR((G11+R11)/F11,0) -> 0 | G13: =IFERROR(H11/G11,0) -> 0 | H13: =(C11/C13) -> 0 | J13: =IFERROR(J11/I11,0) -> 0 | L13: =IFERROR(L11/K11,0) -> 0 | M13: =IFERROR(M11/SUM(G11+R11,0),"") | O13: =IFERROR(O11/N11,0) -> 2 | Q13: =IFERROR(Q11/P11,0) -> 0
B14: Joy Vann-Austin | C14: =SUMIF(A:A,B14,T:T) -> 0 | E14: =SUMIFS(T:T,A:A,B14,D:D,"Y") -> 0 | F14: =SUMIF(A:A,B14,G:G) -> 1 | G14: =SUMIF(A:A,B14,H:H) -> 1 | H14: =SUMIF(A:A,B14,I:I) -> 0 | I14: =SUMIF(A:A,B14,P:P) -> 0 | J14: =SUMIF(A:A,B14,Q:Q) -> 0 | K14: =SUMIF(A:A,B14,R:R) -> 1 | L14: =SUMIF(A:A,B14,S:S) -> 0 | M14: =SUMIF(A:A,B14,M:M) -> 2 | N14: =SUMIF(A:A,B14,N:N) -> 0 | O14: =SUMIF(A:A,B14,O:O) -> 0 | P14: =SUMIF(A:A,B14,J:J) -> 0 | Q14: =SUMIF(A:A,B14,K:K) -> 0 | R14: =SUMIF(A:A,B14,L:L) -> 1
C15: # of Agents | E15: ALP per sale | F15: Show Rate | G15: Close Ratio | H15: ALP/Agent | J15: POS Close | L15: VET Close | M15: REF Per Sit | O15: REF Close | Q15: OTS Close
C16: =COUNTIFS(A:A,B14) -> 4 | E16: =IFERROR(C14/H14,0) -> 0 | F16: =IFERROR((G14+R14)/F14,0) -> 2 | G16: =IFERROR(H14/G14,0) -> 0 | H16: =(C14/C16) -> 0 | J16: =IFERROR(J14/I14,0) -> 0 | L16: =IFERROR(L14/K14,0) -> 0 | M16: =IFERROR(M14/SUM(R14+G14,0),"") -> 1 | O16: =IFERROR(O14/N14,0) -> 0 | Q16: =IFERROR(Q14/P14,0) -> 0
B17: Torian Fields | C17: =SUMIF(A:A,B17,T:T) -> 1392 | E17: =SUMIFS(T:T,A:A,B17,D:D,"Y") -> 1392 | F17: =SUMIF(A:A,B17,G:G) -> 11 | G17: =SUMIF(A:A,B17,H:H) -> 5 | H17: =SUMIF(A:A,B17,I:I) -> 1 | I17: =SUMIF(A:A,B17,P:P) -> 2 | J17: =SUMIF(A:A,B17,Q:Q) -> 0 | K17: =SUMIF(A:A,B17,R:R) -> 4 | L17: =SUMIF(A:A,B17,S:S) -> 0 | M17: =SUMIF(A:A,B17,M:M) -> 11 | N17: =SUMIF(A:A,B17,N:N) -> 1 | O17: =SUMIF(A:A,B17,O:O) -> 1 | P17: =SUMIF(A:A,B17,J:J) -> 3 | Q17: =SUMIF(A:A,B17,K:K) -> 0 | R17: =SUMIF(A:A,B17,L:L) -> 3
C18: # of Agents | E18: ALP per sale | F18: Show Rate | G18: Close Ratio | H18: ALP/Agent | J18: POS Close | L18: VET Close | M18: REF Per Sit | O18: REF Close | Q18: OTS Close
C19: =COUNTIFS(A:A,B17) -> 22 | E19: =IFERROR(C17/H17,0) -> 1392 | F19: =IFERROR((G17+R17)/F17,0) -> 0.72727273 | G19: =IFERROR(H17/G17,0) -> 0.2 | H19: =(C17/C19) -> 63.272727 | J19: =IFERROR(J17/I17,0) -> 0 | L19: =IFERROR(L17/K17,0) -> 0 | M19: =IFERROR(M17/SUM(G17+R17,0),"") -> 1.375 | O19: =IFERROR(O17/N17,0) -> 1 | Q19: =IFERROR(Q17/P17,0) -> 0
B20: Devin Gould | C20: =SUMIF(B:B,B20,T:T) -> 1392 | E20: =SUMIFS(T:T,B:B,B20,D:D,"Y") -> 1392 | F20: =SUMIF(B47:B1137,B20,G47:G1137) -> 11 | G20: =SUMIF(B47:B1137,B20,H47:H1137) -> 5 | H20: =SUMIF(B47:B1137,B20,I47:I1137) -> 1 | I20: =SUMIF(B47:B1137,B20,P47:P1137) -> 2 | J20: =SUMIF(B47:B1137,B20,Q47:Q1137) -> 0 | K20: =SUMIF(B47:B1137,B20,R47:R1137) -> 4 | L20: =SUMIF(B47:B1137,B20,S47:S1137) -> 0 | M20: =SUMIF(B47:B1137,B20,M47:M1137) -> 11 | N20: =SUMIF(B47:B1137,B20,N47:N1137) -> 1 | O20: =SUMIF(B47:B1137,B20,O47:O1137) -> 1 | P20: =SUMIF(B47:B1137,B20,J47:J1137) -> 3 | Q20: =SUMIF(B47:B1137,B20,K47:K1137) -> 0 | R20: =SUMIF(B47:B1137,B20,L47:L1137) -> 3
C21: # of Agents | E21: ALP per sale | F21: Show Rate | G21: Close Ratio | H21: ALP/Agent | J21: POS Close | L21: VET Close | M21: REF Per Sit | O21: REF Close | Q21: OTS Close
C22: =COUNTIFS(B28:B1137,B20) -> 14 | E22: =IFERROR(C20/H20,0) -> 1392 | F22: =IFERROR((G20+R20)/F20,0) -> 0.72727273 | G22: =IFERROR(H20/G20,0) -> 0.2 | H22: =(C20/C22) -> 99.428571 | J22: =IFERROR(J20/I20,0) -> 0 | L22: =IFERROR(L20/K20,0) -> 0 | M22: =IFERROR(M20/SUM(G20+R20,0),"") -> 1.375 | O22: =IFERROR(O20/N20,0) -> 1 | Q22: =IFERROR(Q20/P20,0) -> 0
B23: Mikaela Hayes | C23: =SUMIF(B:B,B23,T:T) -> 0 | E23: =SUMIFS(T:T,B:B,B23,D:D,"Y") -> 0 | F23: =SUMIF(B50:B1137,B23,G50:G1137) -> 0 | G23: =SUMIF(B50:B1137,B23,H50:H1137) -> 0 | H23: =SUMIF(B50:B1137,B23,I50:I1137) -> 0 | I23: =SUMIF(B50:B1137,B23,P50:P1137) -> 0 | J23: =SUMIF(B50:B1137,B23,Q50:Q1137) -> 0 | K23: =SUMIF(B50:B1137,B23,R50:R1137) -> 0 | L23: =SUMIF(B50:B1137,B23,S50:S1137) -> 0 | M23: =SUMIF(B50:B1137,B23,M50:M1137) -> 0 | N23: =SUMIF(B50:B1137,B23,N50:N1137) -> 0 | O23: =SUMIF(B50:B1137,B23,O50:O1137) -> 0 | P23: =SUMIF(B50:B1137,B23,J50:J1137) -> 0 | Q23: =SUMIF(B50:B1137,B23,K50:K1137) -> 0 | R23: =SUMIF(B50:B1137,B23,L50:L1137) -> 0
C24: # of Agents | E24: ALP per sale | F24: Show Rate | G24: Close Ratio | H24: ALP/Agent | J24: POS Close | L24: VET Close | M24: REF Per Sit | O24: REF Close | Q24: OTS Close
C25: =COUNTIFS(B33:B1137,B23) -> 5 | E25: =IFERROR(C23/H23,0) -> 0 | F25: =IFERROR((G23+R23)/F23,0) -> 0 | G25: =IFERROR(H23/G23,0) -> 0 | H25: =(C23/C25) -> 0 | J25: =IFERROR(J23/I23,0) -> 0 | L25: =IFERROR(L23/K23,0) -> 0 | M25: =IFERROR(M23/SUM(G23+R23,0),"") | O25: =IFERROR(O23/N23,0) -> 0 | Q25: =IFERROR(Q23/P23,0) -> 0
A27: MGA | B27: GA | C27: SA | E27: State | F27: Agent | G27: SETS | H27: SITS | I27: SALES | J27: OTS SITS | K27: OTS SALES | L27: N1 | M27: REF OBT | N27: REF SITS | O27: REF SALES | P27: POS SITS | Q27: POS SALES | R27: VETS SITS | S27: VET SALES | T27: ALP | U27: Close | V27: Show | W27: Code Date
A28: Ashley Rust | D28: Y | F28: Ashley Rust | U28: =IFERROR(I28/H28,0) -> 0 | V28: =IFERROR(SUM(H28+L28)/G28,0) -> 0
A29: Ashley Rust | F29: Karly Kelly | U29: =IFERROR(I29/H29,0) -> 0 | V29: =IFERROR(SUM(H29+L29)/G29,0) -> 0
A30: Ashley Rust | F30: Andrea Mulder | G30: 0 | H30: 0 | I30: 0 | J30: 0 | K30: 0 | L30: 0 | M30: 0 | N30: 0 | O30: 0 | P30: 0 | Q30: 0 | R30: 0 | S30: 0 | T30: 0 | U30: =IFERROR(I30/H30,0) -> 0 | V30: =IFERROR(SUM(H30+L30)/G30,0) -> 0
A31: Ashley Rust | B31: Karami Kovar | D31: Y | F31: Karami Kovar | U31: =IFERROR(I31/H31,0) -> 0 | V31: =IFERROR(SUM(H31+L31)/G31,0) -> 0
A32: Ashley Rust | B32: Karami Kovar | F32: Bridgett McDaniels Russell | U32: =IFERROR(I32/H32,0) -> 0 | V32: =IFERROR(SUM(H32+L32)/G32,0) -> 0
A33: Ashley Rust | B33: Karami Kovar | C33: Jasmine Marquez | D33: Y | F33: Jasmine Marquez | G33: 0 | H33: 0 | I33: 0 | J33: 0 | K33: 0 | L33: 0 | M33: 0 | N33: 0 | O33: 0 | P33: 0 | Q33: 0 | R33: 0 | S33: 0 | T33: 0 | U33: =IFERROR(I33/H33,0) -> 0 | V33: =IFERROR(SUM(H33+L33)/G33,0) -> 0
A34: Ashley Rust | B34: Karami Kovar | C34: Jasmine Marquez | F34: Ashley Varner-Warren | G34: 0 | H34: 0 | I34: 0 | J34: 0 | K34: 0 | L34: 0 | M34: 0 | N34: 0 | O34: 0 | P34: 0 | Q34: 0 | R34: 0 | S34: 0 | T34: 0 | U34: =IFERROR(I34/H34,0) -> 0 | V34: =IFERROR(SUM(H34+L34)/G34,0) -> 0
A35: Ashley Rust | B35: Karami Kovar | C35: Jasmine Marquez | F35: Kristen Walton | G35: 0 | H35: 0 | I35: 0 | J35: 0 | K35: 0 | L35: 0 | M35: 0 | N35: 0 | O35: 0 | P35: 0 | Q35: 0 | R35: 0 | S35: 0 | T35: 0 | U35: =IFERROR(I35/H35,0) -> 0 | V35: =IFERROR(SUM(H35+L35)/G35,0) -> 0
A36: Ashley Rust | B36: Karami Kovar | C36: Jasmine Marquez | F36: Sara Subo | G36: 0 | H36: 0 | I36: 0 | J36: 0 | K36: 0 | L36: 0 | M36: 0 | N36: 0 | O36: 0 | P36: 0 | Q36: 0 | R36: 0 | S36: 0 | T36: 0 | U36: =IFERROR(I36/H36,0) -> 0 | V36: =IFERROR(SUM(H36+L36)/G36,0) -> 0
A37: Ashley Rust | B37: Karami Kovar | C37: Jasmine Marquez | F37: Thomas Kirk | G37: 0 | H37: 0 | I37: 0 | J37: 0 | K37: 0 | L37: 0 | M37: 0 | N37: 0 | O37: 0 | P37: 0 | Q37: 0 | R37: 0 | S37: 0 | T37: 0 | U37: =IFERROR(I37/H37,0) -> 0 | V37: =IFERROR(SUM(H37+L37)/G37,0) -> 0
A38: Ashley Rust | B38: Karami Kovar | C38: Jasmine Marquez | F38: Isabela Maneiro | G38: 1 | H38: 0 | I38: 0 | J38: 0 | K38: 0 | L38: 0 | M38: 0 | N38: 0 | O38: 0 | P38: 0 | Q38: 0 | R38: 0 | S38: 0 | T38: 0 | U38: =IFERROR(I38/H38,0) -> 0 | V38: =IFERROR(SUM(H38+L38)/G38,0) -> 0
A39: Ashley Rust | B39: Karami Kovar | C39: Ryan Cummings | D39: Y | F39: Ryan Cummings | U39: =IFERROR(I39/H39,0) -> 0 | V39: =IFERROR(SUM(H39+L39)/G39,0) -> 0
A40: Ashley Rust | B40: Karami Kovar | C40: Ryan Cummings | F40: Charlie Hudson | U40: =IFERROR(I40/H40,0) -> 0 | V40: =IFERROR(SUM(H40+L40)/G40,0) -> 0
A41: Ashley Rust | B41: Karami Kovar | C41: Ryan Cummings | F41: Bayle Kizer | U41: =IFERROR(I41/H41,0) -> 0 | V41: =IFERROR(SUM(H41+L41)/G41,0) -> 0
A42: Ashley Rust | B42: Troy Williams | D42: Y | F42: Troy Williams | U42: =IFERROR(I42/H42,0) -> 0 | V42: =IFERROR(SUM(H42+L42)/G42,0) -> 0
A43: Ashley Rust | B43: Troy Williams | F43: Janice Elgedawy | U43: =IFERROR(I43/H43,0) -> 0 | V43: =IFERROR(SUM(H43+L43)/G43,0) -> 0
A44: Ashley Rust | B44: Troy Williams | F44: Garland Simrel | U44: =IFERROR(I44/H44,0) -> 0 | V44: =IFERROR(SUM(H44+L44)/G44,0) -> 0
A45: Ashley Rust | B45: Troy Williams | F45: Sherita Thompson | U45: =IFERROR(I45/H45,0) -> 0 | V45: =IFERROR(SUM(H45+L45)/G45,0) -> 0
A46: Ashley Rust | B46: Troy Williams | F46: Kay Finch | U46: =IFERROR(I46/H46,0) -> 0 | V46: =IFERROR(SUM(H46+L46)/G46,0) -> 0
A47: MGA | B47: GA | C47: SA | E47: State | F47: Agent | G47: SETS | H47: SITS | I47: SALES | J47: OTS SITS | K47: OTS SALES | L47: N1 | M47: REF OBT | N47: REF SITS | O47: REF SALES | P47: POS SITS | Q47: POS SALES | R47: VETS SITS | S47: VET SALES | T47: ALP | U47: Close | V47: Show
A48: Joy Vann-Austin | D48: Y | F48: Joy Vann-Austin | U48: =IFERROR(I48/H48,0) -> 0 | V48: =IFERROR(SUM(H48+L48)/G48,0) -> 0
A49: Joy Vann-Austin | F49: Courtney Morse | U49: =IFERROR(I49/H49,0) -> 0 | V49: =IFERROR(SUM(H49+L49)/G49,0) -> 0
A50: Joy Vann-Austin | C50: Shayla Williamson | D50: Y | F50: Shayla Williamson | G50: 1 | H50: 1 | I50: 0 | J50: 0 | K50: 0 | L50: 1 | M50: 2 | N50: 0 | O50: 0 | P50: 0 | Q50: 0 | R50: 1 | S50: 0 | T50: 0 | U50: =IFERROR(I50/H50,0) -> 0 | V50: =IFERROR(SUM(H50+L50)/G50,0) -> 2
A51: Joy Vann-Austin | C51: Shayla Williamson | F51: Jared Kelly | U51: =IFERROR(I51/H51,0) -> 0 | V51: =IFERROR(SUM(H51+L51)/G51,0) -> 0
A52: MGA | B52: GA | C52: SA | E52: State | F52: Agent | G52: SETS | H52: SITS | I52: SALES | J52: OTS SITS | K52: OTS SALES | L52: N1 | M52: REF OBT | N52: REF SITS | O52: REF SALES | P52: POS SITS | Q52: POS SALES | R52: VETS SITS | S52: VET SALES | T52: ALP | U52: Close | V52: Show
A53: Torian Fields | D53: Y | F53: Torian Fields | G53: 0 | H53: 0 | I53: 0 | J53: 0 | K53: 0 | L53: 0 | M53: 0 | N53: 0 | O53: 0 | P53: 0 | Q53: 0 | R53: 0 | S53: 0 | T53: 0 | U53: =IFERROR(I53/H53,0) -> 0 | V53: =IFERROR(SUM(H53+L53)/G53,0) -> 0
A54: Torian Fields | F54: Martin Austin | G54: 0 | H54: 0 | I54: 0 | J54: 0 | K54: 0 | L54: 0 | M54: 0 | N54: 0 | O54: 0 | P54: 0 | Q54: 0 | R54: 0 | S54: 0 | T54: 0 | U54: =IFERROR(I54/H54,0) -> 0 | V54: =IFERROR(SUM(H54+L54)/G54,0) -> 0
A55: Torian Fields | F55: Harley Negrete | G55: 0 | H55: 0 | I55: 0 | J55: 0 | K55: 0 | L55: 0 | M55: 0 | N55: 0 | O55: 0 | P55: 0 | Q55: 0 | R55: 0 | S55: 0 | T55: 0 | U55: =IFERROR(I55/H55,0) -> 0 | V55: =IFERROR(SUM(H55+L55)/G55,0) -> 0
A56: Torian Fields | B56: Devin Gould | D56: Y | F56: Devin Gould | G56: 6 | H56: 2 | I56: 0 | J56: 3 | K56: 0 | L56: 2 | M56: 10 | N56: 0 | O56: 0 | P56: 0 | Q56: 0 | R56: 4 | S56: 0 | T56: 0 | U56: =IFERROR(I56/H56,0) -> 0 | V56: =IFERROR(SUM(H56+L56)/G56,0) -> 0.66666667
A57: Torian Fields | B57: Devin Gould | F57: Mariah Ruff | G57: 0 | H57: 0 | I57: 0 | J57: 0 | K57: 0 | L57: 0 | M57: 0 | N57: 0 | O57: 0 | P57: 0 | Q57: 0 | R57: 0 | S57: 0 | T57: 0 | U57: =IFERROR(I57/H57,0) -> 0 | V57: =IFERROR(SUM(H57+L57)/G57,0) -> 0
A58: Torian Fields | B58: Devin Gould | F58: Dontae Reeves | G58: 0 | H58: 0 | I58: 0 | J58: 0 | K58: 0 | L58: 0 | M58: 0 | N58: 0 | O58: 0 | P58: 0 | Q58: 0 | R58: 0 | S58: 0 | T58: 0 | U58: =IFERROR(I58/H58,0) -> 0 | V58: =IFERROR(SUM(H58+L58)/G58,0) -> 0
A59: Torian Fields | B59: Devin Gould | F59: Lisa Berry | G59: 0 | H59: 0 | I59: 0 | J59: 0 | K59: 0 | L59: 0 | M59: 0 | N59: 0 | O59: 0 | P59: 0 | Q59: 0 | R59: 0 | S59: 0 | T59: 0 | U59: =IFERROR(I59/H59,0) -> 0 | V59: =IFERROR(SUM(H59+L59)/G59,0) -> 0
A60: Torian Fields | B60: Devin Gould | C60: Abdur-Rahmaan Yaseen | D60: Y | F60: Abdur-Rahmaan Yaseen | G60: 0 | H60: 0 | I60: 0 | J60: 0 | K60: 0 | L60: 0 | M60: 0 | N60: 0 | O60: 0 | P60: 0 | Q60: 0 | R60: 0 | S60: 0 | T60: 0 | U60: =IFERROR(I60/H60,0) -> 0 | V60: =IFERROR(SUM(H60+L60)/G60,0) -> 0
A61: Torian Fields | B61: Devin Gould | C61: Abdur-Rahmaan Yaseen | F61: Anthony Golino | G61: 0 | H61: 0 | I61: 0 | J61: 0 | K61: 0 | L61: 0 | M61: 0 | N61: 0 | O61: 0 | P61: 0 | Q61: 0 | R61: 0 | S61: 0 | T61: 0 | U61: =IFERROR(I61/H61,0) -> 0 | V61: =IFERROR(SUM(H61+L61)/G61,0) -> 0
A62: Torian Fields | B62: Devin Gould | C62: Abdur-Rahmaan Yaseen | F62: Cameron Platt | G62: 0 | H62: 0 | I62: 0 | J62: 0 | K62: 0 | L62: 0 | M62: 0 | N62: 0 | O62: 0 | P62: 0 | Q62: 0 | R62: 0 | S62: 0 | T62: 0 | U62: =IFERROR(I62/H62,0) -> 0 | V62: =IFERROR(SUM(H62+L62)/G62,0) -> 0
A63: Torian Fields | B63: Devin Gould | C63: Abdur-Rahmaan Yaseen | F63: Taylor Waldrip | G63: 0 | H63: 0 | I63: 0 | J63: 0 | K63: 0 | L63: 0 | M63: 0 | N63: 0 | O63: 0 | P63: 0 | Q63: 0 | R63: 0 | S63: 0 | T63: 0 | U63: =IFERROR(I63/H63,0) -> 0 | V63: =IFERROR(SUM(H63+L63)/G63,0) -> 0
A64: Torian Fields | B64: Devin Gould | C64: Abdur-Rahmaan Yaseen | F64: Jeton Ajvazi | G64: 0 | H64: 0 | I64: 0 | J64: 0 | K64: 0 | L64: 0 | M64: 0 | N64: 0 | O64: 0 | P64: 0 | Q64: 0 | R64: 0 | S64: 0 | T64: 0 | U64: =IFERROR(I64/H64,0) -> 0 | V64: =IFERROR(SUM(H64+L64)/G64,0) -> 0
A65: Torian Fields | B65: Devin Gould | C65: Abdur-Rahmaan Yaseen | F65: Jillian Graham | G65: 0 | H65: 0 | I65: 0 | J65: 0 | K65: 0 | L65: 0 | M65: 0 | N65: 0 | O65: 0 | P65: 0 | Q65: 0 | R65: 0 | S65: 0 | T65: 0 | U65: =IFERROR(I65/H65,0) -> 0 | V65: =IFERROR(SUM(H65+L65)/G65,0) -> 0
A66: Torian Fields | B66: Devin Gould | C66: Bryson Brewer | D66: Y | F66: Bryson Brewer | G66: 0 | H66: 0 | I66: 0 | J66: 0 | K66: 0 | L66: 0 | M66: 0 | N66: 0 | O66: 0 | P66: 0 | Q66: 0 | R66: 0 | S66: 0 | T66: 0 | U66: =IFERROR(I66/H66,0) -> 0 | V66: =IFERROR(SUM(H66+L66)/G66,0) -> 0
A67: Torian Fields | B67: Devin Gould | C67: Maria Farley | D67: Y | F67: Maria Farley | G67: 5 | H67: 3 | I67: 1 | J67: 0 | K67: 0 | L67: 1 | M67: 1 | N67: 1 | O67: 1 | P67: 2 | Q67: 0 | R67: 0 | S67: 0 | T67: 1392 | U67: =IFERROR(I67/H67,0) -> 0.33333333 | V67: =IFERROR(SUM(H67+L67)/G67,0) -> 0.8
A68: Torian Fields | B68: Devin Gould | C68: Maria Farley | F68: Deanna Delgado | G68: 0 | H68: 0 | I68: 0 | J68: 0 | K68: 0 | L68: 0 | M68: 0 | N68: 0 | O68: 0 | P68: 0 | Q68: 0 | R68: 0 | S68: 0 | T68: 0 | U68: =IFERROR(I68/H68,0) -> 0 | V68: =IFERROR(SUM(H68+L68)/G68,0) -> 0
A69: Torian Fields | B69: Devin Gould | C69: Maria Farley | F69: Anya White | G69: 0 | H69: 0 | I69: 0 | J69: 0 | K69: 0 | L69: 0 | M69: 0 | N69: 0 | O69: 0 | P69: 0 | Q69: 0 | R69: 0 | S69: 0 | T69: 0 | U69: =IFERROR(I69/H69,0) -> 0 | V69: =IFERROR(SUM(H69+L69)/G69,0) -> 0
A70: Torian Fields | B70: Mikaela Hayes | D70: Y | F70: Mikaela Hayes | G70: 0 | H70: 0 | I70: 0 | J70: 0 | K70: 0 | L70: 0 | M70: 0 | N70: 0 | O70: 0 | P70: 0 | Q70: 0 | R70: 0 | S70: 0 | T70: 0 | U70: =IFERROR(I70/H70,0) -> 0 | V70: =IFERROR(SUM(H70+L70)/G70,0) -> 0
A71: Torian Fields | B71: Mikaela Hayes | F71: Olivia Ruble | G71: 0 | H71: 0 | I71: 0 | J71: 0 | K71: 0 | L71: 0 | M71: 0 | N71: 0 | O71: 0 | P71: 0 | Q71: 0 | R71: 0 | S71: 0 | T71: 0 | U71: =IFERROR(I71/H71,0) -> 0 | V71: =IFERROR(SUM(H71+L71)/G71,0) -> 0
A72: Torian Fields | B72: Mikaela Hayes | F72: Jaedeen Perez | G72: 0 | H72: 0 | I72: 0 | J72: 0 | K72: 0 | L72: 0 | M72: 0 | N72: 0 | O72: 0 | P72: 0 | Q72: 0 | R72: 0 | S72: 0 | T72: 0 | U72: =IFERROR(I72/H72,0) -> 0 | V72: =IFERROR(SUM(H72+L72)/G72,0) -> 0
A73: Torian Fields | B73: Mikaela Hayes | F73: Kelsey Folcarelli | G73: 0 | H73: 0 | I73: 0 | J73: 0 | K73: 0 | L73: 0 | M73: 0 | N73: 0 | O73: 0 | P73: 0 | Q73: 0 | R73: 0 | S73: 0 | T73: 0 | U73: =IFERROR(I73/H73,0) -> 0 | V73: =IFERROR(SUM(H73+L73)/G73,0) -> 0
A74: Torian Fields | B74: Mikaela Hayes | C74: Deandre Barber | D74: Y | F74: Deandre Barber | G74: 0 | H74: 0 | I74: 0 | J74: 0 | K74: 0 | L74: 0 | M74: 0 | N74: 0 | O74: 0 | P74: 0 | Q74: 0 | R74: 0 | S74: 0 | T74: 0 | U74: =IFERROR(I74/H74,0) -> 0 | V74: =IFERROR(SUM(H74+L74)/G74,0) -> 0

Sheet Sat
C1: ALP | E1: LEADERSHIP ALP | F1: Appts | G1: Pres | H1: Sales | I1: POS SITS | J1: POS SA | K1: VET SITS | L1: VET SA | M1: REF OBT | N1: REF SITS | O1: REF SA | P1: OTS SITS | Q1: OTS SA | R1: N1
B2: RUST RGA | C2: =SUM(C5,C14,C17) -> 897 | E2: =SUM(E5,E14,E17) -> 897 | F2: =SUM(F5,F14,F17) -> 5 | G2: =SUM(G5,G14,G17) -> 3 | H2: =SUM(H5,H14,H17) -> 1 | I2: =SUM(I5,I14,I17) -> 0 | J2: =SUM(J5,J14,J17) -> 0 | K2: =SUM(K5,K14,K17) -> 2 | L2: =SUM(L5,L14,L17) -> 0 | ... R2: =SUM(R5,R14,R17) -> 0
C3: # of Agents | E3: ALP per sale | F3: Show Rate | G3: Close Ratio | H3: ALP/Agent | J3: POS Close | L3: VET Close | M3: REF Per Sit | O3: REF Close | Q3: OTS Close
C4: =SUM(C7,C19,C16) -> 45 | E4: =IFERROR(C2/H2,0) -> 897 | F4: =IFERROR((G2+R2)/F2,0) -> 0.6 | G4: =IFERROR(H2/G2,0) -> 0.33333333 | H4: =(C2/C4) -> 19.933333 | J4: =IFERROR(J2/I2,0) -> 0 | L4: =IFERROR(L2/K2,0) -> 0 | M4: =IFERROR(M2/G2,0) -> 2 | O4: =IFERROR(O2/N2,0) -> 1 | Q4: =IFERROR(Q2/P2,0) -> 0.5
B5: Ashley Rust | C5: =SUMIF(A:A,B5,T:T) -> 0 | E5: =SUMIFS(T:T,A:A,B5,D:D,"Y") -> 0 | F5: =SUMIF(A:A,B5,G:G) -> 1 | G5: =SUMIF(A:A,B5,H:H) -> 0 | H5: =SUMIF(A:A,B5,I:I) -> 0 | I5: =SUMIF(A:A,B5,P:P) -> 0 | J5: =SUMIF(A:A,B5,Q:Q) -> 0 | K5: =SUMIF(A:A,B5,R:R) -> 0 | L5: =SUMIF(A:A,B5,S:S) -> 0 | M5: =SUMIF(A:A,B5,M:M) -> 0 | N5: =SUMIF(A:A,B5,N:N) -> 0 | O5: =SUMIF(A:A,B5,O:O) -> 0 | P5: =SUMIF(A:A,B5,J:J) -> 0 | Q5: =SUMIF(A:A,B5,K:K) -> 0 | R5: =SUMIF(A:A,B5,L:L) -> 0
C6: # of Agents | E6: ALP per sale | F6: Show Rate | G6: Close Ratio | H6: ALP/Agent | J6: POS Close | L6: VET Close | M6: REF Per Sit | O6: REF Close | Q6: OTS Close
C7: =COUNTIFS(A:A,B5) -> 19 | E7: =IFERROR(C5/H5,0) -> 0 | F7: =IFERROR((G5+R5)/F5,0) -> 0 | G7: =IFERROR(H5/G5,0) -> 0 | H7: =(C5/C7) -> 0 | J7: =IFERROR(J5/I5,0) -> 0 | L7: =IFERROR(L5/K5,0) -> 0 | M7: =IFERROR(M5/SUM(R5+G5,0),"") | O7: =IFERROR(O5/N5,0) -> 0 | Q7: =IFERROR(Q5/P5,0) -> 0
B8: Troy Williams | C8: =SUMIF(B:B,B8,T:T) -> 0 | E8: =SUMIFS(T:T,B:B,B8,D:D,"Y") -> 0 | F8: =SUMIF(B39:B1137,B8,G39:G1137) -> 0 | G8: =SUMIF(B39:B1137,B8,H39:H1137) -> 0 | H8: =SUMIF(B39:B1137,B8,I39:I1137) -> 0 | I8: =SUMIF(B39:B1137,B8,P39:P1137) -> 0 | J8: =SUMIF(B39:B1137,B8,Q39:Q1137) -> 0 | K8: =SUMIF(B39:B1137,B8,R39:R1137) -> 0 | L8: =SUMIF(B39:B1137,B8,S39:S1137) -> 0 | M8: =SUMIF(B39:B1137,B8,M39:M1137) -> 0 | N8: =SUMIF(B39:B1137,B8,N39:N1137) -> 0 | O8: =SUMIF(B39:B1137,B8,O39:O1137) -> 0 | P8: =SUMIF(B39:B1137,B8,J39:J1137) -> 0 | Q8: =SUMIF(B39:B1137,B8,K39:K1137) -> 0 | R8: =SUMIF(B39:B1137,B8,L39:L1137) -> 0
C9: # of Agents | E9: ALP per sale | F9: Show Rate | G9: Close Ratio | H9: ALP/Agent | J9: POS Close | L9: VET Close | M9: REF Per Sit | O9: REF Close | Q9: OTS Close
C10: =COUNTIFS(B28:B1137,B8) -> 5 | E10: =IFERROR(C8/H8,0) -> 0 | F10: =IFERROR((G8+R8)/F8,0) -> 0 | G10: =IFERROR(H8/G8,0) -> 0 | H10: =(C8/C10) -> 0 | J10: =IFERROR(J8/I8,0) -> 0 | L10: =IFERROR(L8/K8,0) -> 0 | M10: =IFERROR(M8/SUM(G8+R8,0),"") | O10: =IFERROR(O8/N8,0) -> 0 | Q10: =IFERROR(Q8/P8,0) -> 0
B11: Karami Kovar | C11: =SUMIF(B:B,B11,T:T) -> 0 | E11: =SUMIFS(T:T,B:B,B11,D:D,"Y") -> 0 | F11: =SUMIF(B28:B1137,B11,G28:G1137) -> 0 | G11: =SUMIF(C28:C1137,C11,H28:H1137) -> 0 | H11: =SUMIF(D28:D1137,D11,I28:I1137) -> 0 | I11: =SUMIF(E28:E1137,E11,J28:J1137) -> 0 | J11: =SUMIF(F28:F1137,F11,K28:K1137) -> 0 | K11: =SUMIF(G28:G1137,G11,L28:L1137) -> 0 | L11: =SUMIF(H28:H1137,H11,M28:M1137) -> 0 | M11: =SUMIF(I28:I1137,I11,N28:N1137) -> 0 | ... R11: =SUMIF(N28:N1137,N11,S28:S1137) -> 0
C12: # of Agents | E12: ALP per sale | F12: Show Rate | G12: Close Ratio | H12: ALP/Agent | J12: POS Close | L12: VET Close | M12: REF Per Sit | O12: REF Close | Q12: OTS Close
C13: =COUNTIFS(B27:B1137,B11) -> 11 | E13: =IFERROR(C11/H11,0) -> 0 | F13: =IFERROR((G11+R11)/F11,0) -> 0 | G13: =IFERROR(H11/G11,0) -> 0 | H13: =(C11/C13) -> 0 | J13: =IFERROR(J11/I11,0) -> 0 | L13: =IFERROR(L11/K11,0) -> 0 | M13: =IFERROR(M11/SUM(G11+R11,0),"") | O13: =IFERROR(O11/N11,0) -> 0 | Q13: =IFERROR(Q11/P11,0) -> 0
B14: Joy Vann-Austin | C14: =SUMIF(A:A,B14,T:T) -> 0 | E14: =SUMIFS(T:T,A:A,B14,D:D,"Y") -> 0 | F14: =SUMIF(A:A,B14,G:G) -> 0 | G14: =SUMIF(A:A,B14,H:H) -> 0 | H14: =SUMIF(A:A,B14,I:I) -> 0 | I14: =SUMIF(A:A,B14,P:P) -> 0 | J14: =SUMIF(A:A,B14,Q:Q) -> 0 | K14: =SUMIF(A:A,B14,R:R) -> 0 | L14: =SUMIF(A:A,B14,S:S) -> 0 | M14: =SUMIF(A:A,B14,M:M) -> 0 | N14: =SUMIF(A:A,B14,N:N) -> 0 | O14: =SUMIF(A:A,B14,O:O) -> 0 | P14: =SUMIF(A:A,B14,J:J) -> 0 | Q14: =SUMIF(A:A,B14,K:K) -> 0 | R14: =SUMIF(A:A,B14,L:L) -> 0
C15: # of Agents | E15: ALP per sale | F15: Show Rate | G15: Close Ratio | H15: ALP/Agent | J15: POS Close | L15: VET Close | M15: REF Per Sit | O15: REF Close | Q15: OTS Close
C16: =COUNTIFS(A:A,B14) -> 4 | E16: =IFERROR(C14/H14,0) -> 0 | F16: =IFERROR((G14+R14)/F14,0) -> 0 | G16: =IFERROR(H14/G14,0) -> 0 | H16: =(C14/C16) -> 0 | J16: =IFERROR(J14/I14,0) -> 0 | L16: =IFERROR(L14/K14,0) -> 0 | M16: =IFERROR(M14/SUM(R14+G14,0),"") | O16: =IFERROR(O14/N14,0) -> 0 | Q16: =IFERROR(Q14/P14,0) -> 0
B17: Torian Fields | C17: =SUMIF(A:A,B17,T:T) -> 897 | E17: =SUMIFS(T:T,A:A,B17,D:D,"Y") -> 897 | F17: =SUMIF(A:A,B17,G:G) -> 4 | G17: =SUMIF(A:A,B17,H:H) -> 3 | H17: =SUMIF(A:A,B17,I:I) -> 1 | I17: =SUMIF(A:A,B17,P:P) -> 0 | J17: =SUMIF(A:A,B17,Q:Q) -> 0 | K17: =SUMIF(A:A,B17,R:R) -> 2 | L17: =SUMIF(A:A,B17,S:S) -> 0 | M17: =SUMIF(A:A,B17,M:M) -> 6 | N17: =SUMIF(A:A,B17,N:N) -> 1 | O17: =SUMIF(A:A,B17,O:O) -> 1 | P17: =SUMIF(A:A,B17,J:J) -> 2 | Q17: =SUMIF(A:A,B17,K:K) -> 1 | R17: =SUMIF(A:A,B17,L:L) -> 0
C18: # of Agents | E18: ALP per sale | F18: Show Rate | G18: Close Ratio | H18: ALP/Agent | J18: POS Close | L18: VET Close | M18: REF Per Sit | O18: REF Close | Q18: OTS Close
C19: =COUNTIFS(A:A,B17) -> 22 | E19: =IFERROR(C17/H17,0) -> 897 | F19: =IFERROR((G17+R17)/F17,0) -> 0.75 | G19: =IFERROR(H17/G17,0) -> 0.33333333 | H19: =(C17/C19) -> 40.772727 | J19: =IFERROR(J17/I17,0) -> 0 | L19: =IFERROR(L17/K17,0) -> 0 | M19: =IFERROR(M17/SUM(G17+R17,0),"") -> 2 | O19: =IFERROR(O17/N17,0) -> 1 | Q19: =IFERROR(Q17/P17,0) -> 0.5
B20: Devin Gould | C20: =SUMIF(B:B,B20,T:T) -> 897 | E20: =SUMIFS(T:T,B:B,B20,D:D,"Y") -> 897 | F20: =SUMIF(B47:B1137,B20,G47:G1137) -> 4 | G20: =SUMIF(B47:B1137,B20,H47:H1137) -> 3 | H20: =SUMIF(B47:B1137,B20,I47:I1137) -> 1 | I20: =SUMIF(B47:B1137,B20,P47:P1137) -> 0 | J20: =SUMIF(B47:B1137,B20,Q47:Q1137) -> 0 | K20: =SUMIF(B47:B1137,B20,R47:R1137) -> 2 | L20: =SUMIF(B47:B1137,B20,S47:S1137) -> 0 | M20: =SUMIF(B47:B1137,B20,M47:M1137) -> 6 | N20: =SUMIF(B47:B1137,B20,N47:N1137) -> 1 | O20: =SUMIF(B47:B1137,B20,O47:O1137) -> 1 | P20: =SUMIF(B47:B1137,B20,J47:J1137) -> 2 | Q20: =SUMIF(B47:B1137,B20,K47:K1137) -> 1 | R20: =SUMIF(B47:B1137,B20,L47:L1137) -> 0
C21: # of Agents | E21: ALP per sale | F21: Show Rate | G21: Close Ratio | H21: ALP/Agent | J21: POS Close | L21: VET Close | M21: REF Per Sit | O21: REF Close | Q21: OTS Close
C22: =COUNTIFS(B28:B1137,B20) -> 14 | E22: =IFERROR(C20/H20,0) -> 897 | F22: =IFERROR((G20+R20)/F20,0) -> 0.75 | G22: =IFERROR(H20/G20,0) -> 0.33333333 | H22: =(C20/C22) -> 64.071429 | J22: =IFERROR(J20/I20,0) -> 0 | L22: =IFERROR(L20/K20,0) -> 0 | M22: =IFERROR(M20/SUM(G20+R20,0),"") -> 2 | O22: =IFERROR(O20/N20,0) -> 1 | Q22: =IFERROR(Q20/P20,0) -> 0.5
B23: Mikaela Hayes | C23: =SUMIF(B:B,B23,T:T) -> 0 | E23: =SUMIFS(T:T,B:B,B23,D:D,"Y") -> 0 | F23: =SUMIF(B50:B1137,B23,G50:G1137) -> 0 | G23: =SUMIF(B50:B1137,B23,H50:H1137) -> 0 | H23: =SUMIF(B50:B1137,B23,I50:I1137) -> 0 | I23: =SUMIF(B50:B1137,B23,P50:P1137) -> 0 | J23: =SUMIF(B50:B1137,B23,Q50:Q1137) -> 0 | K23: =SUMIF(B50:B1137,B23,R50:R1137) -> 0 | L23: =SUMIF(B50:B1137,B23,S50:S1137) -> 0 | M23: =SUMIF(B50:B1137,B23,M50:M1137) -> 0 | N23: =SUMIF(B50:B1137,B23,N50:N1137) -> 0 | O23: =SUMIF(B50:B1137,B23,O50:O1137) -> 0 | P23: =SUMIF(B50:B1137,B23,J50:J1137) -> 0 | Q23: =SUMIF(B50:B1137,B23,K50:K1137) -> 0 | R23: =SUMIF(B50:B1137,B23,L50:L1137) -> 0
C24: # of Agents | E24: ALP per sale | F24: Show Rate | G24: Close Ratio | H24: ALP/Agent | J24: POS Close | L24: VET Close | M24: REF Per Sit | O24: REF Close | Q24: OTS Close
C25: =COUNTIFS(B33:B1137,B23) -> 5 | E25: =IFERROR(C23/H23,0) -> 0 | F25: =IFERROR((G23+R23)/F23,0) -> 0 | G25: =IFERROR(H23/G23,0) -> 0 | H25: =(C23/C25) -> 0 | J25: =IFERROR(J23/I23,0) -> 0 | L25: =IFERROR(L23/K23,0) -> 0 | M25: =IFERROR(M23/SUM(G23+R23,0),"") | O25: =IFERROR(O23/N23,0) -> 0 | Q25: =IFERROR(Q23/P23,0) -> 0
A27: MGA | B27: GA | C27: SA | E27: State | F27: Agent | G27: SETS | H27: SITS | I27: SALES | J27: OTS SITS | K27: OTS SALES | L27: N1 | M27: REF OBT | N27: REF SITS | O27: REF SALES | P27: POS SITS | Q27: POS SALES | R27: VETS SITS | S27: VET SALES | T27: ALP | U27: Close | V27: Show | W27: Code Date
A28: Ashley Rust | D28: Y | F28: Ashley Rust | U28: =IFERROR(I28/H28,0) -> 0 | V28: =IFERROR(SUM(H28+L28)/G28,0) -> 0
A29: Ashley Rust | F29: Karly Kelly | U29: =IFERROR(I29/H29,0) -> 0 | V29: =IFERROR(SUM(H29+L29)/G29,0) -> 0
A30: Ashley Rust | F30: Andrea Mulder | G30: 1 | H30: 0 | I30: 0 | J30: 0 | K30: 0 | L30: 0 | M30: 0 | N30: 0 | O30: 0 | P30: 0 | Q30: 0 | R30: 0 | S30: 0 | T30: 0 | U30: =IFERROR(I30/H30,0) -> 0 | V30: =IFERROR(SUM(H30+L30)/G30,0) -> 0
A31: Ashley Rust | B31: Karami Kovar | D31: Y | F31: Karami Kovar | U31: =IFERROR(I31/H31,0) -> 0 | V31: =IFERROR(SUM(H31+L31)/G31,0) -> 0
A32: Ashley Rust | B32: Karami Kovar | F32: Bridgett McDaniels Russell | U32: =IFERROR(I32/H32,0) -> 0 | V32: =IFERROR(SUM(H32+L32)/G32,0) -> 0
A33: Ashley Rust | B33: Karami Kovar | C33: Jasmine Marquez | D33: Y | F33: Jasmine Marquez | G33: 0 | H33: 0 | I33: 0 | J33: 0 | K33: 0 | L33: 0 | M33: 0 | N33: 0 | O33: 0 | P33: 0 | Q33: 0 | R33: 0 | S33: 0 | T33: 0 | U33: =IFERROR(I33/H33,0) -> 0 | V33: =IFERROR(SUM(H33+L33)/G33,0) -> 0
A34: Ashley Rust | B34: Karami Kovar | C34: Jasmine Marquez | F34: Ashley Varner-Warren | G34: 0 | H34: 0 | I34: 0 | J34: 0 | K34: 0 | L34: 0 | M34: 0 | N34: 0 | O34: 0 | P34: 0 | Q34: 0 | R34: 0 | S34: 0 | T34: 0 | U34: 0 | V34: =IFERROR(SUM(H34+L34)/G34,0) -> 0
A35: Ashley Rust | B35: Karami Kovar | C35: Jasmine Marquez | F35: Kristen Walton | G35: 0 | H35: 0 | I35: 0 | J35: 0 | K35: 0 | L35: 0 | M35: 0 | N35: 0 | O35: 0 | P35: 0 | Q35: 0 | R35: 0 | S35: 0 | T35: 0 | U35: =IFERROR(I35/H35,0) -> 0 | V35: =IFERROR(SUM(H35+L35)/G35,0) -> 0
A36: Ashley Rust | B36: Karami Kovar | C36: Jasmine Marquez | F36: Sara Subo | G36: 0 | H36: 0 | I36: 0 | J36: 0 | K36: 0 | L36: 0 | M36: 0 | N36: 0 | O36: 0 | P36: 0 | Q36: 0 | R36: 0 | S36: 0 | T36: 0 | U36: =IFERROR(I36/H36,0) -> 0 | V36: =IFERROR(SUM(H36+L36)/G36,0) -> 0
A37: Ashley Rust | B37: Karami Kovar | C37: Jasmine Marquez | F37: Thomas Kirk | G37: 0 | H37: 0 | I37: 0 | J37: 0 | K37: 0 | L37: 0 | M37: 0 | N37: 0 | O37: 0 | P37: 0 | Q37: 0 | R37: 0 | S37: 0 | T37: 0 | U37: =IFERROR(I37/H37,0) -> 0 | V37: =IFERROR(SUM(H37+L37)/G37,0) -> 0
A38: Ashley Rust | B38: Karami Kovar | C38: Jasmine Marquez | F38: Isabela Maneiro | G38: 0 | H38: 0 | I38: 0 | J38: 0 | K38: 0 | L38: 0 | M38: 0 | N38: 0 | O38: 0 | P38: 0 | Q38: 0 | R38: 0 | S38: 0 | T38: 0 | U38: =IFERROR(I38/H38,0) -> 0 | V38: =IFERROR(SUM(H38+L38)/G38,0) -> 0
A39: Ashley Rust | B39: Karami Kovar | C39: Ryan Cummings | D39: Y | F39: Ryan Cummings | U39: =IFERROR(I39/H39,0) -> 0 | V39: =IFERROR(SUM(H39+L39)/G39,0) -> 0
A40: Ashley Rust | B40: Karami Kovar | C40: Ryan Cummings | F40: Charlie Hudson | U40: =IFERROR(I40/H40,0) -> 0 | V40: =IFERROR(SUM(H40+L40)/G40,0) -> 0
A41: Ashley Rust | B41: Karami Kovar | C41: Ryan Cummings | F41: Bayle Kizer | U41: =IFERROR(I41/H41,0) -> 0 | V41: =IFERROR(SUM(H41+L41)/G41,0) -> 0
A42: Ashley Rust | B42: Troy Williams | D42: Y | F42: Troy Williams | U42: =IFERROR(I42/H42,0) -> 0 | V42: =IFERROR(SUM(H42+L42)/G42,0) -> 0
A43: Ashley Rust | B43: Troy Williams | F43: Janice Elgedawy | U43: =IFERROR(I43/H43,0) -> 0 | V43: =IFERROR(SUM(H43+L43)/G43,0) -> 0
A44: Ashley Rust | B44: Troy Williams | F44: Garland Simrel | U44: =IFERROR(I44/H44,0) -> 0 | V44: =IFERROR(SUM(H44+L44)/G44,0) -> 0
A45: Ashley Rust | B45: Troy Williams | F45: Sherita Thompson | U45: =IFERROR(I45/H45,0) -> 0 | V45: =IFERROR(SUM(H45+L45)/G45,0) -> 0
A46: Ashley Rust | B46: Troy Williams | F46: Kay Finch | U46: =IFERROR(I46/H46,0) -> 0 | V46: =IFERROR(SUM(H46+L46)/G46,0) -> 0
A47: MGA | B47: GA | C47: SA | E47: State | F47: Agent | G47: SETS | H47: SITS | I47: SALES | J47: OTS SITS | K47: OTS SALES | L47: N1 | M47: REF OBT | N47: REF SITS | O47: REF SALES | P47: POS SITS | Q47: POS SALES | R47: VETS SITS | S47: VET SALES | T47: ALP | U47: Close | V47: Show
A48: Joy Vann-Austin | D48: Y | F48: Joy Vann-Austin | U48: =IFERROR(I48/H48,0) -> 0 | V48: =IFERROR(SUM(H48+L48)/G48,0) -> 0
A49: Joy Vann-Austin | F49: Courtney Morse | U49: =IFERROR(I49/H49,0) -> 0 | V49: =IFERROR(SUM(H49+L49)/G49,0) -> 0
A50: Joy Vann-Austin | C50: Shayla Williamson | D50: Y | F50: Shayla Williamson | G50: 0 | H50: 0 | I50: 0 | K50: 0 | L50: 0 | M50: 0 | N50: 0 | P50: 0 | Q50: 0 | R50: 0 | T50: 0 | U50: =IFERROR(I50/H50,0) -> 0 | V50: =IFERROR(SUM(H50+L50)/G50,0) -> 0
A51: Joy Vann-Austin | C51: Shayla Williamson | F51: Jared Kelly | U51: =IFERROR(I51/H51,0) -> 0 | V51: =IFERROR(SUM(H51+L51)/G51,0) -> 0
A52: MGA | B52: GA | C52: SA | E52: State | F52: Agent | G52: SETS | H52: SITS | I52: SALES | J52: OTS SITS | K52: OTS SALES | L52: N1 | M52: REF OBT | N52: REF SITS | O52: REF SALES | P52: POS SITS | Q52: POS SALES | R52: VETS SITS | S52: VET SALES | T52: ALP | U52: Close | V52: Show
A53: Torian Fields | D53: Y | F53: Torian Fields | G53: 0 | H53: 0 | I53: 0 | J53: 0 | K53: 0 | L53: 0 | M53: 0 | N53: 0 | O53: 0 | P53: 0 | Q53: 0 | R53: 0 | S53: 0 | T53: 0 | U53: =IFERROR(I53/H53,0) -> 0 | V53: =IFERROR(SUM(H53+L53)/G53,0) -> 0
A54: Torian Fields | F54: Martin Austin | G54: 0 | H54: 0 | I54: 0 | J54: 0 | K54: 0 | L54: 0 | M54: 0 | N54: 0 | O54: 0 | P54: 0 | Q54: 0 | R54: 0 | S54: 0 | T54: 0 | U54: =IFERROR(I54/H54,0) -> 0 | V54: =IFERROR(SUM(H54+L54)/G54,0) -> 0
A55: Torian Fields | F55: Harley Negrete | G55: 0 | H55: 0 | I55: 0 | J55: 0 | K55: 0 | L55: 0 | M55: 0 | N55: 0 | O55: 0 | P55: 0 | Q55: 0 | R55: 0 | S55: 0 | T55: 0 | U55: =IFERROR(I55/H55,0) -> 0 | V55: =IFERROR(SUM(H55+L55)/G55,0) -> 0
A56: Torian Fields | B56: Devin Gould | D56: Y | F56: Devin Gould | G56: 2 | H56: 1 | I56: 0 | J56: 1 | K56: 0 | L56: 0 | M56: 6 | N56: 0 | O56: 0 | P56: 0 | Q56: 0 | R56: 1 | S56: 0 | T56: 0 | U56: =IFERROR(I56/H56,0) -> 0 | V56: =IFERROR(SUM(H56+L56)/G56,0) -> 0.5
A57: Torian Fields | B57: Devin Gould | F57: Mariah Ruff | G57: 0 | H57: 0 | I57: 0 | J57: 0 | K57: 0 | L57: 0 | M57: 0 | N57: 0 | O57: 0 | P57: 0 | Q57: 0 | R57: 0 | S57: 0 | T57: 0 | U57: =IFERROR(I57/H57,0) -> 0 | V57: =IFERROR(SUM(H57+L57)/G57,0) -> 0
A58: Torian Fields | B58: Devin Gould | F58: Dontae Reeves | G58: 0 | H58: 0 | I58: 0 | J58: 0 | K58: 0 | L58: 0 | M58: 0 | N58: 0 | O58: 0 | P58: 0 | Q58: 0 | R58: 0 | S58: 0 | T58: 0 | U58: =IFERROR(I58/H58,0) -> 0 | V58: =IFERROR(SUM(H58+L58)/G58,0) -> 0
A59: Torian Fields | B59: Devin Gould | F59: Lisa Berry | G59: 0 | H59: 0 | I59: 0 | J59: 0 | K59: 0 | L59: 0 | M59: 0 | N59: 0 | O59: 0 | P59: 0 | Q59: 0 | R59: 0 | S59: 0 | T59: 0 | U59: =IFERROR(I59/H59,0) -> 0 | V59: =IFERROR(SUM(H59+L59)/G59,0) -> 0
A60: Torian Fields | B60: Devin Gould | C60: Abdur-Rahmaan Yaseen | D60: Y | F60: Abdur-Rahmaan Yaseen | G60: 2 | H60: 2 | I60: 1 | J60: 1 | K60: 1 | L60: 0 | M60: 0 | N60: 1 | O60: 1 | P60: 0 | Q60: 0 | R60: 1 | S60: 0 | T60: 897 | U60: =IFERROR(I60/H60,0) -> 0.5 | V60: =IFERROR(SUM(H60+L60)/G60,0) -> 1
A61: Torian Fields | B61: Devin Gould | C61: Abdur-Rahmaan Yaseen | F61: Anthony Golino | G61: 0 | H61: 0 | I61: 0 | J61: 0 | K61: 0 | L61: 0 | M61: 0 | N61: 0 | O61: 0 | P61: 0 | Q61: 0 | R61: 0 | S61: 0 | T61: 0 | U61: =IFERROR(I61/H61,0) -> 0 | V61: =IFERROR(SUM(H61+L61)/G61,0) -> 0
A62: Torian Fields | B62: Devin Gould | C62: Abdur-Rahmaan Yaseen | F62: Cameron Platt | G62: 0 | H62: 0 | I62: 0 | J62: 0 | K62: 0 | L62: 0 | M62: 0 | N62: 0 | O62: 0 | P62: 0 | Q62: 0 | R62: 0 | S62: 0 | T62: 0 | U62: =IFERROR(I62/H62,0) -> 0 | V62: =IFERROR(SUM(H62+L62)/G62,0) -> 0
A63: Torian Fields | B63: Devin Gould | C63: Abdur-Rahmaan Yaseen | F63: Taylor Waldrip | G63: 0 | H63: 0 | I63: 0 | J63: 0 | K63: 0 | L63: 0 | M63: 0 | N63: 0 | O63: 0 | P63: 0 | Q63: 0 | R63: 0 | S63: 0 | T63: 0 | U63: =IFERROR(I63/H63,0) -> 0 | V63: =IFERROR(SUM(H63+L63)/G63,0) -> 0
A64: Torian Fields | B64: Devin Gould | C64: Abdur-Rahmaan Yaseen | F64: Jeton Ajvazi | G64: 0 | H64: 0 | I64: 0 | J64: 0 | K64: 0 | L64: 0 | M64: 0 | N64: 0 | O64: 0 | P64: 0 | Q64: 0 | R64: 0 | S64: 0 | T64: 0 | U64: =IFERROR(I64/H64,0) -> 0 | V64: =IFERROR(SUM(H64+L64)/G64,0) -> 0
A65: Torian Fields | B65: Devin Gould | C65: Abdur-Rahmaan Yaseen | F65: Jillian Graham | G65: 0 | H65: 0 | I65: 0 | J65: 0 | K65: 0 | L65: 0 | M65: 0 | N65: 0 | O65: 0 | P65: 0 | Q65: 0 | R65: 0 | S65: 0 | T65: 0 | U65: =IFERROR(I65/H65,0) -> 0 | V65: =IFERROR(SUM(H65+L65)/G65,0) -> 0
A66: Torian Fields | B66: Devin Gould | C66: Bryson Brewer | D66: Y | F66: Bryson Brewer | G66: 0 | H66: 0 | I66: 0 | J66: 0 | K66: 0 | L66: 0 | M66: 0 | N66: 0 | O66: 0 | P66: 0 | Q66: 0 | R66: 0 | S66: 0 | T66: 0 | U66: =IFERROR(I66/H66,0) -> 0 | V66: =IFERROR(SUM(H66+L66)/G66,0) -> 0
A67: Torian Fields | B67: Devin Gould | C67: Maria Farley | D67: Y | F67: Maria Farley | G67: 0 | H67: 0 | I67: 0 | J67: 0 | K67: 0 | L67: 0 | M67: 0 | N67: 0 | O67: 0 | P67: 0 | Q67: 0 | R67: 0 | S67: 0 | T67: 0 | U67: =IFERROR(I67/H67,0) -> 0 | V67: =IFERROR(SUM(H67+L67)/G67,0) -> 0
A68: Torian Fields | B68: Devin Gould | C68: Maria Farley | F68: Deanna Delgado | G68: 0 | H68: 0 | I68: 0 | J68: 0 | K68: 0 | L68: 0 | M68: 0 | N68: 0 | O68: 0 | P68: 0 | Q68: 0 | R68: 0 | S68: 0 | T68: 0 | U68: =IFERROR(I68/H68,0) -> 0 | V68: =IFERROR(SUM(H68+L68)/G68,0) -> 0
A69: Torian Fields | B69: Devin Gould | C69: Maria Farley | F69: Anya White | G69: 0 | H69: 0 | I69: 0 | J69: 0 | K69: 0 | L69: 0 | M69: 0 | N69: 0 | O69: 0 | P69: 0 | Q69: 0 | R69: 0 | S69: 0 | T69: 0 | U69: =IFERROR(I69/H69,0) -> 0 | V69: =IFERROR(SUM(H69+L69)/G69,0) -> 0
A70: Torian Fields | B70: Mikaela Hayes | D70: Y | F70: Mikaela Hayes | G70: 0 | H70: 0 | I70: 0 | J70: 0 | K70: 0 | L70: 0 | M70: 0 | N70: 0 | O70: 0 | P70: 0 | Q70: 0 | R70: 0 | S70: 0 | T70: 0 | U70: =IFERROR(I70/H70,0) -> 0 | V70: =IFERROR(SUM(H70+L70)/G70,0) -> 0
A71: Torian Fields | B71: Mikaela Hayes | F71: Olivia Ruble | G71: 0 | H71: 0 | I71: 0 | J71: 0 | K71: 0 | L71: 0 | M71: 0 | N71: 0 | O71: 0 | P71: 0 | Q71: 0 | R71: 0 | S71: 0 | T71: 0 | U71: =IFERROR(I71/H71,0) -> 0 | V71: =IFERROR(SUM(H71+L71)/G71,0) -> 0
A72: Torian Fields | B72: Mikaela Hayes | F72: Jaedeen Perez | G72: 0 | H72: 0 | I72: 0 | J72: 0 | K72: 0 | L72: 0 | M72: 0 | N72: 0 | O72: 0 | P72: 0 | Q72: 0 | R72: 0 | S72: 0 | T72: 0 | U72: =IFERROR(I72/H72,0) -> 0 | V72: =IFERROR(SUM(H72+L72)/G72,0) -> 0
A73: Torian Fields | B73: Mikaela Hayes | F73: Kelsey Folcarelli | G73: 0 | H73: 0 | I73: 0 | J73: 0 | K73: 0 | L73: 0 | M73: 0 | N73: 0 | O73: 0 | P73: 0 | Q73: 0 | R73: 0 | S73: 0 | T73: 0 | U73: =IFERROR(I73/H73,0) -> 0 | V73: =IFERROR(SUM(H73+L73)/G73,0) -> 0
A74: Torian Fields | B74: Mikaela Hayes | C74: Deandre Barber | D74: Y | F74: Deandre Barber | G74: 0 | H74: 0 | I74: 0 | J74: 0 | K74: 0 | L74: 0 | M74: 0 | N74: 0 | O74: 0 | P74: 0 | Q74: 0 | R74: 0 | S74: 0 | T74: 0 | U74: =IFERROR(I74/H74,0) -> 0 | V74: =IFERROR(SUM(H74+L74)/G74,0) -> 0

Sheet Sun
C1: ALP | E1: LEADERSHIP ALP | F1: Appts | G1: Pres | H1: Sales | I1: POS SITS | J1: POS SA | K1: VET SITS | L1: VET SA | M1: REF OBT | N1: REF SITS | O1: REF SA | P1: OTS SITS | Q1: OTS SA | R1: N1
B2: RUST RGA | C2: =SUM(C5,C14,C17) -> 0 | E2: =SUM(E5,E14,E17) -> 0 | F2: =SUM(F5,F14,F17) -> 0 | G2: =SUM(G5,G14,G17) -> 0 | H2: =SUM(H5,H14,H17) -> 0 | I2: =SUM(I5,I14,I17) -> 0 | J2: =SUM(J5,J14,J17) -> 0 | K2: =SUM(K5,K14,K17) -> 0 | L2: =SUM(L5,L14,L17) -> 0 | ... R2: =SUM(R5,R14,R17) -> 0
C3: # of Agents | E3: ALP per sale | F3: Show Rate | G3: Close Ratio | H3: ALP/Agent | J3: POS Close | L3: VET Close | M3: REF Per Sit | O3: REF Close | Q3: OTS Close
C4: =SUM(C7,C19,C16) -> 45 | E4: =IFERROR(C2/H2,0) -> 0 | F4: =IFERROR((G2+R2)/F2,0) -> 0 | G4: =IFERROR(H2/G2,0) -> 0 | H4: =(C2/C4) -> 0 | J4: =IFERROR(J2/I2,0) -> 0 | L4: =IFERROR(L2/K2,0) -> 0 | M4: =IFERROR(M2/G2,0) -> 0 | O4: =IFERROR(O2/N2,0) -> 0 | Q4: =IFERROR(Q2/P2,0) -> 0
B5: Ashley Rust | C5: =SUMIF(A:A,B5,T:T) -> 0 | E5: =SUMIFS(T:T,A:A,B5,D:D,"Y") -> 0 | F5: =SUMIF(A:A,B5,G:G) -> 0 | G5: =SUMIF(A:A,B5,H:H) -> 0 | H5: =SUMIF(A:A,B5,I:I) -> 0 | I5: =SUMIF(A:A,B5,P:P) -> 0 | J5: =SUMIF(A:A,B5,Q:Q) -> 0 | K5: =SUMIF(A:A,B5,R:R) -> 0 | L5: =SUMIF(A:A,B5,S:S) -> 0 | M5: =SUMIF(A:A,B5,M:M) -> 0 | N5: =SUMIF(A:A,B5,N:N) -> 0 | O5: =SUMIF(A:A,B5,O:O) -> 0 | P5: =SUMIF(A:A,B5,J:J) -> 0 | Q5: =SUMIF(A:A,B5,K:K) -> 0 | R5: =SUMIF(A:A,B5,L:L) -> 0
C6: # of Agents | E6: ALP per sale | F6: Show Rate | G6: Close Ratio | H6: ALP/Agent | J6: POS Close | L6: VET Close | M6: REF Per Sit | O6: REF Close | Q6: OTS Close
C7: =COUNTIFS(A:A,B5) -> 19 | E7: =IFERROR(C5/H5,0) -> 0 | F7: =IFERROR((G5+R5)/F5,0) -> 0 | G7: =IFERROR(H5/G5,0) -> 0 | H7: =(C5/C7) -> 0 | J7: =IFERROR(J5/I5,0) -> 0 | L7: =IFERROR(L5/K5,0) -> 0 | M7: =IFERROR(M5/SUM(R5+G5,0),"") | O7: =IFERROR(O5/N5,0) -> 0 | Q7: =IFERROR(Q5/P5,0) -> 0
B8: Troy Williams | C8: =SUMIF(B:B,B8,T:T) -> 0 | E8: =SUMIFS(T:T,B:B,B8,D:D,"Y") -> 0 | F8: =SUMIF(B39:B1137,B8,G39:G1137) -> 0 | G8: =SUMIF(B39:B1137,B8,H39:H1137) -> 0 | H8: =SUMIF(B39:B1137,B8,I39:I1137) -> 0 | I8: =SUMIF(B39:B1137,B8,P39:P1137) -> 0 | J8: =SUMIF(B39:B1137,B8,Q39:Q1137) -> 0 | K8: =SUMIF(B39:B1137,B8,R39:R1137) -> 0 | L8: =SUMIF(B39:B1137,B8,S39:S1137) -> 0 | M8: =SUMIF(B39:B1137,B8,M39:M1137) -> 0 | N8: =SUMIF(B39:B1137,B8,N39:N1137) -> 0 | O8: =SUMIF(B39:B1137,B8,O39:O1137) -> 0 | P8: =SUMIF(B39:B1137,B8,J39:J1137) -> 0 | Q8: =SUMIF(B39:B1137,B8,K39:K1137) -> 0 | R8: =SUMIF(B39:B1137,B8,L39:L1137) -> 0
C9: # of Agents | E9: ALP per sale | F9: Show Rate | G9: Close Ratio | H9: ALP/Agent | J9: POS Close | L9: VET Close | M9: REF Per Sit | O9: REF Close | Q9: OTS Close
C10: =COUNTIFS(B28:B1137,B8) -> 5 | E10: =IFERROR(C8/H8,0) -> 0 | F10: =IFERROR((G8+R8)/F8,0) -> 0 | G10: =IFERROR(H8/G8,0) -> 0 | H10: =(C8/C10) -> 0 | J10: =IFERROR(J8/I8,0) -> 0 | L10: =IFERROR(L8/K8,0) -> 0 | M10: =IFERROR(M8/SUM(G8+R8,0),"") | O10: =IFERROR(O8/N8,0) -> 0 | Q10: =IFERROR(Q8/P8,0) -> 0
B11: Karami Kovar | C11: =SUMIF(B:B,B11,T:T) -> 0 | E11: =SUMIFS(T:T,B:B,B11,D:D,"Y") -> 0 | F11: =SUMIF(B28:B1137,B11,G28:G1137) -> 0 | G11: =SUMIF(C28:C1137,C11,H28:H1137) -> 0 | H11: =SUMIF(D28:D1137,D11,I28:I1137) -> 0 | I11: =SUMIF(E28:E1137,E11,J28:J1137) -> 0 | J11: =SUMIF(F28:F1137,F11,K28:K1137) -> 0 | K11: =SUMIF(G28:G1137,G11,L28:L1137) -> 0 | L11: =SUMIF(H28:H1137,H11,M28:M1137) -> 0 | M11: =SUMIF(I28:I1137,I11,N28:N1137) -> 0 | ... R11: =SUMIF(N28:N1137,N11,S28:S1137) -> 0
C12: # of Agents | E12: ALP per sale | F12: Show Rate | G12: Close Ratio | H12: ALP/Agent | J12: POS Close | L12: VET Close | M12: REF Per Sit | O12: REF Close | Q12: OTS Close
C13: =COUNTIFS(B27:B1137,B11) -> 11 | E13: =IFERROR(C11/H11,0) -> 0 | F13: =IFERROR((G11+R11)/F11,0) -> 0 | G13: =IFERROR(H11/G11,0) -> 0 | H13: =(C11/C13) -> 0 | J13: =IFERROR(J11/I11,0) -> 0 | L13: =IFERROR(L11/K11,0) -> 0 | M13: =IFERROR(M11/SUM(G11+R11,0),"") | O13: =IFERROR(O11/N11,0) -> 0 | Q13: =IFERROR(Q11/P11,0) -> 0
B14: Joy Vann-Austin | C14: =SUMIF(A:A,B14,T:T) -> 0 | E14: =SUMIFS(T:T,A:A,B14,D:D,"Y") -> 0 | F14: =SUMIF(A:A,B14,G:G) -> 0 | G14: =SUMIF(A:A,B14,H:H) -> 0 | H14: =SUMIF(A:A,B14,I:I) -> 0 | I14: =SUMIF(A:A,B14,P:P) -> 0 | J14: =SUMIF(A:A,B14,Q:Q) -> 0 | K14: =SUMIF(A:A,B14,R:R) -> 0 | L14: =SUMIF(A:A,B14,S:S) -> 0 | M14: =SUMIF(A:A,B14,M:M) -> 0 | N14: =SUMIF(A:A,B14,N:N) -> 0 | O14: =SUMIF(A:A,B14,O:O) -> 0 | P14: =SUMIF(A:A,B14,J:J) -> 0 | Q14: =SUMIF(A:A,B14,K:K) -> 0 | R14: =SUMIF(A:A,B14,L:L) -> 0
C15: # of Agents | E15: ALP per sale | F15: Show Rate | G15: Close Ratio | H15: ALP/Agent | J15: POS Close | L15: VET Close | M15: REF Per Sit | O15: REF Close | Q15: OTS Close
C16: =COUNTIFS(A:A,B14) -> 4 | E16: =IFERROR(C14/H14,0) -> 0 | F16: =IFERROR((G14+R14)/F14,0) -> 0 | G16: =IFERROR(H14/G14,0) -> 0 | H16: =(C14/C16) -> 0 | J16: =IFERROR(J14/I14,0) -> 0 | L16: =IFERROR(L14/K14,0) -> 0 | M16: =IFERROR(M14/SUM(R14+G14,0),"") | O16: =IFERROR(O14/N14,0) -> 0 | Q16: =IFERROR(Q14/P14,0) -> 0
B17: Torian Fields | C17: =SUMIF(A:A,B17,T:T) -> 0 | E17: =SUMIFS(T:T,A:A,B17,D:D,"Y") -> 0 | F17: =SUMIF(A:A,B17,G:G) -> 0 | G17: =SUMIF(A:A,B17,H:H) -> 0 | H17: =SUMIF(A:A,B17,I:I) -> 0 | I17: =SUMIF(A:A,B17,P:P) -> 0 | J17: =SUMIF(A:A,B17,Q:Q) -> 0 | K17: =SUMIF(A:A,B17,R:R) -> 0 | L17: =SUMIF(A:A,B17,S:S) -> 0 | M17: =SUMIF(A:A,B17,M:M) -> 0 | N17: =SUMIF(A:A,B17,N:N) -> 0 | O17: =SUMIF(A:A,B17,O:O) -> 0 | P17: =SUMIF(A:A,B17,J:J) -> 0 | Q17: =SUMIF(A:A,B17,K:K) -> 0 | R17: =SUMIF(A:A,B17,L:L) -> 0
C18: # of Agents | E18: ALP per sale | F18: Show Rate | G18: Close Ratio | H18: ALP/Agent | J18: POS Close | L18: VET Close | M18: REF Per Sit | O18: REF Close | Q18: OTS Close
C19: =COUNTIFS(A:A,B17) -> 22 | E19: =IFERROR(C17/H17,0) -> 0 | F19: =IFERROR((G17+R17)/F17,0) -> 0 | G19: =IFERROR(H17/G17,0) -> 0 | H19: =(C17/C19) -> 0 | J19: =IFERROR(J17/I17,0) -> 0 | L19: =IFERROR(L17/K17,0) -> 0 | M19: =IFERROR(M17/SUM(G17+R17,0),"") | O19: =IFERROR(O17/N17,0) -> 0 | Q19: =IFERROR(Q17/P17,0) -> 0
B20: Devin Gould | C20: =SUMIF(B:B,B20,T:T) -> 0 | E20: =SUMIFS(T:T,B:B,B20,D:D,"Y") -> 0 | F20: =SUMIF(B47:B1137,B20,G47:G1137) -> 0 | G20: =SUMIF(B47:B1137,B20,H47:H1137) -> 0 | H20: =SUMIF(B47:B1137,B20,I47:I1137) -> 0 | I20: =SUMIF(B47:B1137,B20,P47:P1137) -> 0 | J20: =SUMIF(B47:B1137,B20,Q47:Q1137) -> 0 | K20: =SUMIF(B47:B1137,B20,R47:R1137) -> 0 | L20: =SUMIF(B47:B1137,B20,S47:S1137) -> 0 | M20: =SUMIF(B47:B1137,B20,M47:M1137) -> 0 | N20: =SUMIF(B47:B1137,B20,N47:N1137) -> 0 | O20: =SUMIF(B47:B1137,B20,O47:O1137) -> 0 | P20: =SUMIF(B47:B1137,B20,J47:J1137) -> 0 | Q20: =SUMIF(B47:B1137,B20,K47:K1137) -> 0 | R20: =SUMIF(B47:B1137,B20,L47:L1137) -> 0
C21: # of Agents | E21: ALP per sale | F21: Show Rate | G21: Close Ratio | H21: ALP/Agent | J21: POS Close | L21: VET Close | M21: REF Per Sit | O21: REF Close | Q21: OTS Close
C22: =COUNTIFS(B28:B1137,B20) -> 14 | E22: =IFERROR(C20/H20,0) -> 0 | F22: =IFERROR((G20+R20)/F20,0) -> 0 | G22: =IFERROR(H20/G20,0) -> 0 | H22: =(C20/C22) -> 0 | J22: =IFERROR(J20/I20,0) -> 0 | L22: =IFERROR(L20/K20,0) -> 0 | M22: =IFERROR(M20/SUM(G20+R20,0),"") | O22: =IFERROR(O20/N20,0) -> 0 | Q22: =IFERROR(Q20/P20,0) -> 0
B23: Mikaela Hayes | C23: =SUMIF(B:B,B23,T:T) -> 0 | E23: =SUMIFS(T:T,B:B,B23,D:D,"Y") -> 0 | F23: =SUMIF(B50:B1137,B23,G50:G1137) -> 0 | G23: =SUMIF(B50:B1137,B23,H50:H1137) -> 0 | H23: =SUMIF(B50:B1137,B23,I50:I1137) -> 0 | I23: =SUMIF(B50:B1137,B23,P50:P1137) -> 0 | J23: =SUMIF(B50:B1137,B23,Q50:Q1137) -> 0 | K23: =SUMIF(B50:B1137,B23,R50:R1137) -> 0 | L23: =SUMIF(B50:B1137,B23,S50:S1137) -> 0 | M23: =SUMIF(B50:B1137,B23,M50:M1137) -> 0 | N23: =SUMIF(B50:B1137,B23,N50:N1137) -> 0 | O23: =SUMIF(B50:B1137,B23,O50:O1137) -> 0 | P23: =SUMIF(B50:B1137,B23,J50:J1137) -> 0 | Q23: =SUMIF(B50:B1137,B23,K50:K1137) -> 0 | R23: =SUMIF(B50:B1137,B23,L50:L1137) -> 0
C24: # of Agents | E24: ALP per sale | F24: Show Rate | G24: Close Ratio | H24: ALP/Agent | J24: POS Close | L24: VET Close | M24: REF Per Sit | O24: REF Close | Q24: OTS Close
C25: =COUNTIFS(B33:B1137,B23) -> 5 | E25: =IFERROR(C23/H23,0) -> 0 | F25: =IFERROR((G23+R23)/F23,0) -> 0 | G25: =IFERROR(H23/G23,0) -> 0 | H25: =(C23/C25) -> 0 | J25: =IFERROR(J23/I23,0) -> 0 | L25: =IFERROR(L23/K23,0) -> 0 | M25: =IFERROR(M23/SUM(G23+R23,0),"") | O25: =IFERROR(O23/N23,0) -> 0 | Q25: =IFERROR(Q23/P23,0) -> 0
A27: MGA | B27: GA | C27: SA | E27: State | F27: Agent | G27: SETS | H27: SITS | I27: SALES | J27: OTS SITS | K27: OTS SALES | L27: N1 | M27: REF OBT | N27: REF SITS | O27: REF SALES | P27: POS SITS | Q27: POS SALES | R27: VETS SITS | S27: VET SALES | T27: ALP | U27: Close | V27: Show | W27: Code Date
A28: Ashley Rust | D28: Y | F28: Ashley Rust | U28: =IFERROR(I28/H28,0) -> 0 | V28: =IFERROR(SUM(H28+L28)/G28,0) -> 0
A29: Ashley Rust | F29: Karly Kelly | U29: =IFERROR(I29/H29,0) -> 0 | V29: =IFERROR(SUM(H29+L29)/G29,0) -> 0
A30: Ashley Rust | F30: Andrea Mulder | U30: =IFERROR(I30/H30,0) -> 0 | V30: =IFERROR(SUM(H30+L30)/G30,0) -> 0
A31: Ashley Rust | B31: Karami Kovar | D31: Y | F31: Karami Kovar | U31: =IFERROR(I31/H31,0) -> 0 | V31: =IFERROR(SUM(H31+L31)/G31,0) -> 0
A32: Ashley Rust | B32: Karami Kovar | F32: Bridgett McDaniels Russell | U32: =IFERROR(I32/H32,0) -> 0 | V32: =IFERROR(SUM(H32+L32)/G32,0) -> 0
A33: Ashley Rust | B33: Karami Kovar | C33: Jasmine Marquez | D33: Y | F33: Jasmine Marquez | G33: 0 | H33: 0 | I33: 0 | J33: 0 | K33: 0 | L33: 0 | M33: 0 | N33: 0 | O33: 0 | P33: 0 | Q33: 0 | R33: 0 | S33: 0 | T33: 0 | U33: =IFERROR(I33/H33,0) -> 0 | V33: =IFERROR(SUM(H33+L33)/G33,0) -> 0
A34: Ashley Rust | B34: Karami Kovar | C34: Jasmine Marquez | F34: Ashley Varner-Warren | G34: 0 | H34: 0 | I34: 0 | J34: 0 | K34: 0 | L34: 0 | M34: 0 | N34: 0 | O34: 0 | P34: 0 | Q34: 0 | R34: 0 | S34: 0 | T34: 0 | U34: =IFERROR(I34/H34,0) -> 0 | V34: =IFERROR(SUM(H34+L34)/G34,0) -> 0
A35: Ashley Rust | B35: Karami Kovar | C35: Jasmine Marquez | F35: Kristen Walton | G35: 0 | H35: 0 | I35: 0 | J35: 0 | K35: 0 | L35: 0 | M35: 0 | O35: 0 | P35: 0 | Q35: 0 | R35: 0 | S35: 0 | T35: 0 | U35: 0 | V35: =IFERROR(SUM(H35+L35)/G35,0) -> 0
A36: Ashley Rust | B36: Karami Kovar | C36: Jasmine Marquez | F36: Sara Subo | G36: 0 | H36: 0 | I36: 0 | J36: 0 | K36: 0 | L36: 0 | M36: 0 | N36: 0 | O36: 0 | P36: 0 | Q36: 0 | R36: 0 | S36: 0 | T36: 0 | U36: =IFERROR(I36/H36,0) -> 0 | V36: =IFERROR(SUM(H36+L36)/G36,0) -> 0
A37: Ashley Rust | B37: Karami Kovar | C37: Jasmine Marquez | F37: Thomas Kirk | G37: 0 | H37: 0 | I37: 0 | J37: 0 | K37: 0 | L37: 0 | M37: 0 | N37: 0 | O37: 0 | P37: 0 | Q37: 0 | R37: 0 | S37: 0 | T37: 0 | U37: =IFERROR(I37/H37,0) -> 0 | V37: =IFERROR(SUM(H37+L37)/G37,0) -> 0
A38: Ashley Rust | B38: Karami Kovar | C38: Jasmine Marquez | F38: Isabela Maneiro | G38: 0 | H38: 0 | I38: 0 | J38: 0 | K38: 0 | L38: 0 | M38: 0 | N38: 0 | O38: 0 | P38: 0 | Q38: 0 | R38: 0 | S38: 0 | T38: 0 | U38: =IFERROR(I38/H38,0) -> 0 | V38: =IFERROR(SUM(H38+L38)/G38,0) -> 0
A39: Ashley Rust | B39: Karami Kovar | C39: Ryan Cummings | D39: Y | F39: Ryan Cummings | U39: =IFERROR(I39/H39,0) -> 0 | V39: =IFERROR(SUM(H39+L39)/G39,0) -> 0
A40: Ashley Rust | B40: Karami Kovar | C40: Ryan Cummings | F40: Charlie Hudson | U40: =IFERROR(I40/H40,0) -> 0 | V40: =IFERROR(SUM(H40+L40)/G40,0) -> 0
A41: Ashley Rust | B41: Karami Kovar | C41: Ryan Cummings | F41: Bayle Kizer | U41: =IFERROR(I41/H41,0) -> 0 | V41: =IFERROR(SUM(H41+L41)/G41,0) -> 0
A42: Ashley Rust | B42: Troy Williams | D42: Y | F42: Troy Williams | U42: =IFERROR(I42/H42,0) -> 0 | V42: =IFERROR(SUM(H42+L42)/G42,0) -> 0
A43: Ashley Rust | B43: Troy Williams | F43: Janice Elgedawy | U43: =IFERROR(I43/H43,0) -> 0 | V43: =IFERROR(SUM(H43+L43)/G43,0) -> 0
A44: Ashley Rust | B44: Troy Williams | F44: Garland Simrel | U44: =IFERROR(I44/H44,0) -> 0 | V44: =IFERROR(SUM(H44+L44)/G44,0) -> 0
A45: Ashley Rust | B45: Troy Williams | F45: Sherita Thompson | U45: =IFERROR(I45/H45,0) -> 0 | V45: =IFERROR(SUM(H45+L45)/G45,0) -> 0
A46: Ashley Rust | B46: Troy Williams | F46: Kay Finch | U46: =IFERROR(I46/H46,0) -> 0 | V46: =IFERROR(SUM(H46+L46)/G46,0) -> 0
A47: MGA | B47: GA | C47: SA | E47: State | F47: Agent | G47: SETS | H47: SITS | I47: SALES | J47: OTS SITS | K47: OTS SALES | L47: N1 | M47: REF OBT | N47: REF SITS | O47: REF SALES | P47: POS SITS | Q47: POS SALES | R47: VETS SITS | S47: VET SALES | T47: ALP | U47: Close | V47: Show
A48: Joy Vann-Austin | D48: Y | F48: Joy Vann-Austin | U48: =IFERROR(I48/H48,0) -> 0 | V48: =IFERROR(SUM(H48+L48)/G48,0) -> 0
A49: Joy Vann-Austin | F49: Courtney Morse | U49: =IFERROR(I49/H49,0) -> 0 | V49: =IFERROR(SUM(H49+L49)/G49,0) -> 0
A50: Joy Vann-Austin | C50: Shayla Williamson | D50: Y | F50: Shayla Williamson | G50: 0 | H50: 0 | I50: 0 | J50: 0 | K50: 0 | L50: 0 | M50: 0 | N50: 0 | O50: 0 | P50: 0 | Q50: 0 | R50: 0 | S50: 0 | T50: 0 | U50: =IFERROR(I50/H50,0) -> 0 | V50: =IFERROR(SUM(H50+L50)/G50,0) -> 0
A51: Joy Vann-Austin | C51: Shayla Williamson | F51: Jared Kelly | U51: =IFERROR(I51/H51,0) -> 0 | V51: =IFERROR(SUM(H51+L51)/G51,0) -> 0
A52: MGA | B52: GA | C52: SA | E52: State | F52: Agent | G52: SETS | H52: SITS | I52: SALES | J52: OTS SITS | K52: OTS SALES | L52: N1 | M52: REF OBT | N52: REF SITS | O52: REF SALES | P52: POS SITS | Q52: POS SALES | R52: VETS SITS | S52: VET SALES | T52: ALP | U52: Close | V52: Show
A53: Torian Fields | D53: Y | F53: Torian Fields | G53: 0 | H53: 0 | I53: 0 | J53: 0 | K53: 0 | L53: 0 | M53: 0 | N53: 0 | O53: 0 | P53: 0 | Q53: 0 | R53: 0 | S53: 0 | T53: 0 | U53: =IFERROR(I53/H53,0) -> 0 | V53: =IFERROR(SUM(H53+L53)/G53,0) -> 0
A54: Torian Fields | F54: Martin Austin | G54: 0 | H54: 0 | I54: 0 | J54: 0 | K54: 0 | L54: 0 | M54: 0 | N54: 0 | O54: 0 | P54: 0 | Q54: 0 | R54: 0 | S54: 0 | T54: 0 | U54: =IFERROR(I54/H54,0) -> 0 | V54: =IFERROR(SUM(H54+L54)/G54,0) -> 0
A55: Torian Fields | F55: Harley Negrete | G55: 0 | H55: 0 | I55: 0 | J55: 0 | K55: 0 | L55: 0 | M55: 0 | N55: 0 | O55: 0 | P55: 0 | Q55: 0 | R55: 0 | S55: 0 | T55: 0 | U55: =IFERROR(I55/H55,0) -> 0 | V55: =IFERROR(SUM(H55+L55)/G55,0) -> 0
A56: Torian Fields | B56: Devin Gould | D56: Y | F56: Devin Gould | G56: 0 | H56: 0 | I56: 0 | J56: 0 | K56: 0 | L56: 0 | M56: 0 | N56: 0 | O56: 0 | P56: 0 | Q56: 0 | R56: 0 | S56: 0 | T56: 0 | U56: =IFERROR(I56/H56,0) -> 0 | V56: =IFERROR(SUM(H56+L56)/G56,0) -> 0
A57: Torian Fields | B57: Devin Gould | F57: Mariah Ruff | G57: 0 | H57: 0 | I57: 0 | J57: 0 | K57: 0 | L57: 0 | M57: 0 | N57: 0 | O57: 0 | P57: 0 | Q57: 0 | R57: 0 | S57: 0 | T57: 0 | U57: =IFERROR(I57/H57,0) -> 0 | V57: =IFERROR(SUM(H57+L57)/G57,0) -> 0
A58: Torian Fields | B58: Devin Gould | F58: Dontae Reeves | G58: 0 | H58: 0 | I58: 0 | J58: 0 | K58: 0 | L58: 0 | M58: 0 | N58: 0 | O58: 0 | P58: 0 | Q58: 0 | R58: 0 | S58: 0 | T58: 0 | U58: =IFERROR(I58/H58,0) -> 0 | V58: =IFERROR(SUM(H58+L58)/G58,0) -> 0
A59: Torian Fields | B59: Devin Gould | F59: Lisa Berry | G59: 0 | H59: 0 | I59: 0 | J59: 0 | K59: 0 | L59: 0 | M59: 0 | N59: 0 | O59: 0 | P59: 0 | Q59: 0 | R59: 0 | S59: 0 | T59: 0 | U59: =IFERROR(I59/H59,0) -> 0 | V59: =IFERROR(SUM(H59+L59)/G59,0) -> 0
A60: Torian Fields | B60: Devin Gould | C60: Abdur-Rahmaan Yaseen | D60: Y | F60: Abdur-Rahmaan Yaseen | G60: 0 | H60: 0 | I60: 0 | J60: 0 | K60: 0 | L60: 0 | M60: 0 | N60: 0 | O60: 0 | P60: 0 | Q60: 0 | R60: 0 | S60: 0 | T60: 0 | U60: =IFERROR(I60/H60,0) -> 0 | V60: =IFERROR(SUM(H60+L60)/G60,0) -> 0
A61: Torian Fields | B61: Devin Gould | C61: Abdur-Rahmaan Yaseen | F61: Anthony Golino | G61: 0 | H61: 0 | I61: 0 | J61: 0 | K61: 0 | L61: 0 | M61: 0 | N61: 0 | O61: 0 | P61: 0 | Q61: 0 | R61: 0 | S61: 0 | T61: 0 | U61: =IFERROR(I61/H61,0) -> 0 | V61: =IFERROR(SUM(H61+L61)/G61,0) -> 0
A62: Torian Fields | B62: Devin Gould | C62: Abdur-Rahmaan Yaseen | F62: Cameron Platt | G62: 0 | H62: 0 | I62: 0 | J62: 0 | K62: 0 | L62: 0 | M62: 0 | N62: 0 | O62: 0 | P62: 0 | Q62: 0 | R62: 0 | S62: 0 | T62: 0 | U62: =IFERROR(I62/H62,0) -> 0 | V62: =IFERROR(SUM(H62+L62)/G62,0) -> 0
A63: Torian Fields | B63: Devin Gould | C63: Abdur-Rahmaan Yaseen | F63: Taylor Waldrip | G63: 0 | H63: 0 | I63: 0 | J63: 0 | K63: 0 | L63: 0 | M63: 0 | N63: 0 | O63: 0 | P63: 0 | Q63: 0 | R63: 0 | S63: 0 | T63: 0 | U63: =IFERROR(I63/H63,0) -> 0 | V63: =IFERROR(SUM(H63+L63)/G63,0) -> 0
A64: Torian Fields | B64: Devin Gould | C64: Abdur-Rahmaan Yaseen | F64: Jeton Ajvazi | G64: 0 | H64: 0 | I64: 0 | J64: 0 | K64: 0 | L64: 0 | M64: 0 | N64: 0 | O64: 0 | P64: 0 | Q64: 0 | R64: 0 | S64: 0 | T64: 0 | U64: =IFERROR(I64/H64,0) -> 0 | V64: =IFERROR(SUM(H64+L64)/G64,0) -> 0
A65: Torian Fields | B65: Devin Gould | C65: Abdur-Rahmaan Yaseen | F65: Jillian Graham | G65: 0 | H65: 0 | I65: 0 | J65: 0 | K65: 0 | L65: 0 | M65: 0 | N65: 0 | O65: 0 | P65: 0 | Q65: 0 | R65: 0 | S65: 0 | T65: 0 | U65: =IFERROR(I65/H65,0) -> 0 | V65: =IFERROR(SUM(H65+L65)/G65,0) -> 0
A66: Torian Fields | B66: Devin Gould | C66: Bryson Brewer | D66: Y | F66: Bryson Brewer | G66: 0 | H66: 0 | I66: 0 | J66: 0 | K66: 0 | L66: 0 | M66: 0 | N66: 0 | O66: 0 | P66: 0 | Q66: 0 | R66: 0 | S66: 0 | T66: 0 | U66: =IFERROR(I66/H66,0) -> 0 | V66: =IFERROR(SUM(H66+L66)/G66,0) -> 0
A67: Torian Fields | B67: Devin Gould | C67: Maria Farley | D67: Y | F67: Maria Farley | G67: 0 | H67: 0 | I67: 0 | J67: 0 | K67: 0 | L67: 0 | M67: 0 | N67: 0 | O67: 0 | P67: 0 | Q67: 0 | R67: 0 | S67: 0 | T67: 0 | U67: =IFERROR(I67/H67,0) -> 0 | V67: =IFERROR(SUM(H67+L67)/G67,0) -> 0
A68: Torian Fields | B68: Devin Gould | C68: Maria Farley | F68: Deanna Delgado | G68: 0 | H68: 0 | I68: 0 | J68: 0 | K68: 0 | L68: 0 | M68: 0 | N68: 0 | O68: 0 | P68: 0 | Q68: 0 | R68: 0 | S68: 0 | T68: 0 | U68: =IFERROR(I68/H68,0) -> 0 | V68: =IFERROR(SUM(H68+L68)/G68,0) -> 0
A69: Torian Fields | B69: Devin Gould | C69: Maria Farley | F69: Anya White | G69: 0 | H69: 0 | I69: 0 | J69: 0 | K69: 0 | L69: 0 | M69: 0 | N69: 0 | O69: 0 | P69: 0 | Q69: 0 | R69: 0 | S69: 0 | T69: 0 | U69: =IFERROR(I69/H69,0) -> 0 | V69: =IFERROR(SUM(H69+L69)/G69,0) -> 0
A70: Torian Fields | B70: Mikaela Hayes | D70: Y | F70: Mikaela Hayes | G70: 0 | H70: 0 | I70: 0 | J70: 0 | K70: 0 | L70: 0 | M70: 0 | N70: 0 | O70: 0 | P70: 0 | Q70: 0 | R70: 0 | S70: 0 | T70: 0 | U70: =IFERROR(I70/H70,0) -> 0 | V70: =IFERROR(SUM(H70+L70)/G70,0) -> 0
A71: Torian Fields | B71: Mikaela Hayes | F71: Olivia Ruble | G71: 0 | H71: 0 | I71: 0 | J71: 0 | K71: 0 | L71: 0 | M71: 0 | N71: 0 | O71: 0 | P71: 0 | Q71: 0 | R71: 0 | S71: 0 | T71: 0 | U71: =IFERROR(I71/H71,0) -> 0 | V71: =IFERROR(SUM(H71+L71)/G71,0) -> 0
A72: Torian Fields | B72: Mikaela Hayes | F72: Jaedeen Perez | G72: 0 | H72: 0 | I72: 0 | J72: 0 | K72: 0 | L72: 0 | M72: 0 | N72: 0 | O72: 0 | P72: 0 | Q72: 0 | R72: 0 | S72: 0 | T72: 0 | U72: =IFERROR(I72/H72,0) -> 0 | V72: =IFERROR(SUM(H72+L72)/G72,0) -> 0
A73: Torian Fields | B73: Mikaela Hayes | F73: Kelsey Folcarelli | G73: 0 | H73: 0 | I73: 0 | J73: 0 | K73: 0 | L73: 0 | M73: 0 | N73: 0 | O73: 0 | P73: 0 | Q73: 0 | R73: 0 | S73: 0 | T73: 0 | U73: =IFERROR(I73/H73,0) -> 0 | V73: =IFERROR(SUM(H73+L73)/G73,0) -> 0
A74: Torian Fields | B74: Mikaela Hayes | C74: Deandre Barber | D74: Y | F74: Deandre Barber | G74: 0 | H74: 0 | I74: 0 | J74: 0 | K74: 0 | L74: 0 | M74: 0 | N74: 0 | O74: 0 | P74: 0 | Q74: 0 | R74: 0 | S74: 0 | T74: 0 | U74: =IFERROR(I74/H74,0) -> 0 | V74: =IFERROR(SUM(H74+L74)/G74,0) -> 0

Sheet Mon 
C1: ALP | E1: LEADERSHIP ALP | F1: Appts | G1: Pres | H1: Sales | I1: POS SITS | J1: POS SA | K1: VET SITS | L1: VET SA | M1: REF OBT | N1: REF SITS | O1: REF SA | P1: OTS SITS | Q1: OTS SA | R1: N1
B2: RUST RGA | C2: =SUM(C5,C14,C17) -> 992 | E2: =SUM(E5,E14,E17) -> 992 | F2: =SUM(F5,F14,F17) -> 18 | G2: =SUM(G5,G14,G17) -> 9 | H2: =SUM(H5,H14,H17) -> 1 | I2: =SUM(I5,I14,I17) -> 4 | J2: =SUM(J5,J14,J17) -> 0 | K2: =SUM(K5,K14,K17) -> 4 | L2: =SUM(L5,L14,L17) -> 1 | ... R2: =SUM(R5,R14,R17) -> 4
C3: # of Agents | E3: ALP per sale | F3: Show Rate | G3: Close Ratio | H3: ALP/Agent | J3: POS Close | L3: VET Close | M3: REF Per Sit | O3: REF Close | Q3: OTS Close
C4: =SUM(C7,C19,C16) -> 45 | E4: =IFERROR(C2/H2,0) -> 992 | F4: =IFERROR((G2+R2)/F2,0) -> 0.72222222 | G4: =IFERROR(H2/G2,0) -> 0.11111111 | H4: =(C2/C4) -> 22.044444 | J4: =IFERROR(J2/I2,0) -> 0 | L4: =IFERROR(L2/K2,0) -> 0.25 | M4: =IFERROR(M2/G2,0) -> 3.1111111 | O4: =IFERROR(O2/N2,0) -> 0 | Q4: =IFERROR(Q2/P2,0) -> 0
B5: Ashley Rust | C5: =SUMIF(A:A,B5,T:T) -> 0 | E5: =SUMIFS(T:T,A:A,B5,D:D,"Y") -> 0 | F5: =SUMIF(A:A,B5,G:G) -> 7 | G5: =SUMIF(A:A,B5,H:H) -> 4 | H5: =SUMIF(A:A,B5,I:I) -> 0 | I5: =SUMIF(A:A,B5,P:P) -> 0 | J5: =SUMIF(A:A,B5,Q:Q) -> 0 | K5: =SUMIF(A:A,B5,R:R) -> 1 | L5: =SUMIF(A:A,B5,S:S) -> 0 | M5: =SUMIF(A:A,B5,M:M) -> 22 | N5: =SUMIF(A:A,B5,N:N) -> 1 | O5: =SUMIF(A:A,B5,O:O) -> 0 | P5: =SUMIF(A:A,B5,J:J) -> 2 | Q5: =SUMIF(A:A,B5,K:K) -> 0 | R5: =SUMIF(A:A,B5,L:L) -> 2
C6: # of Agents | E6: ALP per sale | F6: Show Rate | G6: Close Ratio | H6: ALP/Agent | J6: POS Close | L6: VET Close | M6: REF Per Sit | O6: REF Close | Q6: OTS Close
C7: =COUNTIFS(A:A,B5) -> 19 | E7: =IFERROR(C5/H5,0) -> 0 | F7: =IFERROR((G5+R5)/F5,0) -> 0.85714286 | G7: =IFERROR(H5/G5,0) -> 0 | H7: =(C5/C7) -> 0 | J7: =IFERROR(J5/I5,0) -> 0 | L7: =IFERROR(L5/K5,0) -> 0 | M7: =IFERROR(M5/SUM(R5+G5,0),"") -> 3.6666667 | O7: =IFERROR(O5/N5,0) -> 0 | Q7: =IFERROR(Q5/P5,0) -> 0
B8: Troy Williams | C8: =SUMIF(B:B,B8,T:T) -> 0 | E8: =SUMIFS(T:T,B:B,B8,D:D,"Y") -> 0 | F8: =SUMIF(B39:B1137,B8,G39:G1137) -> 0 | G8: =SUMIF(B39:B1137,B8,H39:H1137) -> 0 | H8: =SUMIF(B39:B1137,B8,I39:I1137) -> 0 | I8: =SUMIF(B39:B1137,B8,P39:P1137) -> 0 | J8: =SUMIF(B39:B1137,B8,Q39:Q1137) -> 0 | K8: =SUMIF(B39:B1137,B8,R39:R1137) -> 0 | L8: =SUMIF(B39:B1137,B8,S39:S1137) -> 0 | M8: =SUMIF(B39:B1137,B8,M39:M1137) -> 0 | N8: =SUMIF(B39:B1137,B8,N39:N1137) -> 0 | O8: =SUMIF(B39:B1137,B8,O39:O1137) -> 0 | P8: =SUMIF(B39:B1137,B8,J39:J1137) -> 0 | Q8: =SUMIF(B39:B1137,B8,K39:K1137) -> 0 | R8: =SUMIF(B39:B1137,B8,L39:L1137) -> 0
C9: # of Agents | E9: ALP per sale | F9: Show Rate | G9: Close Ratio | H9: ALP/Agent | J9: POS Close | L9: VET Close | M9: REF Per Sit | O9: REF Close | Q9: OTS Close
C10: =COUNTIFS(B28:B1137,B8) -> 5 | E10: =IFERROR(C8/H8,0) -> 0 | F10: =IFERROR((G8+R8)/F8,0) -> 0 | G10: =IFERROR(H8/G8,0) -> 0 | H10: =(C8/C10) -> 0 | J10: =IFERROR(J8/I8,0) -> 0 | L10: =IFERROR(L8/K8,0) -> 0 | M10: =IFERROR(M8/SUM(G8+R8,0),"") | O10: =IFERROR(O8/N8,0) -> 0 | Q10: =IFERROR(Q8/P8,0) -> 0
B11: Karami Kovar | C11: =SUMIF(B:B,B11,T:T) -> 0 | E11: =SUMIFS(T:T,B:B,B11,D:D,"Y") -> 0 | F11: =SUMIF(B28:B1137,B11,G28:G1137) -> 7 | G11: =SUMIF(C28:C1137,C11,H28:H1137) -> 0 | H11: =SUMIF(D28:D1137,D11,I28:I1137) -> 0 | I11: =SUMIF(E28:E1137,E11,J28:J1137) -> 0 | J11: =SUMIF(F28:F1137,F11,K28:K1137) -> 0 | K11: =SUMIF(G28:G1137,G11,L28:L1137) -> 1 | L11: =SUMIF(H28:H1137,H11,M28:M1137) -> 2 | M11: =SUMIF(I28:I1137,I11,N28:N1137) -> 1 | ... R11: =SUMIF(N28:N1137,N11,S28:S1137) -> 1
C12: # of Agents | E12: ALP per sale | F12: Show Rate | G12: Close Ratio | H12: ALP/Agent | J12: POS Close | L12: VET Close | M12: REF Per Sit | O12: REF Close | Q12: OTS Close
C13: =COUNTIFS(B27:B1137,B11) -> 11 | E13: =IFERROR(C11/H11,0) -> 0 | F13: =IFERROR((G11+R11)/F11,0) -> 0.14285714 | G13: =IFERROR(H11/G11,0) -> 0 | H13: =(C11/C13) -> 0 | J13: =IFERROR(J11/I11,0) -> 0 | L13: =IFERROR(L11/K11,0) -> 2 | M13: =IFERROR(M11/SUM(G11+R11,0),"") -> 1 | O13: =IFERROR(O11/N11,0) -> 0 | Q13: =IFERROR(Q11/P11,0) -> 0
B14: Joy Vann-Austin | C14: =SUMIF(A:A,B14,T:T) -> 0 | E14: =SUMIFS(T:T,A:A,B14,D:D,"Y") -> 0 | F14: =SUMIF(A:A,B14,G:G) -> 0 | G14: =SUMIF(A:A,B14,H:H) -> 0 | H14: =SUMIF(A:A,B14,I:I) -> 0 | I14: =SUMIF(A:A,B14,P:P) -> 0 | J14: =SUMIF(A:A,B14,Q:Q) -> 0 | K14: =SUMIF(A:A,B14,R:R) -> 0 | L14: =SUMIF(A:A,B14,S:S) -> 0 | M14: =SUMIF(A:A,B14,M:M) -> 0 | N14: =SUMIF(A:A,B14,N:N) -> 0 | O14: =SUMIF(A:A,B14,O:O) -> 0 | P14: =SUMIF(A:A,B14,J:J) -> 0 | Q14: =SUMIF(A:A,B14,K:K) -> 0 | R14: =SUMIF(A:A,B14,L:L) -> 0
C15: # of Agents | E15: ALP per sale | F15: Show Rate | G15: Close Ratio | H15: ALP/Agent | J15: POS Close | L15: VET Close | M15: REF Per Sit | O15: REF Close | Q15: OTS Close
C16: =COUNTIFS(A:A,B14) -> 4 | E16: =IFERROR(C14/H14,0) -> 0 | F16: =IFERROR((G14+R14)/F14,0) -> 0 | G16: =IFERROR(H14/G14,0) -> 0 | H16: =(C14/C16) -> 0 | J16: =IFERROR(J14/I14,0) -> 0 | L16: =IFERROR(L14/K14,0) -> 0 | M16: =IFERROR(M14/SUM(R14+G14,0),"") | O16: =IFERROR(O14/N14,0) -> 0 | Q16: =IFERROR(Q14/P14,0) -> 0
B17: Torian Fields | C17: =SUMIF(A:A,B17,T:T) -> 992 | E17: =SUMIFS(T:T,A:A,B17,D:D,"Y") -> 992 | F17: =SUMIF(A:A,B17,G:G) -> 11 | G17: =SUMIF(A:A,B17,H:H) -> 5 | H17: =SUMIF(A:A,B17,I:I) -> 1 | I17: =SUMIF(A:A,B17,P:P) -> 4 | J17: =SUMIF(A:A,B17,Q:Q) -> 0 | K17: =SUMIF(A:A,B17,R:R) -> 3 | L17: =SUMIF(A:A,B17,S:S) -> 1 | M17: =SUMIF(A:A,B17,M:M) -> 6 | N17: =SUMIF(A:A,B17,N:N) -> 0 | O17: =SUMIF(A:A,B17,O:O) -> 0 | P17: =SUMIF(A:A,B17,J:J) -> 1 | Q17: =SUMIF(A:A,B17,K:K) -> 0 | R17: =SUMIF(A:A,B17,L:L) -> 2
C18: # of Agents | E18: ALP per sale | F18: Show Rate | G18: Close Ratio | H18: ALP/Agent | J18: POS Close | L18: VET Close | M18: REF Per Sit | O18: REF Close | Q18: OTS Close
C19: =COUNTIFS(A:A,B17) -> 22 | E19: =IFERROR(C17/H17,0) -> 992 | F19: =IFERROR((G17+R17)/F17,0) -> 0.63636364 | G19: =IFERROR(H17/G17,0) -> 0.2 | H19: =(C17/C19) -> 45.090909 | J19: =IFERROR(J17/I17,0) -> 0 | L19: =IFERROR(L17/K17,0) -> 0.33333333 | M19: =IFERROR(M17/SUM(G17+R17,0),"") -> 0.85714286 | O19: =IFERROR(O17/N17,0) -> 0 | Q19: =IFERROR(Q17/P17,0) -> 0
B20: Devin Gould | C20: =SUMIF(B:B,B20,T:T) -> 992 | E20: =SUMIFS(T:T,B:B,B20,D:D,"Y") -> 992 | F20: =SUMIF(B47:B1137,B20,G47:G1137) -> 11 | G20: =SUMIF(B47:B1137,B20,H47:H1137) -> 5 | H20: =SUMIF(B47:B1137,B20,I47:I1137) -> 1 | I20: =SUMIF(B47:B1137,B20,P47:P1137) -> 4 | J20: =SUMIF(B47:B1137,B20,Q47:Q1137) -> 0 | K20: =SUMIF(B47:B1137,B20,R47:R1137) -> 3 | L20: =SUMIF(B47:B1137,B20,S47:S1137) -> 1 | M20: =SUMIF(B47:B1137,B20,M47:M1137) -> 6 | N20: =SUMIF(B47:B1137,B20,N47:N1137) -> 0 | O20: =SUMIF(B47:B1137,B20,O47:O1137) -> 0 | P20: =SUMIF(B47:B1137,B20,J47:J1137) -> 1 | Q20: =SUMIF(B47:B1137,B20,K47:K1137) -> 0 | R20: =SUMIF(B47:B1137,B20,L47:L1137) -> 2
C21: # of Agents | E21: ALP per sale | F21: Show Rate | G21: Close Ratio | H21: ALP/Agent | J21: POS Close | L21: VET Close | M21: REF Per Sit | O21: REF Close | Q21: OTS Close
C22: =COUNTIFS(B28:B1137,B20) -> 14 | E22: =IFERROR(C20/H20,0) -> 992 | F22: =IFERROR((G20+R20)/F20,0) -> 0.63636364 | G22: =IFERROR(H20/G20,0) -> 0.2 | H22: =(C20/C22) -> 70.857143 | J22: =IFERROR(J20/I20,0) -> 0 | L22: =IFERROR(L20/K20,0) -> 0.33333333 | M22: =IFERROR(M20/SUM(G20+R20,0),"") -> 0.85714286 | O22: =IFERROR(O20/N20,0) -> 0 | Q22: =IFERROR(Q20/P20,0) -> 0
B23: Mikaela Hayes | C23: =SUMIF(B:B,B23,T:T) -> 0 | E23: =SUMIFS(T:T,B:B,B23,D:D,"Y") -> 0 | F23: =SUMIF(B50:B1137,B23,G50:G1137) -> 0 | G23: =SUMIF(B50:B1137,B23,H50:H1137) -> 0 | H23: =SUMIF(B50:B1137,B23,I50:I1137) -> 0 | I23: =SUMIF(B50:B1137,B23,P50:P1137) -> 0 | J23: =SUMIF(B50:B1137,B23,Q50:Q1137) -> 0 | K23: =SUMIF(B50:B1137,B23,R50:R1137) -> 0 | L23: =SUMIF(B50:B1137,B23,S50:S1137) -> 0 | M23: =SUMIF(B50:B1137,B23,M50:M1137) -> 0 | N23: =SUMIF(B50:B1137,B23,N50:N1137) -> 0 | O23: =SUMIF(B50:B1137,B23,O50:O1137) -> 0 | P23: =SUMIF(B50:B1137,B23,J50:J1137) -> 0 | Q23: =SUMIF(B50:B1137,B23,K50:K1137) -> 0 | R23: =SUMIF(B50:B1137,B23,L50:L1137) -> 0
C24: # of Agents | E24: ALP per sale | F24: Show Rate | G24: Close Ratio | H24: ALP/Agent | J24: POS Close | L24: VET Close | M24: REF Per Sit | O24: REF Close | Q24: OTS Close
C25: =COUNTIFS(B33:B1137,B23) -> 5 | E25: =IFERROR(C23/H23,0) -> 0 | F25: =IFERROR((G23+R23)/F23,0) -> 0 | G25: =IFERROR(H23/G23,0) -> 0 | H25: =(C23/C25) -> 0 | J25: =IFERROR(J23/I23,0) -> 0 | L25: =IFERROR(L23/K23,0) -> 0 | M25: =IFERROR(M23/SUM(G23+R23,0),"") | O25: =IFERROR(O23/N23,0) -> 0 | Q25: =IFERROR(Q23/P23,0) -> 0
A27: MGA | B27: GA | C27: SA | E27: State | F27: Agent | G27: SETS | H27: SITS | I27: SALES | J27: OTS SITS | K27: OTS SALES | L27: N1 | M27: REF OBT | N27: REF SITS | O27: REF SALES | P27: POS SITS | Q27: POS SALES | R27: VETS SITS | S27: VET SALES | T27: ALP | U27: Close | V27: Show | W27: Code Date
A28: Ashley Rust | D28: Y | F28: Ashley Rust | U28: =IFERROR(I28/H28,0) -> 0 | V28: =IFERROR(SUM(H28+L28)/G28,0) -> 0
A29: Ashley Rust | F29: Karly Kelly | U29: =IFERROR(I29/H29,0) -> 0 | V29: =IFERROR(SUM(H29+L29)/G29,0) -> 0
A30: Ashley Rust | F30: Andrea Mulder | G30: 0 | H30: 1 | I30: 0 | J30: 1 | K30: 0 | L30: 1 | M30: 0 | N30: 0 | O30: 0 | P30: 0 | Q30: 0 | R30: 1 | S30: 0 | T30: 0 | U30: =IFERROR(I30/H30,0) -> 0 | V30: =IFERROR(SUM(H30+L30)/G30,0) -> 0
A31: Ashley Rust | B31: Karami Kovar | D31: Y | F31: Karami Kovar | U31: =IFERROR(I31/H31,0) -> 0 | V31: =IFERROR(SUM(H31+L31)/G31,0) -> 0
A32: Ashley Rust | B32: Karami Kovar | F32: Bridgett McDaniels Russell | U32: =IFERROR(I32/H32,0) -> 0 | V32: =IFERROR(SUM(H32+L32)/G32,0) -> 0
A33: Ashley Rust | B33: Karami Kovar | C33: Jasmine Marquez | D33: Y | F33: Jasmine Marquez | G33: 1 | H33: 1 | I33: 0 | J33: 1 | K33: 0 | L33: 1 | M33: 7 | N33: 1 | O33: 0 | P33: 0 | Q33: 0 | R33: 0 | S33: 0 | T33: 0 | U33: =IFERROR(I33/H33,0) -> 0 | V33: =IFERROR(SUM(H33+L33)/G33,0) -> 2
A34: Ashley Rust | B34: Karami Kovar | C34: Jasmine Marquez | F34: Ashley Varner-Warren | G34: 1 | H34: 0 | I34: 0 | J34: 0 | K34: 0 | L34: 0 | M34: 0 | N34: 0 | O34: 0 | P34: 0 | Q34: 0 | R34: 0 | S34: 0 | T34: 0 | U34: =IFERROR(I34/H34,0) -> 0 | V34: =IFERROR(SUM(H34+L34)/G34,0) -> 0
A35: Ashley Rust | B35: Karami Kovar | C35: Jasmine Marquez | F35: Kristen Walton | G35: 3 | H35: 1 | I35: 0 | J35: 0 | K35: 0 | L35: 0 | M35: 9 | N35: 0 | O35: 0 | P35: 0 | Q35: 0 | R35: 0 | S35: 0 | T35: 0 | U35: =IFERROR(I35/H35,0) -> 0 | V35: =IFERROR(SUM(H35+L35)/G35,0) -> 0.33333333
A36: Ashley Rust | B36: Karami Kovar | C36: Jasmine Marquez | F36: Sara Subo | G36: 0 | H36: 0 | I36: 0 | J36: 0 | K36: 0 | L36: 0 | M36: 0 | N36: 0 | O36: 0 | P36: 0 | Q36: 0 | R36: 0 | S36: 0 | T36: 0 | U36: =IFERROR(I36/H36,0) -> 0 | V36: =IFERROR(SUM(H36+L36)/G36,0) -> 0
A37: Ashley Rust | B37: Karami Kovar | C37: Jasmine Marquez | F37: Thomas Kirk | G37: 0 | H37: 0 | I37: 0 | J37: 0 | K37: 0 | L37: 0 | M37: 0 | N37: 0 | O37: 0 | P37: 0 | Q37: 0 | R37: 0 | S37: 0 | T37: 0 | U37: =IFERROR(I37/H37,0) -> 0 | V37: =IFERROR(SUM(H37+L37)/G37,0) -> 0
A38: Ashley Rust | B38: Karami Kovar | C38: Jasmine Marquez | F38: Isabela Maneiro | G38: 2 | H38: 1 | I38: 0 | J38: 0 | K38: 0 | L38: 0 | M38: 6 | N38: 0 | O38: 0 | P38: 0 | Q38: 0 | R38: 0 | S38: 0 | T38: 0 | U38: =IFERROR(I38/H38,0) -> 0 | V38: =IFERROR(SUM(H38+L38)/G38,0) -> 0.5
A39: Ashley Rust | B39: Karami Kovar | C39: Ryan Cummings | D39: Y | F39: Ryan Cummings | U39: =IFERROR(I39/H39,0) -> 0 | V39: =IFERROR(SUM(H39+L39)/G39,0) -> 0
A40: Ashley Rust | B40: Karami Kovar | C40: Ryan Cummings | F40: Charlie Hudson | U40: =IFERROR(I40/H40,0) -> 0 | V40: =IFERROR(SUM(H40+L40)/G40,0) -> 0
A41: Ashley Rust | B41: Karami Kovar | C41: Ryan Cummings | F41: Bayle Kizer | U41: =IFERROR(I41/H41,0) -> 0 | V41: =IFERROR(SUM(H41+L41)/G41,0) -> 0
A42: Ashley Rust | B42: Troy Williams | D42: Y | F42: Troy Williams | U42: =IFERROR(I42/H42,0) -> 0 | V42: =IFERROR(SUM(H42+L42)/G42,0) -> 0
A43: Ashley Rust | B43: Troy Williams | F43: Janice Elgedawy | U43: =IFERROR(I43/H43,0) -> 0 | V43: =IFERROR(SUM(H43+L43)/G43,0) -> 0
A44: Ashley Rust | B44: Troy Williams | F44: Garland Simrel | U44: =IFERROR(I44/H44,0) -> 0 | V44: =IFERROR(SUM(H44+L44)/G44,0) -> 0
A45: Ashley Rust | B45: Troy Williams | F45: Sherita Thompson | U45: =IFERROR(I45/H45,0) -> 0 | V45: =IFERROR(SUM(H45+L45)/G45,0) -> 0
A46: Ashley Rust | B46: Troy Williams | F46: Kay Finch | U46: =IFERROR(I46/H46,0) -> 0 | V46: =IFERROR(SUM(H46+L46)/G46,0) -> 0
A47: MGA | B47: GA | C47: SA | E47: State | F47: Agent | G47: SETS | H47: SITS | I47: SALES | J47: OTS SITS | K47: OTS SALES | L47: N1 | M47: REF OBT | N47: REF SITS | O47: REF SALES | P47: POS SITS | Q47: POS SALES | R47: VETS SITS | S47: VET SALES | T47: ALP | U47: Close | V47: Show
A48: Joy Vann-Austin | D48: Y | F48: Joy Vann-Austin | U48: =IFERROR(I48/H48,0) -> 0 | V48: =IFERROR(SUM(H48+L48)/G48,0) -> 0
A49: Joy Vann-Austin | F49: Courtney Morse | U49: =IFERROR(I49/H49,0) -> 0 | V49: =IFERROR(SUM(H49+L49)/G49,0) -> 0
A50: Joy Vann-Austin | C50: Shayla Williamson | D50: Y | F50: Shayla Williamson | G50: 0 | H50: 0 | I50: 0 | J50: 0 | K50: 0 | L50: 0 | M50: 0 | N50: 0 | O50: 0 | P50: 0 | Q50: 0 | R50: 0 | S50: 0 | T50: 0 | U50: =IFERROR(I50/H50,0) -> 0 | V50: =IFERROR(SUM(H50+L50)/G50,0) -> 0
A51: Joy Vann-Austin | C51: Shayla Williamson | F51: Jared Kelly | U51: =IFERROR(I51/H51,0) -> 0 | V51: =IFERROR(SUM(H51+L51)/G51,0) -> 0
A52: MGA | B52: GA | C52: SA | E52: State | F52: Agent | G52: SETS | H52: SITS | I52: SALES | J52: OTS SITS | K52: OTS SALES | L52: N1 | M52: REF OBT | N52: REF SITS | O52: REF SALES | P52: POS SITS | Q52: POS SALES | R52: VETS SITS | S52: VET SALES | T52: ALP | U52: Close | V52: Show
A53: Torian Fields | D53: Y | F53: Torian Fields | G53: 0 | H53: 0 | I53: 0 | J53: 0 | K53: 0 | L53: 0 | M53: 0 | N53: 0 | O53: 0 | P53: 0 | Q53: 0 | R53: 0 | S53: 0 | T53: 0 | U53: =IFERROR(I53/H53,0) -> 0 | V53: =IFERROR(SUM(H53+L53)/G53,0) -> 0
A54: Torian Fields | F54: Martin Austin | G54: 0 | H54: 0 | I54: 0 | J54: 0 | K54: 0 | L54: 0 | M54: 0 | N54: 0 | O54: 0 | P54: 0 | Q54: 0 | R54: 0 | S54: 0 | T54: 0 | U54: =IFERROR(I54/H54,0) -> 0 | V54: =IFERROR(SUM(H54+L54)/G54,0) -> 0
A55: Torian Fields | F55: Harley Negrete | G55: 0 | H55: 0 | I55: 0 | J55: 0 | K55: 0 | L55: 0 | M55: 0 | N55: 0 | O55: 0 | P55: 0 | Q55: 0 | R55: 0 | S55: 0 | T55: 0 | U55: =IFERROR(I55/H55,0) -> 0 | V55: =IFERROR(SUM(H55+L55)/G55,0) -> 0
A56: Torian Fields | B56: Devin Gould | D56: Y | F56: Devin Gould | G56: 6 | H56: 2 | I56: 1 | J56: 0 | K56: 0 | L56: 0 | M56: 4 | N56: 0 | O56: 0 | P56: 0 | Q56: 0 | R56: 2 | S56: 1 | T56: 992 | U56: =IFERROR(I56/H56,0) -> 0.5 | V56: =IFERROR(SUM(H56+L56)/G56,0) -> 0.33333333
A57: Torian Fields | B57: Devin Gould | F57: Mariah Ruff | G57: 0 | H57: 0 | I57: 0 | J57: 0 | K57: 0 | L57: 0 | M57: 0 | N57: 0 | O57: 0 | P57: 0 | Q57: 0 | R57: 0 | S57: 0 | T57: 0 | U57: =IFERROR(I57/H57,0) -> 0 | V57: =IFERROR(SUM(H57+L57)/G57,0) -> 0
A58: Torian Fields | B58: Devin Gould | F58: Dontae Reeves | G58: 0 | H58: 0 | I58: 0 | J58: 0 | K58: 0 | L58: 0 | M58: 0 | N58: 0 | O58: 0 | P58: 0 | Q58: 0 | R58: 0 | S58: 0 | T58: 0 | U58: =IFERROR(I58/H58,0) -> 0 | V58: =IFERROR(SUM(H58+L58)/G58,0) -> 0
A59: Torian Fields | B59: Devin Gould | F59: Lisa Berry | G59: 0 | H59: 0 | I59: 0 | J59: 0 | K59: 0 | L59: 0 | M59: 0 | N59: 0 | O59: 0 | P59: 0 | Q59: 0 | R59: 0 | S59: 0 | T59: 0 | U59: =IFERROR(I59/H59,0) -> 0 | V59: =IFERROR(SUM(H59+L59)/G59,0) -> 0
A60: Torian Fields | B60: Devin Gould | C60: Abdur-Rahmaan Yaseen | D60: Y | F60: Abdur-Rahmaan Yaseen | G60: 0 | H60: 0 | I60: 0 | J60: 0 | K60: 0 | L60: 0 | M60: 0 | N60: 0 | O60: 0 | P60: 0 | Q60: 0 | R60: 0 | S60: 0 | T60: 0 | U60: =IFERROR(I60/H60,0) -> 0 | V60: =IFERROR(SUM(H60+L60)/G60,0) -> 0
A61: Torian Fields | B61: Devin Gould | C61: Abdur-Rahmaan Yaseen | F61: Anthony Golino | G61: 1 | H61: 0 | I61: 0 | J61: 1 | K61: 0 | L61: 1 | M61: 2 | N61: 0 | O61: 0 | P61: 0 | Q61: 0 | R61: 1 | S61: 0 | T61: 0 | U61: =IFERROR(I61/H61,0) -> 0 | V61: =IFERROR(SUM(H61+L61)/G61,0) -> 1
A62: Torian Fields | B62: Devin Gould | C62: Abdur-Rahmaan Yaseen | F62: Cameron Platt | G62: 0 | H62: 0 | I62: 0 | J62: 0 | K62: 0 | L62: 0 | M62: 0 | N62: 0 | O62: 0 | P62: 0 | Q62: 0 | R62: 0 | S62: 0 | T62: 0 | U62: =IFERROR(I62/H62,0) -> 0 | V62: =IFERROR(SUM(H62+L62)/G62,0) -> 0
A63: Torian Fields | B63: Devin Gould | C63: Abdur-Rahmaan Yaseen | F63: Taylor Waldrip | G63: 0 | H63: 0 | I63: 0 | J63: 0 | K63: 0 | L63: 0 | M63: 0 | N63: 0 | O63: 0 | P63: 0 | Q63: 0 | R63: 0 | S63: 0 | T63: 0 | U63: =IFERROR(I63/H63,0) -> 0 | V63: =IFERROR(SUM(H63+L63)/G63,0) -> 0
A64: Torian Fields | B64: Devin Gould | C64: Abdur-Rahmaan Yaseen | F64: Jeton Ajvazi | G64: 0 | H64: 0 | I64: 0 | J64: 0 | K64: 0 | L64: 0 | M64: 0 | N64: 0 | O64: 0 | P64: 0 | Q64: 0 | R64: 0 | S64: 0 | T64: 0 | U64: =IFERROR(I64/H64,0) -> 0 | V64: =IFERROR(SUM(H64+L64)/G64,0) -> 0
A65: Torian Fields | B65: Devin Gould | C65: Abdur-Rahmaan Yaseen | F65: Jillian Graham | G65: 0 | H65: 0 | I65: 0 | J65: 0 | K65: 0 | L65: 0 | M65: 0 | N65: 0 | O65: 0 | P65: 0 | Q65: 0 | R65: 0 | S65: 0 | T65: 0 | U65: =IFERROR(I65/H65,0) -> 0 | V65: =IFERROR(SUM(H65+L65)/G65,0) -> 0
A66: Torian Fields | B66: Devin Gould | C66: Bryson Brewer | D66: Y | F66: Bryson Brewer | G66: 0 | H66: 0 | I66: 0 | J66: 0 | K66: 0 | L66: 0 | M66: 0 | N66: 0 | O66: 0 | P66: 0 | Q66: 0 | R66: 0 | S66: 0 | T66: 0 | U66: =IFERROR(I66/H66,0) -> 0 | V66: =IFERROR(SUM(H66+L66)/G66,0) -> 0
A67: Torian Fields | B67: Devin Gould | C67: Maria Farley | D67: Y | F67: Maria Farley | G67: 4 | H67: 3 | I67: 0 | J67: 0 | K67: 0 | L67: 1 | M67: 0 | N67: 0 | O67: 0 | P67: 4 | Q67: 0 | R67: 0 | S67: 0 | T67: 0 | U67: =IFERROR(I67/H67,0) -> 0 | V67: =IFERROR(SUM(H67+L67)/G67,0) -> 1
A68: Torian Fields | B68: Devin Gould | C68: Maria Farley | F68: Deanna Delgado | G68: 0 | H68: 0 | I68: 0 | J68: 0 | K68: 0 | L68: 0 | M68: 0 | N68: 0 | O68: 0 | P68: 0 | Q68: 0 | R68: 0 | S68: 0 | T68: 0 | U68: =IFERROR(I68/H68,0) -> 0 | V68: =IFERROR(SUM(H68+L68)/G68,0) -> 0
A69: Torian Fields | B69: Devin Gould | C69: Maria Farley | F69: Anya White | G69: 0 | H69: 0 | I69: 0 | J69: 0 | K69: 0 | L69: 0 | M69: 0 | N69: 0 | O69: 0 | P69: 0 | Q69: 0 | R69: 0 | S69: 0 | T69: 0 | U69: =IFERROR(I69/H69,0) -> 0 | V69: =IFERROR(SUM(H69+L69)/G69,0) -> 0
A70: Torian Fields | B70: Mikaela Hayes | D70: Y | F70: Mikaela Hayes | G70: 0 | H70: 0 | I70: 0 | J70: 0 | K70: 0 | L70: 0 | M70: 0 | N70: 0 | O70: 0 | P70: 0 | Q70: 0 | R70: 0 | S70: 0 | T70: 0 | U70: =IFERROR(I70/H70,0) -> 0 | V70: =IFERROR(SUM(H70+L70)/G70,0) -> 0
A71: Torian Fields | B71: Mikaela Hayes | F71: Olivia Ruble | G71: 0 | H71: 0 | I71: 0 | J71: 0 | K71: 0 | L71: 0 | M71: 0 | N71: 0 | O71: 0 | P71: 0 | Q71: 0 | R71: 0 | S71: 0 | T71: 0 | U71: =IFERROR(I71/H71,0) -> 0 | V71: =IFERROR(SUM(H71+L71)/G71,0) -> 0
A72: Torian Fields | B72: Mikaela Hayes | F72: Jaedeen Perez | G72: 0 | H72: 0 | I72: 0 | J72: 0 | K72: 0 | L72: 0 | M72: 0 | N72: 0 | O72: 0 | P72: 0 | Q72: 0 | R72: 0 | S72: 0 | T72: 0 | U72: =IFERROR(I72/H72,0) -> 0 | V72: =IFERROR(SUM(H72+L72)/G72,0) -> 0
A73: Torian Fields | B73: Mikaela Hayes | F73: Kelsey Folcarelli | G73: 0 | H73: 0 | I73: 0 | J73: 0 | K73: 0 | L73: 0 | M73: 0 | N73: 0 | O73: 0 | P73: 0 | Q73: 0 | R73: 0 | S73: 0 | T73: 0 | U73: =IFERROR(I73/H73,0) -> 0 | V73: =IFERROR(SUM(H73+L73)/G73,0) -> 0
A74: Torian Fields | B74: Mikaela Hayes | C74: Deandre Barber | D74: Y | F74: Deandre Barber | G74: 0 | H74: 0 | I74: 0 | J74: 0 | K74: 0 | L74: 0 | M74: 0 | N74: 0 | O74: 0 | P74: 0 | Q74: 0 | R74: 0 | S74: 0 | T74: 0 | U74: =IFERROR(I74/H74,0) -> 0 | V74: =IFERROR(SUM(H74+L74)/G74,0) -> 0

Sheet Tues 
C1: ALP | E1: LEADERSHIP ALP | F1: Appts | G1: Pres | H1: Sales | I1: POS SITS | J1: POS SA | K1: VET SITS | L1: VET SA | M1: REF OBT | N1: REF SITS | O1: REF SA | P1: OTS SITS | Q1: OTS SA | R1: N1
B2: RUST RGA | C2: =SUM(C5,C14,C17) -> 1915 | E2: =SUM(E5,E14,E17) -> 0 | F2: =SUM(F5,F14,F17) -> 15 | G2: =SUM(G5,G14,G17) -> 5 | H2: =SUM(H5,H14,H17) -> 2 | I2: =SUM(I5,I14,I17) -> 0 | J2: =SUM(J5,J14,J17) -> 0 | K2: =SUM(K5,K14,K17) -> 2 | L2: =SUM(L5,L14,L17) -> 1 | ... R2: =SUM(R5,R14,R17) -> 1
C3: # of Agents | E3: ALP per sale | F3: Show Rate | G3: Close Ratio | H3: ALP/Agent | J3: POS Close | L3: VET Close | M3: REF Per Sit | O3: REF Close | Q3: OTS Close
C4: =SUM(C7,C19,C16) -> 45 | E4: =IFERROR(C2/H2,0) -> 957.5 | F4: =IFERROR((G2+R2)/F2,0) -> 0.4 | G4: =IFERROR(H2/G2,0) -> 0.4 | H4: =(C2/C4) -> 42.555556 | J4: =IFERROR(J2/I2,0) -> 0 | L4: =IFERROR(L2/K2,0) -> 0.5 | M4: =IFERROR(M2/G2,0) -> 2.6 | O4: =IFERROR(O2/N2,0) -> 1 | Q4: =IFERROR(Q2/P2,0) -> 0
B5: Ashley Rust | C5: =SUMIF(A:A,B5,T:T) -> 0 | E5: =SUMIFS(T:T,A:A,B5,D:D,"Y") -> 0 | F5: =SUMIF(A:A,B5,G:G) -> 8 | G5: =SUMIF(A:A,B5,H:H) -> 2 | H5: =SUMIF(A:A,B5,I:I) -> 0 | I5: =SUMIF(A:A,B5,P:P) -> 0 | J5: =SUMIF(A:A,B5,Q:Q) -> 0 | K5: =SUMIF(A:A,B5,R:R) -> 0 | L5: =SUMIF(A:A,B5,S:S) -> 0 | M5: =SUMIF(A:A,B5,M:M) -> 9 | N5: =SUMIF(A:A,B5,N:N) -> 0 | O5: =SUMIF(A:A,B5,O:O) -> 0 | P5: =SUMIF(A:A,B5,J:J) -> 1 | Q5: =SUMIF(A:A,B5,K:K) -> 0 | R5: =SUMIF(A:A,B5,L:L) -> 1
C6: # of Agents | E6: ALP per sale | F6: Show Rate | G6: Close Ratio | H6: ALP/Agent | J6: POS Close | L6: VET Close | M6: REF Per Sit | O6: REF Close | Q6: OTS Close
C7: =COUNTIFS(A:A,B5) -> 19 | E7: =IFERROR(C5/H5,0) -> 0 | F7: =IFERROR((G5+R5)/F5,0) -> 0.375 | G7: =IFERROR(H5/G5,0) -> 0 | H7: =(C5/C7) -> 0 | J7: =IFERROR(J5/I5,0) -> 0 | L7: =IFERROR(L5/K5,0) -> 0 | M7: =IFERROR(M5/SUM(R5+G5,0),"") -> 3 | O7: =IFERROR(O5/N5,0) -> 0 | Q7: =IFERROR(Q5/P5,0) -> 0
B8: Troy Williams | C8: =SUMIF(B:B,B8,T:T) -> 0 | E8: =SUMIFS(T:T,B:B,B8,D:D,"Y") -> 0 | F8: =SUMIF(B39:B1137,B8,G39:G1137) -> 0 | G8: =SUMIF(B39:B1137,B8,H39:H1137) -> 0 | H8: =SUMIF(B39:B1137,B8,I39:I1137) -> 0 | I8: =SUMIF(B39:B1137,B8,P39:P1137) -> 0 | J8: =SUMIF(B39:B1137,B8,Q39:Q1137) -> 0 | K8: =SUMIF(B39:B1137,B8,R39:R1137) -> 0 | L8: =SUMIF(B39:B1137,B8,S39:S1137) -> 0 | M8: =SUMIF(B39:B1137,B8,M39:M1137) -> 0 | N8: =SUMIF(B39:B1137,B8,N39:N1137) -> 0 | O8: =SUMIF(B39:B1137,B8,O39:O1137) -> 0 | P8: =SUMIF(B39:B1137,B8,J39:J1137) -> 0 | Q8: =SUMIF(B39:B1137,B8,K39:K1137) -> 0 | R8: =SUMIF(B39:B1137,B8,L39:L1137) -> 0
C9: # of Agents | E9: ALP per sale | F9: Show Rate | G9: Close Ratio | H9: ALP/Agent | J9: POS Close | L9: VET Close | M9: REF Per Sit | O9: REF Close | Q9: OTS Close
C10: =COUNTIFS(B28:B1137,B8) -> 5 | E10: =IFERROR(C8/H8,0) -> 0 | F10: =IFERROR((G8+R8)/F8,0) -> 0 | G10: =IFERROR(H8/G8,0) -> 0 | H10: =(C8/C10) -> 0 | J10: =IFERROR(J8/I8,0) -> 0 | L10: =IFERROR(L8/K8,0) -> 0 | M10: =IFERROR(M8/SUM(G8+R8,0),"") | O10: =IFERROR(O8/N8,0) -> 0 | Q10: =IFERROR(Q8/P8,0) -> 0
B11: Karami Kovar | C11: =SUMIF(B:B,B11,T:T) -> 0 | E11: =SUMIFS(T:T,B:B,B11,D:D,"Y") -> 0 | F11: =SUMIF(B28:B1137,B11,G28:G1137) -> 6 | G11: =SUMIF(C28:C1137,C11,H28:H1137) -> 0 | H11: =SUMIF(D28:D1137,D11,I28:I1137) -> 0 | I11: =SUMIF(E28:E1137,E11,J28:J1137) -> 0 | J11: =SUMIF(F28:F1137,F11,K28:K1137) -> 0 | K11: =SUMIF(G28:G1137,G11,L28:L1137) -> 0 | L11: =SUMIF(H28:H1137,H11,M28:M1137) -> 0 | M11: =SUMIF(I28:I1137,I11,N28:N1137) -> 0 | ... R11: =SUMIF(N28:N1137,N11,S28:S1137) -> 1
C12: # of Agents | E12: ALP per sale | F12: Show Rate | G12: Close Ratio | H12: ALP/Agent | J12: POS Close | L12: VET Close | M12: REF Per Sit | O12: REF Close | Q12: OTS Close
C13: =COUNTIFS(B27:B1137,B11) -> 11 | E13: =IFERROR(C11/H11,0) -> 0 | F13: =IFERROR((G11+R11)/F11,0) -> 0.16666667 | G13: =IFERROR(H11/G11,0) -> 0 | H13: =(C11/C13) -> 0 | J13: =IFERROR(J11/I11,0) -> 0 | L13: =IFERROR(L11/K11,0) -> 0 | M13: =IFERROR(M11/SUM(G11+R11,0),"") -> 0 | O13: =IFERROR(O11/N11,0) -> 0 | Q13: =IFERROR(Q11/P11,0) -> 0
B14: Joy Vann-Austin | C14: =SUMIF(A:A,B14,T:T) -> 0 | E14: =SUMIFS(T:T,A:A,B14,D:D,"Y") -> 0 | F14: =SUMIF(A:A,B14,G:G) -> 1 | G14: =SUMIF(A:A,B14,H:H) -> 0 | H14: =SUMIF(A:A,B14,I:I) -> 0 | I14: =SUMIF(A:A,B14,P:P) -> 0 | J14: =SUMIF(A:A,B14,Q:Q) -> 0 | K14: =SUMIF(A:A,B14,R:R) -> 0 | L14: =SUMIF(A:A,B14,S:S) -> 0 | M14: =SUMIF(A:A,B14,M:M) -> 0 | N14: =SUMIF(A:A,B14,N:N) -> 0 | O14: =SUMIF(A:A,B14,O:O) -> 0 | P14: =SUMIF(A:A,B14,J:J) -> 0 | Q14: =SUMIF(A:A,B14,K:K) -> 0 | R14: =SUMIF(A:A,B14,L:L) -> 0
C15: # of Agents | E15: ALP per sale | F15: Show Rate | G15: Close Ratio | H15: ALP/Agent | J15: POS Close | L15: VET Close | M15: REF Per Sit | O15: REF Close | Q15: OTS Close
C16: =COUNTIFS(A:A,B14) -> 4 | E16: =IFERROR(C14/H14,0) -> 0 | F16: =IFERROR((G14+R14)/F14,0) -> 0 | G16: =IFERROR(H14/G14,0) -> 0 | H16: =(C14/C16) -> 0 | J16: =IFERROR(J14/I14,0) -> 0 | L16: =IFERROR(L14/K14,0) -> 0 | M16: =IFERROR(M14/SUM(R14+G14,0),"") | O16: =IFERROR(O14/N14,0) -> 0 | Q16: =IFERROR(Q14/P14,0) -> 0
B17: Torian Fields | C17: =SUMIF(A:A,B17,T:T) -> 1915 | E17: =SUMIFS(T:T,A:A,B17,D:D,"Y") -> 0 | F17: =SUMIF(A:A,B17,G:G) -> 6 | G17: =SUMIF(A:A,B17,H:H) -> 3 | H17: =SUMIF(A:A,B17,I:I) -> 2 | I17: =SUMIF(A:A,B17,P:P) -> 0 | J17: =SUMIF(A:A,B17,Q:Q) -> 0 | K17: =SUMIF(A:A,B17,R:R) -> 2 | L17: =SUMIF(A:A,B17,S:S) -> 1 | M17: =SUMIF(A:A,B17,M:M) -> 4 | N17: =SUMIF(A:A,B17,N:N) -> 1 | O17: =SUMIF(A:A,B17,O:O) -> 1 | P17: =SUMIF(A:A,B17,J:J) -> 1 | Q17: =SUMIF(A:A,B17,K:K) -> 0 | R17: =SUMIF(A:A,B17,L:L) -> 0
C18: # of Agents | E18: ALP per sale | F18: Show Rate | G18: Close Ratio | H18: ALP/Agent | J18: POS Close | L18: VET Close | M18: REF Per Sit | O18: REF Close | Q18: OTS Close
C19: =COUNTIFS(A:A,B17) -> 22 | E19: =IFERROR(C17/H17,0) -> 957.5 | F19: =IFERROR((G17+R17)/F17,0) -> 0.5 | G19: =IFERROR(H17/G17,0) -> 0.66666667 | H19: =(C17/C19) -> 87.045455 | J19: =IFERROR(J17/I17,0) -> 0 | L19: =IFERROR(L17/K17,0) -> 0.5 | M19: =IFERROR(M17/SUM(G17+R17,0),"") -> 1.3333333 | O19: =IFERROR(O17/N17,0) -> 1 | Q19: =IFERROR(Q17/P17,0) -> 0
B20: Devin Gould | C20: =SUMIF(B:B,B20,T:T) -> 1915 | E20: =SUMIFS(T:T,B:B,B20,D:D,"Y") -> 0 | F20: =SUMIF(B47:B1137,B20,G47:G1137) -> 6 | G20: =SUMIF(B47:B1137,B20,H47:H1137) -> 3 | H20: =SUMIF(B47:B1137,B20,I47:I1137) -> 2 | I20: =SUMIF(B47:B1137,B20,P47:P1137) -> 0 | J20: =SUMIF(B47:B1137,B20,Q47:Q1137) -> 0 | K20: =SUMIF(B47:B1137,B20,R47:R1137) -> 2 | L20: =SUMIF(B47:B1137,B20,S47:S1137) -> 1 | M20: =SUMIF(B47:B1137,B20,M47:M1137) -> 4 | N20: =SUMIF(B47:B1137,B20,N47:N1137) -> 1 | O20: =SUMIF(B47:B1137,B20,O47:O1137) -> 1 | P20: =SUMIF(B47:B1137,B20,J47:J1137) -> 1 | Q20: =SUMIF(B47:B1137,B20,K47:K1137) -> 0 | R20: =SUMIF(B47:B1137,B20,L47:L1137) -> 0
C21: # of Agents | E21: ALP per sale | F21: Show Rate | G21: Close Ratio | H21: ALP/Agent | J21: POS Close | L21: VET Close | M21: REF Per Sit | O21: REF Close | Q21: OTS Close
C22: =COUNTIFS(B28:B1137,B20) -> 14 | E22: =IFERROR(C20/H20,0) -> 957.5 | F22: =IFERROR((G20+R20)/F20,0) -> 0.5 | G22: =IFERROR(H20/G20,0) -> 0.66666667 | H22: =(C20/C22) -> 136.78571 | J22: =IFERROR(J20/I20,0) -> 0 | L22: =IFERROR(L20/K20,0) -> 0.5 | M22: =IFERROR(M20/SUM(G20+R20,0),"") -> 1.3333333 | O22: =IFERROR(O20/N20,0) -> 1 | Q22: =IFERROR(Q20/P20,0) -> 0
B23: Mikaela Hayes | C23: =SUMIF(B:B,B23,T:T) -> 0 | E23: =SUMIFS(T:T,B:B,B23,D:D,"Y") -> 0 | F23: =SUMIF(B50:B1137,B23,G50:G1137) -> 0 | G23: =SUMIF(B50:B1137,B23,H50:H1137) -> 0 | H23: =SUMIF(B50:B1137,B23,I50:I1137) -> 0 | I23: =SUMIF(B50:B1137,B23,P50:P1137) -> 0 | J23: =SUMIF(B50:B1137,B23,Q50:Q1137) -> 0 | K23: =SUMIF(B50:B1137,B23,R50:R1137) -> 0 | L23: =SUMIF(B50:B1137,B23,S50:S1137) -> 0 | M23: =SUMIF(B50:B1137,B23,M50:M1137) -> 0 | N23: =SUMIF(B50:B1137,B23,N50:N1137) -> 0 | O23: =SUMIF(B50:B1137,B23,O50:O1137) -> 0 | P23: =SUMIF(B50:B1137,B23,J50:J1137) -> 0 | Q23: =SUMIF(B50:B1137,B23,K50:K1137) -> 0 | R23: =SUMIF(B50:B1137,B23,L50:L1137) -> 0
C24: # of Agents | E24: ALP per sale | F24: Show Rate | G24: Close Ratio | H24: ALP/Agent | J24: POS Close | L24: VET Close | M24: REF Per Sit | O24: REF Close | Q24: OTS Close
C25: =COUNTIFS(B33:B1137,B23) -> 5 | E25: =IFERROR(C23/H23,0) -> 0 | F25: =IFERROR((G23+R23)/F23,0) -> 0 | G25: =IFERROR(H23/G23,0) -> 0 | H25: =(C23/C25) -> 0 | J25: =IFERROR(J23/I23,0) -> 0 | L25: =IFERROR(L23/K23,0) -> 0 | M25: =IFERROR(M23/SUM(G23+R23,0),"") | O25: =IFERROR(O23/N23,0) -> 0 | Q25: =IFERROR(Q23/P23,0) -> 0
A27: MGA | B27: GA | C27: SA | E27: State | F27: Agent | G27: SETS | H27: SITS | I27: SALES | J27: OTS SITS | K27: OTS SALES | L27: N1 | M27: REF OBT | N27: REF SITS | O27: REF SALES | P27: POS SITS | Q27: POS SALES | R27: VETS SITS | S27: VET SALES | T27: ALP | U27: Close | V27: Show | W27: Code Date
A28: Ashley Rust | D28: Y | F28: Ashley Rust | U28: =IFERROR(I28/H28,0) -> 0 | V28: =IFERROR(SUM(H28+L28)/G28,0) -> 0
A29: Ashley Rust | F29: Karly Kelly | U29: =IFERROR(I29/H29,0) -> 0 | V29: =IFERROR(SUM(H29+L29)/G29,0) -> 0
A30: Ashley Rust | F30: Andrea Mulder | G30: 2 | H30: 1 | I30: 0 | J30: 1 | K30: 0 | L30: 1 | M30: 0 | N30: 0 | O30: 0 | P30: 0 | Q30: 0 | R30: 0 | S30: 0 | T30: 0 | U30: =IFERROR(I30/H30,0) -> 0 | V30: =IFERROR(SUM(H30+L30)/G30,0) -> 1
A31: Ashley Rust | B31: Karami Kovar | D31: Y | F31: Karami Kovar | U31: =IFERROR(I31/H31,0) -> 0 | V31: =IFERROR(SUM(H31+L31)/G31,0) -> 0
A32: Ashley Rust | B32: Karami Kovar | F32: Bridgett McDaniels Russell | U32: =IFERROR(I32/H32,0) -> 0 | V32: =IFERROR(SUM(H32+L32)/G32,0) -> 0
A33: Ashley Rust | B33: Karami Kovar | C33: Jasmine Marquez | D33: Y | F33: Jasmine Marquez | G33: 0 | H33: 0 | I33: 0 | J33: 0 | K33: 0 | L33: 0 | M33: 0 | N33: 0 | O33: 0 | P33: 0 | Q33: 0 | R33: 0 | S33: 0 | T33: 0 | U33: =IFERROR(I33/H33,0) -> 0 | V33: =IFERROR(SUM(H33+L33)/G33,0) -> 0
A34: Ashley Rust | B34: Karami Kovar | C34: Jasmine Marquez | F34: Ashley Varner-Warren | G34: 1 | H34: 0 | I34: 0 | J34: 0 | K34: 0 | L34: 0 | M34: 0 | N34: 0 | O34: 0 | P34: 0 | Q34: 0 | R34: 0 | S34: 0 | T34: 0 | U34: =IFERROR(I34/H34,0) -> 0 | V34: =IFERROR(SUM(H34+L34)/G34,0) -> 0
A35: Ashley Rust | B35: Karami Kovar | C35: Jasmine Marquez | F35: Kristen Walton | G35: 3 | H35: 1 | I35: 0 | J35: 0 | K35: 0 | L35: 0 | M35: 9 | N35: 0 | O35: 0 | P35: 0 | Q35: 0 | R35: 0 | S35: 0 | T35: 0 | U35: 0 | V35: =IFERROR(SUM(H35+L35)/G35,0) -> 0.33333333
A36: Ashley Rust | B36: Karami Kovar | C36: Jasmine Marquez | F36: Sara Subo | G36: 0 | H36: 0 | I36: 0 | J36: 0 | K36: 0 | L36: 0 | M36: 0 | N36: 0 | O36: 0 | P36: 0 | Q36: 0 | R36: 0 | S36: 0 | T36: 0 | U36: =IFERROR(I36/H36,0) -> 0 | V36: =IFERROR(SUM(H36+L36)/G36,0) -> 0
A37: Ashley Rust | B37: Karami Kovar | C37: Jasmine Marquez | F37: Thomas Kirk | G37: 0 | H37: 0 | I37: 0 | J37: 0 | K37: 0 | L37: 0 | M37: 0 | N37: 0 | O37: 0 | P37: 0 | Q37: 0 | R37: 0 | S37: 0 | T37: 0 | U37: =IFERROR(I37/H37,0) -> 0 | V37: =IFERROR(SUM(H37+L37)/G37,0) -> 0
A38: Ashley Rust | B38: Karami Kovar | C38: Jasmine Marquez | F38: Isabela Maneiro | G38: 2 | H38: 0 | I38: 0 | J38: 0 | K38: 0 | L38: 0 | M38: 0 | N38: 0 | O38: 0 | P38: 0 | Q38: 0 | R38: 0 | S38: 0 | T38: 0 | U38: =IFERROR(I38/H38,0) -> 0 | V38: =IFERROR(SUM(H38+L38)/G38,0) -> 0
A39: Ashley Rust | B39: Karami Kovar | C39: Ryan Cummings | D39: Y | F39: Ryan Cummings | U39: =IFERROR(I39/H39,0) -> 0 | V39: =IFERROR(SUM(H39+L39)/G39,0) -> 0
A40: Ashley Rust | B40: Karami Kovar | C40: Ryan Cummings | F40: Charlie Hudson | U40: =IFERROR(I40/H40,0) -> 0 | V40: =IFERROR(SUM(H40+L40)/G40,0) -> 0
A41: Ashley Rust | B41: Karami Kovar | C41: Ryan Cummings | F41: Bayle Kizer | U41: =IFERROR(I41/H41,0) -> 0 | V41: =IFERROR(SUM(H41+L41)/G41,0) -> 0
A42: Ashley Rust | B42: Troy Williams | D42: Y | F42: Troy Williams | U42: =IFERROR(I42/H42,0) -> 0 | V42: =IFERROR(SUM(H42+L42)/G42,0) -> 0
A43: Ashley Rust | B43: Troy Williams | F43: Janice Elgedawy | U43: =IFERROR(I43/H43,0) -> 0 | V43: =IFERROR(SUM(H43+L43)/G43,0) -> 0
A44: Ashley Rust | B44: Troy Williams | F44: Garland Simrel | U44: =IFERROR(I44/H44,0) -> 0 | V44: =IFERROR(SUM(H44+L44)/G44,0) -> 0
A45: Ashley Rust | B45: Troy Williams | F45: Sherita Thompson | U45: =IFERROR(I45/H45,0) -> 0 | V45: =IFERROR(SUM(H45+L45)/G45,0) -> 0
A46: Ashley Rust | B46: Troy Williams | F46: Kay Finch | U46: =IFERROR(I46/H46,0) -> 0 | V46: =IFERROR(SUM(H46+L46)/G46,0) -> 0
A47: MGA | B47: GA | C47: SA | E47: State | F47: Agent | G47: SETS | H47: SITS | I47: SALES | J47: OTS SITS | K47: OTS SALES | L47: N1 | M47: REF OBT | N47: REF SITS | O47: REF SALES | P47: POS SITS | Q47: POS SALES | R47: VETS SITS | S47: VET SALES | T47: ALP | U47: Close | V47: Show
A48: Joy Vann-Austin | D48: Y | F48: Joy Vann-Austin | U48: =IFERROR(I48/H48,0) -> 0 | V48: =IFERROR(SUM(H48+L48)/G48,0) -> 0
A49: Joy Vann-Austin | F49: Courtney Morse | U49: =IFERROR(I49/H49,0) -> 0 | V49: =IFERROR(SUM(H49+L49)/G49,0) -> 0
A50: Joy Vann-Austin | C50: Shayla Williamson | D50: Y | F50: Shayla Williamson | G50: 1 | H50: 0 | I50: 0 | J50: 0 | K50: 0 | L50: 0 | M50: 0 | N50: 0 | O50: 0 | P50: 0 | Q50: 0 | R50: 0 | S50: 0 | T50: 0 | U50: =IFERROR(I50/H50,0) -> 0 | V50: =IFERROR(SUM(H50+L50)/G50,0) -> 0
A51: Joy Vann-Austin | C51: Shayla Williamson | F51: Jared Kelly | U51: =IFERROR(I51/H51,0) -> 0 | V51: =IFERROR(SUM(H51+L51)/G51,0) -> 0
A52: MGA | B52: GA | C52: SA | E52: State | F52: Agent | G52: SETS | H52: SITS | I52: SALES | J52: OTS SITS | K52: OTS SALES | L52: N1 | M52: REF OBT | N52: REF SITS | O52: REF SALES | P52: POS SITS | Q52: POS SALES | R52: VETS SITS | S52: VET SALES | T52: ALP | U52: Close | V52: Show
A53: Torian Fields | D53: Y | F53: Torian Fields | G53: 0 | H53: 0 | I53: 0 | J53: 0 | K53: 0 | L53: 0 | M53: 0 | N53: 0 | O53: 0 | P53: 0 | Q53: 0 | R53: 0 | S53: 0 | T53: 0 | U53: =IFERROR(I53/H53,0) -> 0 | V53: =IFERROR(SUM(H53+L53)/G53,0) -> 0
A54: Torian Fields | F54: Martin Austin | G54: 0 | H54: 0 | I54: 0 | J54: 0 | K54: 0 | L54: 0 | M54: 0 | N54: 0 | O54: 0 | P54: 0 | Q54: 0 | R54: 0 | S54: 0 | T54: 0 | U54: =IFERROR(I54/H54,0) -> 0 | V54: =IFERROR(SUM(H54+L54)/G54,0) -> 0
A55: Torian Fields | F55: Harley Negrete | G55: 0 | H55: 0 | I55: 0 | J55: 0 | K55: 0 | L55: 0 | M55: 0 | N55: 0 | O55: 0 | P55: 0 | Q55: 0 | R55: 0 | S55: 0 | T55: 0 | U55: =IFERROR(I55/H55,0) -> 0 | V55: =IFERROR(SUM(H55+L55)/G55,0) -> 0
A56: Torian Fields | B56: Devin Gould | D56: Y | F56: Devin Gould | G56: 2 | H56: 1 | I56: 0 | J56: 1 | K56: 0 | L56: 0 | M56: 1 | N56: 0 | O56: 0 | P56: 0 | Q56: 0 | R56: 1 | S56: 0 | T56: 0 | U56: =IFERROR(I56/H56,0) -> 0 | V56: =IFERROR(SUM(H56+L56)/G56,0) -> 0.5
A57: Torian Fields | B57: Devin Gould | F57: Mariah Ruff | G57: 0 | H57: 0 | I57: 0 | J57: 0 | K57: 0 | L57: 0 | M57: 0 | N57: 0 | O57: 0 | P57: 0 | Q57: 0 | R57: 0 | S57: 0 | T57: 0 | U57: =IFERROR(I57/H57,0) -> 0 | V57: =IFERROR(SUM(H57+L57)/G57,0) -> 0
A58: Torian Fields | B58: Devin Gould | F58: Dontae Reeves | G58: 0 | H58: 0 | I58: 0 | J58: 0 | K58: 0 | L58: 0 | M58: 0 | N58: 0 | O58: 0 | P58: 0 | Q58: 0 | R58: 0 | S58: 0 | T58: 0 | U58: =IFERROR(I58/H58,0) -> 0 | V58: =IFERROR(SUM(H58+L58)/G58,0) -> 0
A59: Torian Fields | B59: Devin Gould | F59: Lisa Berry | G59: 0 | H59: 0 | I59: 0 | J59: 0 | K59: 0 | L59: 0 | M59: 0 | N59: 0 | O59: 0 | P59: 0 | Q59: 0 | R59: 0 | S59: 0 | T59: 0 | U59: =IFERROR(I59/H59,0) -> 0 | V59: =IFERROR(SUM(H59+L59)/G59,0) -> 0
A60: Torian Fields | B60: Devin Gould | C60: Abdur-Rahmaan Yaseen | D60: Y | F60: Abdur-Rahmaan Yaseen | G60: 0 | H60: 0 | I60: 0 | J60: 0 | K60: 0 | L60: 0 | M60: 0 | N60: 0 | O60: 0 | P60: 0 | Q60: 0 | R60: 0 | S60: 0 | T60: 0 | U60: =IFERROR(I60/H60,0) -> 0 | V60: =IFERROR(SUM(H60+L60)/G60,0) -> 0
A61: Torian Fields | B61: Devin Gould | C61: Abdur-Rahmaan Yaseen | F61: Anthony Golino | G61: 4 | H61: 2 | I61: 2 | J61: 0 | K61: 0 | L61: 0 | M61: 3 | N61: 1 | O61: 1 | P61: 0 | Q61: 0 | R61: 1 | S61: 1 | T61: 1915 | U61: =IFERROR(I61/H61,0) -> 1 | V61: =IFERROR(SUM(H61+L61)/G61,0) -> 0.5
A62: Torian Fields | B62: Devin Gould | C62: Abdur-Rahmaan Yaseen | F62: Cameron Platt | G62: 0 | H62: 0 | I62: 0 | J62: 0 | K62: 0 | L62: 0 | M62: 0 | N62: 0 | O62: 0 | P62: 0 | Q62: 0 | R62: 0 | S62: 0 | T62: 0 | U62: =IFERROR(I62/H62,0) -> 0 | V62: =IFERROR(SUM(H62+L62)/G62,0) -> 0
A63: Torian Fields | B63: Devin Gould | C63: Abdur-Rahmaan Yaseen | F63: Taylor Waldrip | G63: 0 | H63: 0 | I63: 0 | J63: 0 | K63: 0 | L63: 0 | M63: 0 | N63: 0 | O63: 0 | P63: 0 | Q63: 0 | R63: 0 | S63: 0 | T63: 0 | U63: =IFERROR(I63/H63,0) -> 0 | V63: =IFERROR(SUM(H63+L63)/G63,0) -> 0
A64: Torian Fields | B64: Devin Gould | C64: Abdur-Rahmaan Yaseen | F64: Jeton Ajvazi | G64: 0 | H64: 0 | I64: 0 | J64: 0 | K64: 0 | L64: 0 | M64: 0 | N64: 0 | O64: 0 | P64: 0 | Q64: 0 | R64: 0 | S64: 0 | T64: 0 | U64: =IFERROR(I64/H64,0) -> 0 | V64: =IFERROR(SUM(H64+L64)/G64,0) -> 0
A65: Torian Fields | B65: Devin Gould | C65: Abdur-Rahmaan Yaseen | F65: Jillian Graham | G65: 0 | H65: 0 | I65: 0 | J65: 0 | K65: 0 | L65: 0 | M65: 0 | N65: 0 | O65: 0 | P65: 0 | Q65: 0 | R65: 0 | S65: 0 | T65: 0 | U65: =IFERROR(I65/H65,0) -> 0 | V65: =IFERROR(SUM(H65+L65)/G65,0) -> 0
A66: Torian Fields | B66: Devin Gould | C66: Bryson Brewer | D66: Y | F66: Bryson Brewer | G66: 0 | H66: 0 | I66: 0 | J66: 0 | K66: 0 | L66: 0 | M66: 0 | N66: 0 | O66: 0 | P66: 0 | Q66: 0 | R66: 0 | S66: 0 | T66: 0 | U66: =IFERROR(I66/H66,0) -> 0 | V66: =IFERROR(SUM(H66+L66)/G66,0) -> 0
A67: Torian Fields | B67: Devin Gould | C67: Maria Farley | D67: Y | F67: Maria Farley | G67: 0 | H67: 0 | I67: 0 | J67: 0 | K67: 0 | L67: 0 | M67: 0 | N67: 0 | O67: 0 | P67: 0 | Q67: 0 | R67: 0 | S67: 0 | T67: 0 | U67: =IFERROR(I67/H67,0) -> 0 | V67: =IFERROR(SUM(H67+L67)/G67,0) -> 0
A68: Torian Fields | B68: Devin Gould | C68: Maria Farley | F68: Deanna Delgado | G68: 0 | H68: 0 | I68: 0 | J68: 0 | K68: 0 | L68: 0 | M68: 0 | N68: 0 | O68: 0 | P68: 0 | Q68: 0 | R68: 0 | S68: 0 | T68: 0 | U68: =IFERROR(I68/H68,0) -> 0 | V68: =IFERROR(SUM(H68+L68)/G68,0) -> 0
A69: Torian Fields | B69: Devin Gould | C69: Maria Farley | F69: Anya White | G69: 0 | H69: 0 | I69: 0 | J69: 0 | K69: 0 | L69: 0 | M69: 0 | N69: 0 | O69: 0 | P69: 0 | Q69: 0 | R69: 0 | S69: 0 | T69: 0 | U69: =IFERROR(I69/H69,0) -> 0 | V69: =IFERROR(SUM(H69+L69)/G69,0) -> 0
A70: Torian Fields | B70: Mikaela Hayes | D70: Y | F70: Mikaela Hayes | G70: 0 | H70: 0 | I70: 0 | J70: 0 | K70: 0 | L70: 0 | M70: 0 | N70: 0 | O70: 0 | P70: 0 | Q70: 0 | R70: 0 | S70: 0 | T70: 0 | U70: =IFERROR(I70/H70,0) -> 0 | V70: =IFERROR(SUM(H70+L70)/G70,0) -> 0
A71: Torian Fields | B71: Mikaela Hayes | F71: Olivia Ruble | G71: 0 | H71: 0 | I71: 0 | J71: 0 | K71: 0 | L71: 0 | M71: 0 | N71: 0 | O71: 0 | P71: 0 | Q71: 0 | R71: 0 | S71: 0 | T71: 0 | U71: =IFERROR(I71/H71,0) -> 0 | V71: =IFERROR(SUM(H71+L71)/G71,0) -> 0
A72: Torian Fields | B72: Mikaela Hayes | F72: Jaedeen Perez | G72: 0 | H72: 0 | I72: 0 | J72: 0 | K72: 0 | L72: 0 | M72: 0 | N72: 0 | O72: 0 | P72: 0 | Q72: 0 | R72: 0 | S72: 0 | T72: 0 | U72: =IFERROR(I72/H72,0) -> 0 | V72: =IFERROR(SUM(H72+L72)/G72,0) -> 0
A73: Torian Fields | B73: Mikaela Hayes | F73: Kelsey Folcarelli | G73: 0 | H73: 0 | I73: 0 | J73: 0 | K73: 0 | L73: 0 | M73: 0 | N73: 0 | O73: 0 | P73: 0 | Q73: 0 | R73: 0 | S73: 0 | T73: 0 | U73: =IFERROR(I73/H73,0) -> 0 | V73: =IFERROR(SUM(H73+L73)/G73,0) -> 0
A74: Torian Fields | B74: Mikaela Hayes | C74: Deandre Barber | D74: Y | F74: Deandre Barber | G74: 0 | H74: 0 | I74: 0 | J74: 0 | K74: 0 | L74: 0 | M74: 0 | N74: 0 | O74: 0 | P74: 0 | Q74: 0 | R74: 0 | S74: 0 | T74: 0 | U74: =IFERROR(I74/H74,0) -> 0 | V74: =IFERROR(SUM(H74+L74)/G74,0) -> 0

Sheet Wed (2)
C1: ALP | E1: LEADERSHIP ALP | F1: Appts | G1: Pres | H1: Sales | I1: POS SITS | J1: POS SA | K1: VET SITS | L1: VET SA | M1: REF OBT | N1: REF SITS | O1: REF SA | P1: OTS SITS | Q1: OTS SA | R1: N1
B2: RUST RGA | C2: =SUM(C5,C14,C17) -> 0 | E2: =SUM(E5,E14,E17) -> 0 | F2: =SUM(F5,F14,F17) -> 1 | G2: =SUM(G5,G14,G17) -> 1 | H2: =SUM(H5,H14,H17) -> 0 | I2: =SUM(I5,I14,I17) -> 0 | J2: =SUM(J5,J14,J17) -> 0 | K2: =SUM(K5,K14,K17) -> 1 | L2: =SUM(L5,L14,L17) -> 0 | ... R2: =SUM(R5,R14,R17) -> 0
C3: # of Agents | E3: ALP per sale | F3: Show Rate | G3: Close Ratio | H3: ALP/Agent | J3: POS Close | L3: VET Close | M3: REF Per Sit | O3: REF Close | Q3: OTS Close
C4: =SUM(C7,C19,C16) -> 45 | E4: =IFERROR(C2/H2,0) -> 0 | F4: =IFERROR((G2+R2)/F2,0) -> 1 | G4: =IFERROR(H2/G2,0) -> 0 | H4: =(C2/C4) -> 0 | J4: =IFERROR(J2/I2,0) -> 0 | L4: =IFERROR(L2/K2,0) -> 0 | M4: =IFERROR(M2/G2,0) -> 3 | O4: =IFERROR(O2/N2,0) -> 0 | Q4: =IFERROR(Q2/P2,0) -> 0
B5: Ashley Rust | C5: =SUMIF(A:A,B5,T:T) -> 0 | E5: =SUMIFS(T:T,A:A,B5,D:D,"Y") -> 0 | F5: =SUMIF(A:A,B5,G:G) -> 0 | G5: =SUMIF(A:A,B5,H:H) -> 0 | H5: =SUMIF(A:A,B5,I:I) -> 0 | I5: =SUMIF(A:A,B5,P:P) -> 0 | J5: =SUMIF(A:A,B5,Q:Q) -> 0 | K5: =SUMIF(A:A,B5,R:R) -> 0 | L5: =SUMIF(A:A,B5,S:S) -> 0 | M5: =SUMIF(A:A,B5,M:M) -> 0 | N5: =SUMIF(A:A,B5,N:N) -> 0 | O5: =SUMIF(A:A,B5,O:O) -> 0 | P5: =SUMIF(A:A,B5,J:J) -> 0 | Q5: =SUMIF(A:A,B5,K:K) -> 0 | R5: =SUMIF(A:A,B5,L:L) -> 0
C6: # of Agents | E6: ALP per sale | F6: Show Rate | G6: Close Ratio | H6: ALP/Agent | J6: POS Close | L6: VET Close | M6: REF Per Sit | O6: REF Close | Q6: OTS Close
C7: =COUNTIFS(A:A,B5) -> 19 | E7: =IFERROR(C5/H5,0) -> 0 | F7: =IFERROR((G5+R5)/F5,0) -> 0 | G7: =IFERROR(H5/G5,0) -> 0 | H7: =(C5/C7) -> 0 | J7: =IFERROR(J5/I5,0) -> 0 | L7: =IFERROR(L5/K5,0) -> 0 | M7: =IFERROR(M5/SUM(R5+G5,0),"") | O7: =IFERROR(O5/N5,0) -> 0 | Q7: =IFERROR(Q5/P5,0) -> 0
B8: Troy Williams | C8: =SUMIF(B:B,B8,T:T) -> 0 | E8: =SUMIFS(T:T,B:B,B8,D:D,"Y") -> 0 | F8: =SUMIF(B39:B1137,B8,G39:G1137) -> 0 | G8: =SUMIF(B39:B1137,B8,H39:H1137) -> 0 | H8: =SUMIF(B39:B1137,B8,I39:I1137) -> 0 | I8: =SUMIF(B39:B1137,B8,P39:P1137) -> 0 | J8: =SUMIF(B39:B1137,B8,Q39:Q1137) -> 0 | K8: =SUMIF(B39:B1137,B8,R39:R1137) -> 0 | L8: =SUMIF(B39:B1137,B8,S39:S1137) -> 0 | M8: =SUMIF(B39:B1137,B8,M39:M1137) -> 0 | N8: =SUMIF(B39:B1137,B8,N39:N1137) -> 0 | O8: =SUMIF(B39:B1137,B8,O39:O1137) -> 0 | P8: =SUMIF(B39:B1137,B8,J39:J1137) -> 0 | Q8: =SUMIF(B39:B1137,B8,K39:K1137) -> 0 | R8: =SUMIF(B39:B1137,B8,L39:L1137) -> 0
